timestamp,pid,process_name,rss_mb,vms_mb,private_mb,working_set_mb,num_threads
2026-09-16 23:31:32,0,System Idle Process,0.01,0.06,,0.01,36
2026-09-16 23:31:32,4,System,4.34,0.05,,4.34,436
2026-09-16 23:31:32,188,,63.28,0.17,,63.28,0
2026-09-16 23:31:32,232,Registry,49.02,9.0,,49.02,4
2026-09-16 23:31:32,396,ArmouryCrate.UserSessionHelper.exe,38.91,35.93,,38.91,138
2026-09-16 23:31:32,704,GameInputSvc.exe,15.9,3.83,,15.9,7
2026-09-16 23:31:32,796,svchost.exe,28.2,10.43,,28.2,13
2026-09-16 23:31:32,828,smss.exe,1.32,1.14,,1.32,2
2026-09-16 23:31:32,1004,svchost.exe,11.06,7.42,,11.06,2
2026-09-16 23:31:32,1220,csrss.exe,7.08,2.43,,7.08,13
2026-09-16 23:31:32,1324,svchost.exe,12.26,4.03,,12.26,11
2026-09-16 23:31:32,1340,wininit.exe,9.41,1.81,,9.41,2
2026-09-16 23:31:32,1400,GameInputRedistService.exe,12.8,21.15,,12.8,10
2026-09-16 23:31:32,1408,services.exe,18.99,7.57,,18.99,10
2026-09-16 23:31:32,1428,LsaIso.exe,3.96,1.3,,3.96,1
2026-09-16 23:31:32,1436,lsass.exe,22.54,13.6,,22.54,11
2026-09-16 23:31:32,1448,FileCoAuth.exe,20.91,11.64,11.64,20.91,6
2026-09-16 23:31:32,1576,svchost.exe,39.2,17.95,,39.2,24
2026-09-16 23:31:32,1596,WUDFHost.exe,21.59,13.37,,21.59,20
2026-09-16 23:31:32,1628,fontdrvhost.exe,5.5,3.57,,5.5,5
2026-09-16 23:31:32,1704,svchost.exe,24.05,14.2,,24.05,11
2026-09-16 23:31:32,1760,svchost.exe,12.03,3.67,,12.03,6
2026-09-16 23:31:32,1768,dllhost.exe,20.91,2.78,2.78,20.91,4
2026-09-16 23:31:32,1812,WUDFHost.exe,14.35,4.5,,14.35,11
2026-09-16 23:31:32,1904,Adobe Crash Processor.exe,11.88,2.22,2.22,11.88,4
2026-09-16 23:31:32,2032,svchost.exe,6.76,1.41,,6.76,3
2026-09-16 23:31:32,2040,svchost.exe,6.59,2.39,,6.59,4
2026-09-16 23:31:32,2060,svchost.exe,10.26,2.86,,10.26,7
2026-09-16 23:31:32,2108,AsusCertService.exe,7.46,1.44,,7.46,4
2026-09-16 23:31:32,2156,svchost.exe,13.46,3.32,,13.46,6
2026-09-16 23:31:32,2176,svchost.exe,14.71,2.37,,14.71,3
2026-09-16 23:31:32,2300,svchost.exe,9.8,2.18,,9.8,4
2026-09-16 23:31:32,2308,IntelCpHDCPSvc.exe,7.03,1.44,,7.03,3
2026-09-16 23:31:32,2320,svchost.exe,11.62,3.19,,11.62,9
2026-09-16 23:31:32,2412,svchost.exe,22.51,8.7,,22.51,16
2026-09-16 23:31:32,2460,Code.exe,97.11,98.41,98.41,97.11,74
2026-09-16 23:31:32,2492,svchost.exe,13.73,3.17,,13.73,8
2026-09-16 23:31:32,2560,AsusOSD.exe,19.57,4.61,,19.57,3
2026-09-16 23:31:32,2580,SystemSettings.exe,130.45,140.15,140.15,130.45,45
2026-09-16 23:31:32,2624,Code.exe,48.45,105.57,105.57,48.45,31
2026-09-16 23:31:32,2680,svchost.exe,7.57,1.84,,7.57,3
2026-09-16 23:31:32,2964,svchost.exe,16.76,6.9,,16.76,9
2026-09-16 23:31:32,3004,NVDisplay.Container.exe,22.88,32.51,,22.88,39
2026-09-16 23:31:32,3040,python.exe,4.59,0.78,0.78,4.59,3
2026-09-16 23:31:32,3060,svchost.exe,7.27,1.55,,7.27,5
2026-09-16 23:31:32,3068,svchost.exe,20.28,17.69,,20.28,9
2026-09-16 23:31:32,3076,svchost.exe,10.07,2.1,,10.07,5
2026-09-16 23:31:32,3080,svchost.exe,8.74,3.77,,8.74,6
2026-09-16 23:31:32,3092,svchost.exe,13.48,2.57,,13.48,3
2026-09-16 23:31:32,3260,MemCompression,59.67,4.0,,59.67,58
2026-09-16 23:31:32,3316,svchost.exe,12.66,2.52,,12.66,3
2026-09-16 23:31:32,3324,svchost.exe,23.11,3.94,,23.11,8
2026-09-16 23:31:32,3340,brave.exe,66.19,28.32,28.32,66.19,21
2026-09-16 23:31:32,3420,svchost.exe,12.53,4.07,,12.53,3
2026-09-16 23:31:32,3428,svchost.exe,11.33,2.52,,11.33,7
2026-09-16 23:31:32,3444,svchost.exe,28.04,10.68,,28.04,8
2026-09-16 23:31:32,3476,WUDFHost.exe,11.76,2.9,,11.76,5
2026-09-16 23:31:32,3604,svchost.exe,24.34,5.44,,24.34,6
2026-09-16 23:31:32,3612,brave.exe,87.45,56.05,56.05,87.45,23
2026-09-16 23:31:33,3652,svchost.exe,10.66,2.01,,10.66,5
2026-09-16 23:31:33,3716,svchost.exe,8.75,1.66,,8.75,2
2026-09-16 23:31:33,3740,svchost.exe,8.32,1.96,,8.32,4
2026-09-16 23:31:33,3848,svchost.exe,26.93,25.65,,26.93,5
2026-09-16 23:31:33,3864,chrome.exe,385.32,348.75,348.75,385.32,30
2026-09-16 23:31:33,3872,svchost.exe,23.88,7.36,,23.88,15
2026-09-16 23:31:33,3904,AsusOptimization.exe,11.83,2.46,,11.83,10
2026-09-16 23:31:33,3912,svchost.exe,12.99,4.12,,12.99,6
2026-09-16 23:31:33,3996,VBoxSVC.exe,21.71,9.51,9.51,21.71,18
2026-09-16 23:31:33,4116,svchost.exe,9.13,2.11,,9.13,7
2026-09-16 23:31:33,4128,GlideXNearService.exe,14.05,3.94,,14.05,11
2026-09-16 23:31:33,4160,spoolsv.exe,13.24,8.84,,13.24,8
2026-09-16 23:31:33,4212,svchost.exe,24.04,14.64,,24.04,16
2026-09-16 23:31:33,4252,GameSDK.exe,8.35,1.84,,8.35,3
2026-09-16 23:31:33,4264,svchost.exe,25.47,13.82,,25.47,18
2026-09-16 23:31:33,4300,svchost.exe,17.69,4.11,,17.69,13
2026-09-16 23:31:33,4320,svchost.exe,9.52,1.93,,9.52,4
2026-09-16 23:31:33,4488,ArmouryCrateControlInterface.exe,11.87,2.46,,11.87,3
2026-09-16 23:31:33,4496,ArmouryCrate.Service.exe,35.79,62.64,,35.79,120
2026-09-16 23:31:33,4524,AdskLicensingService.exe,17.19,20.62,,17.19,13
2026-09-16 23:31:33,4532,AsusAppService.exe,7.93,5.72,,7.93,4
2026-09-16 23:31:33,4540,AsMsControl.exe,7.7,1.76,,7.7,1
2026-09-16 23:31:33,4636,AsusScreenXpertHostService.exe,5.02,5.27,,5.02,4
2026-09-16 23:31:33,4652,msedgewebview2.exe,13.14,8.62,8.62,13.14,10
2026-09-16 23:31:33,4656,AsusPTPService.exe,6.79,1.55,,6.79,4
2026-09-16 23:31:33,4668,AsusSoftwareManager.exe,21.12,4.55,,21.12,12
2026-09-16 23:31:33,4680,AsusSwitch.exe,9.41,2.1,,9.41,7
2026-09-16 23:31:33,4720,AggregatorHost.exe,12.73,2.95,,12.73,1
2026-09-16 23:31:33,4724,AsusSystemAnalysis.exe,19.05,5.39,,19.05,7
2026-09-16 23:31:33,4744,AsusSystemDiagnosis.exe,12.21,2.65,,12.21,2
2026-09-16 23:31:33,4752,AuraWallpaperService.exe,8.95,22.05,,8.95,8
2026-09-16 23:31:33,4808,GlideXRemoteService.exe,12.73,3.68,,12.73,5
2026-09-16 23:31:33,4832,svchost.exe,10.16,2.01,,10.16,5
2026-09-16 23:31:33,4848,AdskAccessServiceHost.exe,13.4,14.12,,13.4,8
2026-09-16 23:31:33,4864,svchost.exe,36.67,32.71,,36.67,13
2026-09-16 23:31:33,4900,DAX3API.exe,13.26,7.76,,13.26,10
2026-09-16 23:31:33,4916,svchost.exe,42.61,45.69,,42.61,18
2026-09-16 23:31:33,4936,ipfsvc.exe,6.76,1.68,,6.76,8
2026-09-16 23:31:33,4952,FNPLicensingService64.exe,10.51,3.39,,10.51,13
2026-09-16 23:31:33,5100,WMIRegistrationService.exe,15.2,3.18,,15.2,2
2026-09-16 23:31:33,5188,svchost.exe,27.29,19.91,,27.29,12
2026-09-16 23:31:33,5192,GlideXServiceExt.exe,6.81,3.31,,6.81,4
2026-09-16 23:31:33,5236,GlideXService.exe,18.89,6.01,,18.89,17
2026-09-16 23:31:33,5260,OneApp.IGCC.WinService.exe,12.57,32.53,,12.57,6
2026-09-16 23:31:33,5316,IntelAudioService.exe,12.48,39.45,,12.48,5
2026-09-16 23:31:33,5376,ipf_uf.exe,7.92,2.15,,7.92,5
2026-09-16 23:31:33,5452,jhi_service.exe,7.95,1.39,,7.95,2
2026-09-16 23:31:33,5472,svchost.exe,14.15,3.2,,14.15,6
2026-09-16 23:31:33,5612,MpDefenderCoreService.exe,23.83,12.71,,23.83,10
2026-09-16 23:31:33,5768,nvcontainer.exe,17.6,14.84,,17.6,27
2026-09-16 23:31:33,5840,RtkAudUService64.exe,13.31,26.66,,13.31,7
2026-09-16 23:31:33,5924,WmiPrvSE.exe,23.96,22.45,,23.96,5
2026-09-16 23:31:33,5956,ROGLiveService.exe,11.48,13.11,,11.48,36
2026-09-16 23:31:33,5968,RstMwService.exe,9.59,2.37,,9.59,9
2026-09-16 23:31:33,5976,RtkAudUService64.exe,11.32,31.35,,11.32,69
2026-09-16 23:31:33,5992,svchost.exe,10.16,1.86,,10.16,6
2026-09-16 23:31:33,6028,RtkBtManServ.exe,9.28,1.93,,9.28,3
2026-09-16 23:31:33,6036,svchost.exe,11.51,2.51,,11.51,6
2026-09-16 23:31:33,6116,ShellHost.exe,66.0,36.71,36.71,66.0,7
2026-09-16 23:31:33,6128,MsMpEng.exe,308.26,481.65,,308.26,56
2026-09-16 23:31:33,6152,svchost.exe,21.25,5.86,,21.25,8
2026-09-16 23:31:33,6172,Widgets.exe,37.9,10.22,10.22,37.9,9
2026-09-16 23:31:33,6180,WmiPrvSE.exe,41.44,29.46,,41.44,9
2026-09-16 23:31:34,6192,svchost.exe,6.97,1.51,,6.97,4
2026-09-16 23:31:34,6424,Code.exe,38.77,13.32,13.32,38.77,21
2026-09-16 23:31:34,6560,taskhostw.exe,28.24,7.96,,28.24,6
2026-09-16 23:31:34,6884,BraveCrashHandler.exe,2.46,1.79,,2.46,3
2026-09-16 23:31:34,6952,rlm.foundry.exe,10.14,3.91,,10.14,4
2026-09-16 23:31:34,7136,chrome.exe,22.02,9.12,9.12,22.02,12
2026-09-16 23:31:34,7224,python.exe,18.07,10.05,10.05,18.07,4
2026-09-16 23:31:34,7328,svchost.exe,11.6,2.62,,11.6,3
2026-09-16 23:31:34,7492,unsecapp.exe,10.14,1.81,,10.14,3
2026-09-16 23:31:34,7512,chrome.exe,160.41,261.24,261.24,160.41,25
2026-09-16 23:31:34,7764,ShellExperienceHost.exe,43.46,46.06,46.06,43.46,18
2026-09-16 23:31:34,7768,EOSOverlayRenderer-Win64-Shipping.exe,25.28,11.7,11.7,25.28,20
2026-09-16 23:31:34,8064,SearchIndexer.exe,69.65,298.68,,69.65,14
2026-09-16 23:31:34,8076,svchost.exe,14.86,1.99,1.99,14.86,6
2026-09-16 23:31:34,8080,brave.exe,358.39,309.06,309.06,358.39,25
2026-09-16 23:31:34,8088,svchost.exe,12.59,7.18,,12.59,5
2026-09-16 23:31:34,8276,uihost.exe,27.67,12.59,12.59,27.67,66
2026-09-16 23:31:34,8448,conhost.exe,7.12,1.24,,7.12,3
2026-09-16 23:31:34,8468,rlm.foundry.exe,10.2,3.72,,10.2,1
2026-09-16 23:31:34,8516,svchost.exe,15.13,3.85,,15.13,9
2026-09-16 23:31:34,8700,NVIDIA Overlay.exe,20.46,120.48,120.48,20.46,17
2026-09-16 23:31:34,8748,svchost.exe,19.96,5.92,,19.96,14
2026-09-16 23:31:34,9144,dllhost.exe,23.95,3.37,3.37,23.95,3
2026-09-16 23:31:34,9212,EOSOverlayRenderer-Win64-Shipping.exe,49.09,32.72,32.72,49.09,40
2026-09-16 23:31:34,9344,svchost.exe,5.51,1.07,,5.51,2
2026-09-16 23:31:34,9364,gamingservicesnet.exe,11.69,12.57,,11.69,39
2026-09-16 23:31:34,9592,NVIDIA Overlay.exe,46.9,138.65,138.65,46.9,86
2026-09-16 23:31:34,9604,mscopilot.exe,18.76,7.86,7.86,18.76,11
2026-09-16 23:31:34,9616,RuntimeBroker.exe,30.16,4.25,4.25,30.16,2
2026-09-16 23:31:34,9644,conhost.exe,10.61,1.66,1.66,10.61,3
2026-09-16 23:31:34,9664,svchost.exe,27.62,5.98,,27.62,8
2026-09-16 23:31:34,9712,svchost.exe,11.12,2.73,,11.12,9
2026-09-16 23:31:34,9972,svchost.exe,27.81,6.43,,27.81,7
2026-09-16 23:31:34,10068,msedgewebview2.exe,68.56,41.75,41.75,68.56,49
2026-09-16 23:31:34,10092,gamingservices.exe,24.51,8.97,,24.51,18
2026-09-16 23:31:34,10220,svchost.exe,9.14,1.93,,9.14,2
2026-09-16 23:31:34,10244,powershell.exe,44.7,70.5,70.5,44.7,9
2026-09-16 23:31:34,10312,svchost.exe,25.61,11.26,,25.61,13
2026-09-16 23:31:34,10556,svchost.exe,10.9,1.97,,10.9,6
2026-09-16 23:31:34,10592,svchost.exe,16.7,2.84,,16.7,2
2026-09-16 23:31:34,10668,svchost.exe,13.23,2.86,,13.23,5
2026-09-16 23:31:34,10672,brave.exe,83.67,49.82,49.82,83.67,22
2026-09-16 23:31:34,10684,OneDrive.exe,318.93,456.89,456.89,318.93,32
2026-09-16 23:31:34,10744,GameInputSvc.exe,7.04,1.4,,7.04,3
2026-09-16 23:31:34,10788,nvcontainer.exe,26.89,20.45,,26.89,19
2026-09-16 23:31:34,10904,asus_framework.exe,1.74,25.44,25.44,1.74,23
2026-09-16 23:31:34,10956,EpicOnlineServicesUserHelper.exe,56.04,77.18,77.18,56.04,13
2026-09-16 23:31:34,11056,BraveCrashHandler64.exe,2.24,1.77,,2.24,3
2026-09-16 23:31:34,11104,svchost.exe,23.29,11.44,,23.29,12
2026-09-16 23:31:34,11168,svchost.exe,16.14,3.18,,16.14,2
2026-09-16 23:31:34,11248,NgcIso.exe,4.5,1.38,,4.5,3
2026-09-16 23:31:34,11292,svchost.exe,25.78,6.79,,25.78,12
2026-09-16 23:31:34,11516,EOSOverlayRenderer-Win64-Shipping.exe,18.3,64.19,64.19,18.3,37
2026-09-16 23:31:34,11784,NisSrv.exe,13.01,4.39,,13.01,4
2026-09-16 23:31:34,11900,chrome.exe,176.61,126.22,126.22,176.61,47
2026-09-16 23:31:34,11952,SDXHelper.exe,20.09,20.0,20.0,20.09,13
2026-09-16 23:31:34,12096,audiodg.exe,40.46,130.82,,40.46,22
2026-09-16 23:31:34,12452,Code.exe,42.57,69.11,69.11,42.57,26
2026-09-16 23:31:34,12536,EOSOverlayRenderer-Win64-Shipping.exe,14.48,8.8,8.8,14.48,11
2026-09-16 23:31:34,12968,MoNotificationUx.exe,13.23,2.2,2.2,13.23,1
2026-09-16 23:31:34,13136,GameInputRedistService.exe,15.21,2.18,2.18,15.21,2
2026-09-16 23:31:34,13252,mscopilot_proxy.exe,20.15,3.04,3.04,20.15,2
2026-09-16 23:31:34,13292,LightingService.exe,25.69,12.21,,25.69,10
2026-09-16 23:31:34,13308,brave.exe,104.94,74.73,74.73,104.94,22
2026-09-16 23:31:34,13520,mscopilot.exe,13.46,2.81,2.81,13.46,8
2026-09-16 23:31:34,13828,VirtualBoxVM.exe,4003.2,4372.31,4372.31,4003.2,37
2026-09-16 23:31:34,13860,AdskAccessCore.exe,28.32,54.02,54.02,28.32,18
2026-09-16 23:31:34,14036,DefenderSessionHelper.exe,6.56,1.2,1.2,6.56,2
2026-09-16 23:31:34,14068,winlogon.exe,16.55,2.75,,16.55,4
2026-09-16 23:31:34,14164,nvcontainer.exe,39.94,36.25,36.25,39.94,56
2026-09-16 23:31:34,14308,conhost.exe,10.18,1.74,1.74,10.18,3
2026-09-16 23:31:34,14368,ApplicationFrameHost.exe,73.58,59.12,59.12,73.58,7
2026-09-16 23:31:34,14424,UserOOBEBroker.exe,12.2,2.06,2.06,12.2,4
2026-09-16 23:31:34,14432,WidgetService.exe,11.53,4.89,4.89,11.53,6
2026-09-16 23:31:34,14448,svchost.exe,24.57,8.08,,24.57,12
2026-09-16 23:31:34,14456,powershell.exe,75.14,68.31,68.31,75.14,15
2026-09-16 23:31:34,14552,svchost.exe,33.75,24.82,,33.75,27
2026-09-16 23:31:34,14712,svchost.exe,19.87,4.12,,19.87,5
2026-09-16 23:31:34,14772,svchost.exe,8.94,1.8,,8.94,1
2026-09-16 23:31:34,14880,svchost.exe,10.93,2.36,2.36,10.93,1
2026-09-16 23:31:34,14892,conhost.exe,7.38,1.21,,7.38,2
2026-09-16 23:31:34,14900,svchost.exe,29.79,11.33,11.33,29.79,11
2026-09-16 23:31:34,15096,chrome.exe,19.62,10.2,10.2,19.62,13
2026-09-16 23:31:35,15148,AdskAccessUIHost.exe,18.79,14.55,14.55,18.79,17
2026-09-16 23:31:35,15248,Code.exe,302.12,339.28,339.28,302.12,26
2026-09-16 23:31:35,15540,VBoxSDS.exe,17.4,4.77,,17.4,5
2026-09-16 23:31:35,15572,Code.exe,319.63,404.35,404.35,319.63,11
2026-09-16 23:31:35,15624,svchost.exe,16.32,4.2,,16.32,2
2026-09-16 23:31:35,15744,mscopilot.exe,131.07,40.14,40.14,131.07,56
2026-09-16 23:31:35,15848,pet.exe,8.79,4.09,4.09,8.79,13
2026-09-16 23:31:35,15928,svchost.exe,16.01,3.84,,16.01,12
2026-09-16 23:31:35,15952,NVIDIA Overlay.exe,26.85,48.48,48.48,26.85,26
2026-09-16 23:31:35,16080,msedgewebview2.exe,116.95,118.88,118.88,116.95,25
2026-09-16 23:31:35,16276,Code.exe,27.29,177.0,177.0,27.29,51
2026-09-16 23:31:35,16284,EpicWebHelper.exe,22.41,62.33,62.33,22.41,12
2026-09-16 23:31:35,16320,ASUSSmartDisplayControl.exe,3.02,2.33,,3.02,3
2026-09-16 23:31:35,16336,CrossDeviceResume.exe,20.64,38.64,38.64,20.64,7
2026-09-16 23:31:35,16652,VirtualBox.exe,31.51,90.41,90.41,31.51,12
2026-09-16 23:31:35,16700,mscopilot.exe,40.05,11.97,11.97,40.05,24
2026-09-16 23:31:35,16900,chrome.exe,51.08,20.39,20.39,51.08,22
2026-09-16 23:31:35,16944,dllhost.exe,12.35,2.61,2.61,12.35,2
2026-09-16 23:31:35,17000,mscopilot.exe,57.85,60.48,60.48,57.85,16
2026-09-16 23:31:35,17004,Code.exe,150.92,227.03,227.03,150.92,24
2026-09-16 23:31:35,17076,svchost.exe,18.89,3.66,3.66,18.89,5
2026-09-16 23:31:35,17308,SecurityHealthSystray.exe,12.51,1.87,1.87,12.51,1
2026-09-16 23:31:35,17328,brave.exe,223.95,105.91,105.91,223.95,45
2026-09-16 23:31:35,17364,svchost.exe,7.68,1.57,,7.68,5
2026-09-16 23:31:35,17504,chrome.exe,173.04,253.79,253.79,173.04,24
2026-09-16 23:31:35,17572,RuntimeBroker.exe,20.45,3.47,3.47,20.45,3
2026-09-16 23:31:35,17720,conhost.exe,7.63,1.16,1.16,7.63,2
2026-09-16 23:31:35,17728,svchost.exe,30.78,10.57,10.57,30.78,4
2026-09-16 23:31:35,17792,svchost.exe,7.53,1.31,1.31,7.53,3
2026-09-16 23:31:35,18216,NVIDIA Overlay.exe,13.94,9.14,9.14,13.94,10
2026-09-16 23:31:35,18400,SecurityHealthService.exe,15.18,8.37,,15.18,9
2026-09-16 23:31:35,18436,Code.exe,136.85,162.92,162.92,136.85,19
2026-09-16 23:31:35,18560,csrss.exe,8.69,3.64,,8.69,22
2026-09-16 23:31:35,18588,svchost.exe,7.41,1.67,,7.41,5
2026-09-16 23:31:35,18620,SearchFilterHost.exe,11.86,2.25,,11.86,4
2026-09-16 23:31:35,18724,svchost.exe,9.96,2.19,,9.96,6
2026-09-16 23:31:35,18908,svchost.exe,20.16,4.59,4.59,20.16,3
2026-09-16 23:31:35,19348,FileSyncHelper.exe,21.27,7.23,,21.27,4
2026-09-16 23:31:35,19396,svchost.exe,8.56,1.55,,8.56,2
2026-09-16 23:31:35,19528,svchost.exe,28.15,5.89,,28.15,5
2026-09-16 23:31:35,19584,dllhost.exe,22.6,3.18,3.18,22.6,3
2026-09-16 23:31:35,19604,Code.exe,43.16,87.2,87.2,43.16,24
2026-09-16 23:31:35,20004,AsHotplugCtrl.exe,1.25,1.31,,1.25,1
2026-09-16 23:31:35,20052,SearchFilterHost.exe,26.49,31.35,,26.49,3
2026-09-16 23:31:35,20152,AsusOptimizationStartupTask.exe,9.49,3.34,3.34,9.49,7
2026-09-16 23:31:35,20296,AsusSoftwareManagerAgent.exe,30.43,40.06,,30.43,9
2026-09-16 23:31:35,20520,AcPowerNotification.exe,19.79,56.28,,19.79,18
2026-09-16 23:31:35,20780,taskhostw.exe,21.69,6.48,6.48,21.69,9
2026-09-16 23:31:35,20800,msedgewebview2.exe,60.53,83.38,83.38,60.53,19
2026-09-16 23:31:35,20928,BlueStacksServices.exe,18.73,57.81,57.81,18.73,25
2026-09-16 23:31:35,21224,RuntimeBroker.exe,34.5,10.02,10.02,34.5,38
2026-09-16 23:31:35,21412,ipf_helper.exe,11.6,1.99,1.99,11.6,4
2026-09-16 23:31:35,21584,dwm.exe,98.89,240.14,,98.89,19
2026-09-16 23:31:35,21592,Code.exe,15.29,9.7,9.7,15.29,7
2026-09-16 23:31:35,21704,asus_framework.exe,19.03,78.31,,19.03,41
2026-09-16 23:31:35,21752,chrome.exe,64.88,43.45,43.45,64.88,25
2026-09-16 23:31:35,21756,EpicGamesLauncher.exe,57.51,288.36,288.36,57.51,92
2026-09-16 23:31:35,21788,BlueStacksServices.exe,11.64,20.77,20.77,11.64,15
2026-09-16 23:31:35,21892,EpicWebHelper.exe,23.17,29.5,29.5,23.17,8
2026-09-16 23:31:35,22072,StartMenuExperienceHost.exe,112.99,107.68,107.68,112.99,16
2026-09-16 23:31:35,22144,svchost.exe,23.73,4.9,4.9,23.73,10
2026-09-16 23:31:35,22200,asus_framework.exe,5.29,15.2,,5.29,14
2026-09-16 23:31:35,22424,svchost.exe,20.57,4.55,,20.57,9
2026-09-16 23:31:35,22608,RuntimeBroker.exe,21.39,6.06,6.06,21.39,3
2026-09-16 23:31:35,22628,brave.exe,245.18,178.75,178.75,245.18,22
2026-09-16 23:31:35,22648,AppActions.exe,14.8,12.01,12.01,14.8,7
2026-09-16 23:31:35,22656,nvcontainer.exe,11.24,11.07,11.07,11.24,17
2026-09-16 23:31:35,22788,servicehost.exe,38.57,36.4,,38.57,96
2026-09-16 23:31:35,22812,msedgewebview2.exe,12.34,2.88,2.88,12.34,8
2026-09-16 23:31:35,22924,RuntimeBroker.exe,13.79,2.36,2.36,13.79,2
2026-09-16 23:31:35,23148,CrossDeviceService.exe,35.04,20.69,20.69,35.04,13
2026-09-16 23:31:35,23248,svchost.exe,11.63,3.09,,11.63,6
2026-09-16 23:31:35,23324,sihost.exe,34.04,7.84,7.84,34.04,13
2026-09-16 23:31:35,23504,svchost.exe,7.18,1.39,,7.18,4
2026-09-16 23:31:35,23648,AdskAccessUIHost.exe,29.61,82.74,82.74,29.61,47
2026-09-16 23:31:35,23724,powershell.exe,48.52,70.55,70.55,48.52,9
2026-09-16 23:31:35,23828,RtkAudUService64.exe,13.74,30.01,30.01,13.74,12
2026-09-16 23:31:35,23872,chrome.exe,303.6,342.77,342.77,303.6,28
2026-09-16 23:31:35,24032,ArmourySocketServer.exe,0.95,4.91,,0.95,17
2026-09-16 23:31:35,24404,OfficeClickToRun.exe,22.69,36.93,,22.69,19
2026-09-16 23:31:35,24540,AdskIdentityManager.exe,17.34,8.97,8.97,17.34,22
2026-09-16 23:31:35,24604,AsusScreenXpertUI.exe,16.66,3.25,,16.66,3
2026-09-16 23:31:35,24648,dllhost.exe,16.48,2.16,2.16,16.48,3
2026-09-16 23:31:35,24688,ArmouryHtmlDebugServer.exe,1.05,1.31,,1.05,2
2026-09-16 23:31:35,24772,VirtualBoxVM.exe,5.63,3.07,3.07,5.63,1
2026-09-16 23:31:35,24904,AdskAccessUIHost.exe,20.54,63.66,63.66,20.54,14
2026-09-16 23:31:35,24980,NVDisplay.Container.exe,28.93,35.52,,28.93,28
2026-09-16 23:31:35,25160,OpenConsole.exe,11.31,2.23,2.23,11.31,4
2026-09-16 23:31:35,25244,cmd.exe,7.56,3.34,3.34,7.56,1
2026-09-16 23:31:35,25436,VirtualBoxVM.exe,9.34,2.29,2.29,9.34,1
2026-09-16 23:31:35,25476,msedgewebview2.exe,30.65,13.77,13.77,30.65,22
2026-09-16 23:31:35,25656,PSExpressCore.exe,77.45,90.33,90.33,77.45,26
2026-09-16 23:31:35,25788,brave.exe,112.56,59.98,59.98,112.56,22
2026-09-16 23:31:35,25880,SearchHost.exe,93.29,78.28,78.28,93.29,12
2026-09-16 23:31:35,25908,SearchFilterHost.exe,13.51,2.53,,13.51,5
2026-09-16 23:31:35,26072,RuntimeBroker.exe,50.97,15.7,15.7,50.97,13
2026-09-16 23:31:35,26128,svchost.exe,6.18,2.29,,6.18,3
2026-09-16 23:31:35,26444,chrome.exe,10.35,2.51,2.51,10.35,7
2026-09-16 23:31:35,26724,BlueStacksServices.exe,36.56,58.9,58.9,36.56,29
2026-09-16 23:31:35,26844,AdskAccessUIHost.exe,15.36,50.38,50.38,15.36,23
2026-09-16 23:31:35,27008,svchost.exe,12.49,3.44,,12.49,4
2026-09-16 23:31:35,27328,EpicOnlineServicesUserHelper.exe,14.88,59.93,59.93,14.88,11
2026-09-16 23:31:35,27392,ctfmon.exe,25.51,6.23,,25.51,14
2026-09-16 23:31:35,27432,chrome.exe,61.43,38.63,38.63,61.43,24
2026-09-16 23:31:35,27440,OpenConsole.exe,11.63,2.27,2.27,11.63,5
2026-09-16 23:31:35,27464,Code.exe,36.73,126.53,126.53,36.73,23
2026-09-16 23:31:35,27560,LockApp.exe,40.86,46.33,46.33,40.86,18
2026-09-16 23:31:35,27604,fontdrvhost.exe,7.69,3.7,,7.69,5
2026-09-16 23:31:36,27656,SearchProtocolHost.exe,17.56,9.45,,17.56,7
2026-09-16 23:31:36,27708,NVIDIA Overlay.exe,22.04,11.46,11.46,22.04,20
2026-09-16 23:31:36,27764,OpenConsole.exe,10.93,2.25,2.25,10.93,4
2026-09-16 23:31:36,27848,SearchFilterHost.exe,12.23,2.29,,12.23,1
2026-09-16 23:31:36,28084,nvsphelper64.exe,15.5,3.43,,15.5,6
2026-09-16 23:31:36,28256,AsMonitorControl.exe,1.49,1.24,,1.49,2
2026-09-16 23:31:36,28396,SearchFilterHost.exe,14.45,3.84,,14.45,6
2026-09-16 23:31:36,28908,brave.exe,54.11,64.16,64.16,54.11,21
2026-09-16 23:31:36,28968,svchost.exe,12.85,2.25,,12.85,2
2026-09-16 23:31:36,29264,BlueStacksServices.exe,17.01,13.3,13.3,17.01,9
2026-09-16 23:31:36,29308,explorer.exe,310.75,357.11,357.11,310.75,84
2026-09-16 23:31:36,29312,browserhost.exe,19.29,7.01,7.01,19.29,38
2026-09-16 23:31:36,29428,PSExpressBroker.exe,51.71,26.12,26.12,51.71,31
2026-09-16 23:31:36,29440,ArmouryCrate.exe,2.21,52.72,52.72,2.21,12
2026-09-16 23:31:36,29496,EOSOverlayRenderer-Win64-Shipping.exe,57.19,45.64,45.64,57.19,25
2026-09-16 23:31:36,29972,PhoneExperienceHost.exe,173.66,75.2,75.2,173.66,21
2026-09-16 23:31:36,30104,backgroundTaskHost.exe,60.68,24.33,24.33,60.68,6
2026-09-16 23:31:36,30132,SearchFilterHost.exe,13.59,3.65,,13.59,4
2026-09-16 23:31:36,30140,brave.exe,19.57,8.93,8.93,19.57,10
2026-09-16 23:31:36,30300,chrome.exe,44.43,60.19,60.19,44.43,14
2026-09-16 23:31:36,31284,brave.exe,250.45,304.79,304.79,250.45,49
2026-09-16 23:31:36,31432,brave.exe,20.31,10.1,10.1,20.31,11
2026-09-16 23:31:36,31500,brave.exe,8.95,2.38,2.38,8.95,7
2026-09-16 23:31:36,31520,brave.exe,51.03,19.43,19.43,51.03,20
2026-09-16 23:31:39,0,System Idle Process,0.01,0.06,,0.01,36
2026-09-16 23:31:39,4,System,4.34,0.05,,4.34,436
2026-09-16 23:31:39,188,,63.28,0.17,,63.28,0
2026-09-16 23:31:39,232,Registry,48.99,9.05,,48.99,4
2026-09-16 23:31:39,396,ArmouryCrate.UserSessionHelper.exe,38.91,35.93,,38.91,138
2026-09-16 23:31:39,704,GameInputSvc.exe,15.9,3.83,,15.9,7
2026-09-16 23:31:39,796,svchost.exe,27.82,10.38,,27.82,13
2026-09-16 23:31:39,828,smss.exe,1.32,1.14,,1.32,2
2026-09-16 23:31:39,1004,svchost.exe,11.06,7.42,,11.06,2
2026-09-16 23:31:39,1220,csrss.exe,7.08,2.43,,7.08,13
2026-09-16 23:31:39,1324,svchost.exe,12.32,4.09,,12.32,11
2026-09-16 23:31:39,1340,wininit.exe,9.41,1.81,,9.41,2
2026-09-16 23:31:39,1400,GameInputRedistService.exe,12.8,21.15,,12.8,10
2026-09-16 23:31:39,1408,services.exe,18.99,7.57,,18.99,10
2026-09-16 23:31:39,1428,LsaIso.exe,3.96,1.3,,3.96,1
2026-09-16 23:31:39,1436,lsass.exe,22.6,13.65,,22.6,11
2026-09-16 23:31:39,1448,FileCoAuth.exe,20.92,11.64,11.64,20.92,6
2026-09-16 23:31:39,1576,svchost.exe,39.13,17.88,,39.13,24
2026-09-16 23:31:39,1596,WUDFHost.exe,21.59,13.37,,21.59,20
2026-09-16 23:31:39,1628,fontdrvhost.exe,5.5,3.57,,5.5,5
2026-09-16 23:31:39,1704,svchost.exe,23.98,14.1,,23.98,11
2026-09-16 23:31:39,1760,svchost.exe,12.03,3.67,,12.03,6
2026-09-16 23:31:39,1768,dllhost.exe,20.91,2.78,2.78,20.91,4
2026-09-16 23:31:39,1812,WUDFHost.exe,14.35,4.5,,14.35,11
2026-09-16 23:31:39,1904,Adobe Crash Processor.exe,11.88,2.22,2.22,11.88,4
2026-09-16 23:31:39,2032,svchost.exe,6.76,1.41,,6.76,3
2026-09-16 23:31:39,2040,svchost.exe,6.59,2.39,,6.59,4
2026-09-16 23:31:39,2060,svchost.exe,10.25,2.86,,10.25,7
2026-09-16 23:31:39,2108,AsusCertService.exe,7.46,1.44,,7.46,4
2026-09-16 23:31:39,2156,svchost.exe,13.46,3.32,,13.46,6
2026-09-16 23:31:39,2176,svchost.exe,14.71,2.37,,14.71,3
2026-09-16 23:31:39,2300,svchost.exe,9.8,2.18,,9.8,4
2026-09-16 23:31:39,2308,IntelCpHDCPSvc.exe,7.03,1.44,,7.03,3
2026-09-16 23:31:39,2320,svchost.exe,11.62,3.19,,11.62,9
2026-09-16 23:31:39,2412,svchost.exe,22.54,8.73,,22.54,16
2026-09-16 23:31:39,2460,Code.exe,97.05,98.5,98.5,97.05,73
2026-09-16 23:31:39,2492,svchost.exe,13.73,3.17,,13.73,8
2026-09-16 23:31:39,2560,AsusOSD.exe,19.57,4.61,,19.57,3
2026-09-16 23:31:39,2580,SystemSettings.exe,130.45,140.15,140.15,130.45,45
2026-09-16 23:31:39,2624,Code.exe,48.72,105.86,105.86,48.72,31
2026-09-16 23:31:39,2680,svchost.exe,7.57,1.84,,7.57,3
2026-09-16 23:31:39,2964,svchost.exe,16.76,6.9,,16.76,9
2026-09-16 23:31:39,3004,NVDisplay.Container.exe,22.88,32.51,,22.88,39
2026-09-16 23:31:39,3040,python.exe,4.59,0.78,0.78,4.59,3
2026-09-16 23:31:39,3060,svchost.exe,7.25,1.54,,7.25,5
2026-09-16 23:31:40,3068,svchost.exe,20.42,17.84,,20.42,9
2026-09-16 23:31:40,3076,svchost.exe,10.07,2.1,,10.07,5
2026-09-16 23:31:40,3080,svchost.exe,8.74,3.77,,8.74,6
2026-09-16 23:31:40,3092,svchost.exe,13.48,2.57,,13.48,3
2026-09-16 23:31:40,3260,MemCompression,60.05,4.0,,60.05,58
2026-09-16 23:31:40,3316,svchost.exe,12.66,2.52,,12.66,3
2026-09-16 23:31:40,3324,svchost.exe,23.11,3.94,,23.11,8
2026-09-16 23:31:40,3340,brave.exe,66.19,28.32,28.32,66.19,21
2026-09-16 23:31:40,3420,svchost.exe,12.53,4.07,,12.53,3
2026-09-16 23:31:40,3428,svchost.exe,11.33,2.52,,11.33,7
2026-09-16 23:31:40,3444,svchost.exe,28.04,10.68,,28.04,8
2026-09-16 23:31:40,3476,WUDFHost.exe,11.76,2.9,,11.76,5
2026-09-16 23:31:40,3604,svchost.exe,24.34,5.44,,24.34,6
2026-09-16 23:31:40,3612,brave.exe,87.46,56.05,56.05,87.46,23
2026-09-16 23:31:40,3652,svchost.exe,10.66,2.01,,10.66,5
2026-09-16 23:31:40,3716,svchost.exe,8.75,1.66,,8.75,2
2026-09-16 23:31:40,3740,svchost.exe,8.32,1.96,,8.32,4
2026-09-16 23:31:40,3848,svchost.exe,26.93,25.64,,26.93,5
2026-09-16 23:31:40,3864,chrome.exe,383.39,346.64,346.64,383.39,30
2026-09-16 23:31:40,3872,svchost.exe,23.88,7.36,,23.88,15
2026-09-16 23:31:40,3904,AsusOptimization.exe,11.83,2.46,,11.83,10
2026-09-16 23:31:40,3912,svchost.exe,12.99,4.12,,12.99,6
2026-09-16 23:31:40,3996,VBoxSVC.exe,21.71,9.51,9.51,21.71,18
2026-09-16 23:31:40,4116,svchost.exe,9.13,2.11,,9.13,7
2026-09-16 23:31:40,4128,GlideXNearService.exe,14.05,3.94,,14.05,11
2026-09-16 23:31:40,4160,spoolsv.exe,13.24,8.84,,13.24,8
2026-09-16 23:31:40,4212,svchost.exe,24.04,14.64,,24.04,16
2026-09-16 23:31:40,4252,GameSDK.exe,8.35,1.84,,8.35,3
2026-09-16 23:31:40,4264,svchost.exe,24.24,12.62,,24.24,19
2026-09-16 23:31:40,4300,svchost.exe,17.69,4.11,,17.69,13
2026-09-16 23:31:40,4320,svchost.exe,9.52,1.93,,9.52,4
2026-09-16 23:31:40,4488,ArmouryCrateControlInterface.exe,11.87,2.46,,11.87,3
2026-09-16 23:31:40,4496,ArmouryCrate.Service.exe,35.79,62.64,,35.79,120
2026-09-16 23:31:40,4524,AdskLicensingService.exe,17.19,20.62,,17.19,13
2026-09-16 23:31:40,4532,AsusAppService.exe,7.93,5.72,,7.93,4
2026-09-16 23:31:40,4540,AsMsControl.exe,7.7,1.76,,7.7,1
2026-09-16 23:31:40,4636,AsusScreenXpertHostService.exe,5.02,5.27,,5.02,4
2026-09-16 23:31:40,4652,msedgewebview2.exe,13.14,8.62,8.62,13.14,10
2026-09-16 23:31:40,4656,AsusPTPService.exe,6.79,1.55,,6.79,4
2026-09-16 23:31:40,4668,AsusSoftwareManager.exe,21.12,4.55,,21.12,12
2026-09-16 23:31:40,4680,AsusSwitch.exe,9.41,2.1,,9.41,7
2026-09-16 23:31:40,4720,AggregatorHost.exe,12.73,2.95,,12.73,1
2026-09-16 23:31:40,4724,AsusSystemAnalysis.exe,19.05,5.39,,19.05,7
2026-09-16 23:31:40,4744,AsusSystemDiagnosis.exe,12.21,2.65,,12.21,2
2026-09-16 23:31:40,4752,AuraWallpaperService.exe,8.95,22.05,,8.95,8
2026-09-16 23:31:40,4808,GlideXRemoteService.exe,12.73,3.68,,12.73,5
2026-09-16 23:31:40,4832,svchost.exe,10.16,2.01,,10.16,5
2026-09-16 23:31:40,4848,AdskAccessServiceHost.exe,13.4,14.12,,13.4,8
2026-09-16 23:31:40,4864,svchost.exe,36.57,32.61,,36.57,13
2026-09-16 23:31:40,4900,DAX3API.exe,13.26,7.76,,13.26,10
2026-09-16 23:31:40,4916,svchost.exe,42.61,45.69,,42.61,18
2026-09-16 23:31:40,4936,ipfsvc.exe,6.76,1.68,,6.76,8
2026-09-16 23:31:40,4952,FNPLicensingService64.exe,10.51,3.39,,10.51,13
2026-09-16 23:31:41,5100,WMIRegistrationService.exe,15.2,3.18,,15.2,2
2026-09-16 23:31:41,5188,svchost.exe,27.29,19.95,,27.29,13
2026-09-16 23:31:41,5192,GlideXServiceExt.exe,6.81,3.31,,6.81,4
2026-09-16 23:31:41,5236,GlideXService.exe,18.89,6.01,,18.89,17
2026-09-16 23:31:41,5260,OneApp.IGCC.WinService.exe,12.57,32.53,,12.57,6
2026-09-16 23:31:41,5316,IntelAudioService.exe,12.48,39.45,,12.48,5
2026-09-16 23:31:41,5376,ipf_uf.exe,7.92,2.15,,7.92,5
2026-09-16 23:31:41,5452,jhi_service.exe,7.95,1.39,,7.95,2
2026-09-16 23:31:41,5472,svchost.exe,14.15,3.2,,14.15,6
2026-09-16 23:31:41,5612,MpDefenderCoreService.exe,23.83,12.71,,23.83,10
2026-09-16 23:31:41,5768,nvcontainer.exe,17.6,14.84,,17.6,27
2026-09-16 23:31:41,5840,RtkAudUService64.exe,13.31,26.66,,13.31,7
2026-09-16 23:31:41,5924,WmiPrvSE.exe,23.96,22.45,,23.96,5
2026-09-16 23:31:41,5956,ROGLiveService.exe,11.48,13.11,,11.48,36
2026-09-16 23:31:41,5968,RstMwService.exe,9.59,2.37,,9.59,9
2026-09-16 23:31:41,5976,RtkAudUService64.exe,11.32,31.35,,11.32,69
2026-09-16 23:31:41,5992,svchost.exe,10.16,1.86,,10.16,6
2026-09-16 23:31:41,6028,RtkBtManServ.exe,9.28,1.93,,9.28,3
2026-09-16 23:31:41,6036,svchost.exe,11.51,2.51,,11.51,6
2026-09-16 23:31:41,6116,ShellHost.exe,66.0,36.71,36.71,66.0,7
2026-09-16 23:31:41,6128,MsMpEng.exe,301.4,476.02,,301.4,56
2026-09-16 23:31:41,6152,svchost.exe,21.25,5.86,,21.25,8
2026-09-16 23:31:41,6172,Widgets.exe,37.9,10.22,10.22,37.9,9
2026-09-16 23:31:41,6180,WmiPrvSE.exe,41.44,29.45,,41.44,9
2026-09-16 23:31:41,6192,svchost.exe,6.97,1.51,,6.97,4
2026-09-16 23:31:41,6424,Code.exe,38.79,13.35,13.35,38.79,21
2026-09-16 23:31:41,6560,taskhostw.exe,28.24,7.96,,28.24,6
2026-09-16 23:31:41,6884,BraveCrashHandler.exe,2.46,1.79,,2.46,3
2026-09-16 23:31:41,6952,rlm.foundry.exe,10.14,3.91,,10.14,4
2026-09-16 23:31:41,7136,chrome.exe,22.02,9.12,9.12,22.02,12
2026-09-16 23:31:41,7224,python.exe,17.84,9.57,9.57,17.84,4
2026-09-16 23:31:41,7328,svchost.exe,11.6,2.62,,11.6,3
2026-09-16 23:31:41,7492,unsecapp.exe,10.14,1.81,,10.14,3
2026-09-16 23:31:41,7512,chrome.exe,161.02,261.74,261.74,161.02,25
2026-09-16 23:31:41,7764,ShellExperienceHost.exe,43.46,46.06,46.06,43.46,18
2026-09-16 23:31:41,7768,EOSOverlayRenderer-Win64-Shipping.exe,25.28,11.7,11.7,25.28,20
2026-09-16 23:31:41,8064,SearchIndexer.exe,76.82,305.78,,76.82,14
2026-09-16 23:31:41,8076,svchost.exe,14.86,1.99,1.99,14.86,6
2026-09-16 23:31:41,8080,brave.exe,358.46,309.06,309.06,358.46,25
2026-09-16 23:31:41,8088,svchost.exe,12.59,7.18,,12.59,5
2026-09-16 23:31:41,8276,uihost.exe,27.67,12.59,12.59,27.67,66
2026-09-16 23:31:41,8448,conhost.exe,7.12,1.24,,7.12,3
2026-09-16 23:31:41,8468,rlm.foundry.exe,10.2,3.72,,10.2,1
2026-09-16 23:31:41,8516,svchost.exe,15.13,3.85,,15.13,9
2026-09-16 23:31:41,8700,NVIDIA Overlay.exe,20.46,120.48,120.48,20.46,17
2026-09-16 23:31:41,8748,svchost.exe,19.97,5.93,,19.97,14
2026-09-16 23:31:41,9144,dllhost.exe,23.95,3.37,3.37,23.95,3
2026-09-16 23:31:41,9212,EOSOverlayRenderer-Win64-Shipping.exe,49.09,32.72,32.72,49.09,40
2026-09-16 23:31:41,9344,svchost.exe,5.51,1.07,,5.51,2
2026-09-16 23:31:41,9364,gamingservicesnet.exe,11.69,12.57,,11.69,39
2026-09-16 23:31:41,9592,NVIDIA Overlay.exe,46.9,138.65,138.65,46.9,86
2026-09-16 23:31:41,9604,mscopilot.exe,18.76,7.86,7.86,18.76,11
2026-09-16 23:31:41,9616,RuntimeBroker.exe,30.16,4.25,4.25,30.16,2
2026-09-16 23:31:41,9644,conhost.exe,10.61,1.66,1.66,10.61,3
2026-09-16 23:31:41,9664,svchost.exe,27.46,5.82,,27.46,8
2026-09-16 23:31:41,9712,svchost.exe,11.12,2.73,,11.12,9
2026-09-16 23:31:41,9972,svchost.exe,27.8,6.41,,27.8,7
2026-09-16 23:31:41,10068,msedgewebview2.exe,68.56,41.75,41.75,68.56,49
2026-09-16 23:31:41,10092,gamingservices.exe,24.5,8.96,,24.5,18
2026-09-16 23:31:41,10220,svchost.exe,9.14,1.93,,9.14,2
2026-09-16 23:31:41,10244,powershell.exe,44.71,70.5,70.5,44.71,9
2026-09-16 23:31:41,10312,svchost.exe,25.61,11.26,,25.61,13
2026-09-16 23:31:41,10556,svchost.exe,10.9,1.97,,10.9,6
2026-09-16 23:31:41,10592,svchost.exe,16.7,2.84,,16.7,2
2026-09-16 23:31:41,10668,svchost.exe,13.23,2.86,,13.23,5
2026-09-16 23:31:41,10672,brave.exe,83.67,49.82,49.82,83.67,22
2026-09-16 23:31:41,10684,OneDrive.exe,318.94,456.89,456.89,318.94,32
2026-09-16 23:31:41,10744,GameInputSvc.exe,7.04,1.4,,7.04,3
2026-09-16 23:31:41,10788,nvcontainer.exe,26.89,20.45,,26.89,19
2026-09-16 23:31:41,10904,asus_framework.exe,1.73,25.44,25.44,1.73,23
2026-09-16 23:31:41,10956,EpicOnlineServicesUserHelper.exe,56.04,77.18,77.18,56.04,13
2026-09-16 23:31:41,11056,BraveCrashHandler64.exe,2.24,1.77,,2.24,3
2026-09-16 23:31:41,11104,svchost.exe,23.3,11.45,,23.3,12
2026-09-16 23:31:41,11168,svchost.exe,16.14,3.18,,16.14,2
2026-09-16 23:31:41,11248,NgcIso.exe,4.5,1.38,,4.5,3
2026-09-16 23:31:41,11292,svchost.exe,25.78,6.79,,25.78,12
2026-09-16 23:31:41,11516,EOSOverlayRenderer-Win64-Shipping.exe,18.3,64.19,64.19,18.3,37
2026-09-16 23:31:41,11784,NisSrv.exe,13.01,4.39,,13.01,4
2026-09-16 23:31:41,11900,chrome.exe,176.68,126.29,126.29,176.68,47
2026-09-16 23:31:41,11952,SDXHelper.exe,20.09,20.0,20.0,20.09,13
2026-09-16 23:31:41,12096,audiodg.exe,40.46,130.82,,40.46,22
2026-09-16 23:31:41,12452,Code.exe,42.51,69.04,69.04,42.51,26
2026-09-16 23:31:41,12536,EOSOverlayRenderer-Win64-Shipping.exe,14.48,8.8,8.8,14.48,11
2026-09-16 23:31:41,12968,MoNotificationUx.exe,13.23,2.2,2.2,13.23,1
2026-09-16 23:31:41,13136,GameInputRedistService.exe,15.21,2.18,2.18,15.21,2
2026-09-16 23:31:41,13252,mscopilot_proxy.exe,20.15,3.04,3.04,20.15,2
2026-09-16 23:31:41,13292,LightingService.exe,25.69,12.21,,25.69,10
2026-09-16 23:31:41,13308,brave.exe,104.94,74.73,74.73,104.94,22
2026-09-16 23:31:41,13520,mscopilot.exe,13.46,2.81,2.81,13.46,8
2026-09-16 23:31:42,13828,VirtualBoxVM.exe,4002.97,4372.09,4372.09,4002.97,37
2026-09-16 23:31:42,13860,AdskAccessCore.exe,28.35,54.06,54.06,28.35,19
2026-09-16 23:31:42,14036,DefenderSessionHelper.exe,6.56,1.2,1.2,6.56,2
2026-09-16 23:31:42,14068,winlogon.exe,16.55,2.75,,16.55,4
2026-09-16 23:31:42,14164,nvcontainer.exe,39.94,36.25,36.25,39.94,56
2026-09-16 23:31:42,14308,conhost.exe,10.18,1.74,1.74,10.18,3
2026-09-16 23:31:42,14368,ApplicationFrameHost.exe,73.58,59.12,59.12,73.58,7
2026-09-16 23:31:42,14424,UserOOBEBroker.exe,12.2,2.06,2.06,12.2,4
2026-09-16 23:31:42,14432,WidgetService.exe,11.53,4.89,4.89,11.53,6
2026-09-16 23:31:42,14448,svchost.exe,24.49,7.96,,24.49,11
2026-09-16 23:31:42,14456,powershell.exe,75.14,68.31,68.31,75.14,15
2026-09-16 23:31:42,14552,svchost.exe,33.75,24.82,,33.75,27
2026-09-16 23:31:42,14712,svchost.exe,19.87,4.12,,19.87,5
2026-09-16 23:31:42,14772,svchost.exe,8.94,1.8,,8.94,1
2026-09-16 23:31:42,14880,svchost.exe,10.93,2.36,2.36,10.93,1
2026-09-16 23:31:42,14892,conhost.exe,7.38,1.21,,7.38,2
2026-09-16 23:31:42,14900,svchost.exe,29.78,11.32,11.32,29.78,11
2026-09-16 23:31:42,15096,chrome.exe,19.62,10.2,10.2,19.62,13
2026-09-16 23:31:42,15148,AdskAccessUIHost.exe,18.79,14.55,14.55,18.79,17
2026-09-16 23:31:42,15248,Code.exe,284.59,321.11,321.11,284.59,26
2026-09-16 23:31:42,15540,VBoxSDS.exe,17.4,4.77,,17.4,5
2026-09-16 23:31:42,15572,Code.exe,319.63,404.35,404.35,319.63,11
2026-09-16 23:31:42,15624,svchost.exe,16.32,4.2,,16.32,2
2026-09-16 23:31:42,15744,mscopilot.exe,131.07,40.14,40.14,131.07,56
2026-09-16 23:31:42,15848,pet.exe,8.79,4.09,4.09,8.79,13
2026-09-16 23:31:42,15928,svchost.exe,16.01,3.84,,16.01,12
2026-09-16 23:31:42,15952,NVIDIA Overlay.exe,26.85,48.48,48.48,26.85,26
2026-09-16 23:31:42,16080,msedgewebview2.exe,116.95,118.88,118.88,116.95,25
2026-09-16 23:31:42,16276,Code.exe,27.29,177.0,177.0,27.29,51
2026-09-16 23:31:42,16284,EpicWebHelper.exe,22.41,62.33,62.33,22.41,12
2026-09-16 23:31:42,16320,ASUSSmartDisplayControl.exe,3.02,2.33,,3.02,3
2026-09-16 23:31:42,16336,CrossDeviceResume.exe,20.64,38.64,38.64,20.64,7
2026-09-16 23:31:42,16652,VirtualBox.exe,31.5,90.4,90.4,31.5,12
2026-09-16 23:31:42,16700,mscopilot.exe,40.05,11.97,11.97,40.05,24
2026-09-16 23:31:42,16900,chrome.exe,51.08,20.39,20.39,51.08,22
2026-09-16 23:31:42,16944,dllhost.exe,12.35,2.61,2.61,12.35,2
2026-09-16 23:31:42,17000,mscopilot.exe,57.84,60.48,60.48,57.84,16
2026-09-16 23:31:42,17004,Code.exe,149.23,224.84,224.84,149.23,24
2026-09-16 23:31:42,17076,svchost.exe,18.89,3.66,3.66,18.89,5
2026-09-16 23:31:42,17308,SecurityHealthSystray.exe,12.51,1.87,1.87,12.51,1
2026-09-16 23:31:42,17328,brave.exe,223.95,105.91,105.91,223.95,45
2026-09-16 23:31:42,17364,svchost.exe,7.68,1.57,,7.68,5
2026-09-16 23:31:42,17504,chrome.exe,226.41,308.4,308.4,226.41,24
2026-09-16 23:31:42,17572,RuntimeBroker.exe,20.45,3.47,3.47,20.45,3
2026-09-16 23:31:42,17720,conhost.exe,7.63,1.16,1.16,7.63,2
2026-09-16 23:31:42,17728,svchost.exe,30.78,10.57,10.57,30.78,4
2026-09-16 23:31:42,17792,svchost.exe,7.53,1.31,1.31,7.53,3
2026-09-16 23:31:42,18216,NVIDIA Overlay.exe,13.94,9.14,9.14,13.94,10
2026-09-16 23:31:42,18400,SecurityHealthService.exe,15.18,8.37,,15.18,9
2026-09-16 23:31:42,18436,Code.exe,133.64,159.57,159.57,133.64,19
2026-09-16 23:31:42,18560,csrss.exe,8.68,3.64,,8.68,22
2026-09-16 23:31:42,18588,svchost.exe,7.41,1.67,,7.41,5
2026-09-16 23:31:42,18620,SearchFilterHost.exe,11.86,2.25,,11.86,4
2026-09-16 23:31:42,18724,svchost.exe,9.96,2.19,,9.96,6
2026-09-16 23:31:42,18908,svchost.exe,20.16,4.59,4.59,20.16,3
2026-09-16 23:31:42,19348,FileSyncHelper.exe,21.27,7.23,,21.27,4
2026-09-16 23:31:42,19396,svchost.exe,8.56,1.55,,8.56,2
2026-09-16 23:31:42,19528,svchost.exe,28.15,5.89,,28.15,5
2026-09-16 23:31:42,19584,dllhost.exe,22.6,3.18,3.18,22.6,3
2026-09-16 23:31:42,19604,Code.exe,43.14,87.18,87.18,43.14,24
2026-09-16 23:31:42,20004,AsHotplugCtrl.exe,1.25,1.31,,1.25,1
2026-09-16 23:31:42,20052,SearchFilterHost.exe,26.49,31.35,,26.49,3
2026-09-16 23:31:42,20152,AsusOptimizationStartupTask.exe,9.49,3.34,3.34,9.49,7
2026-09-16 23:31:42,20296,AsusSoftwareManagerAgent.exe,30.41,40.02,,30.41,8
2026-09-16 23:31:42,20520,AcPowerNotification.exe,19.79,56.28,,19.79,18
2026-09-16 23:31:42,20780,taskhostw.exe,21.69,6.48,6.48,21.69,9
2026-09-16 23:31:42,20800,msedgewebview2.exe,60.53,83.38,83.38,60.53,19
2026-09-16 23:31:42,20928,BlueStacksServices.exe,18.73,57.81,57.81,18.73,25
2026-09-16 23:31:42,21224,RuntimeBroker.exe,34.5,10.02,10.02,34.5,38
2026-09-16 23:31:42,21412,ipf_helper.exe,11.6,1.99,1.99,11.6,4
2026-09-16 23:31:42,21584,dwm.exe,95.97,240.05,,95.97,19
2026-09-16 23:31:42,21592,Code.exe,15.29,9.7,9.7,15.29,7
2026-09-16 23:31:42,21704,asus_framework.exe,19.0,78.32,,19.0,41
2026-09-16 23:31:42,21752,chrome.exe,64.88,43.45,43.45,64.88,25
2026-09-16 23:31:42,21756,EpicGamesLauncher.exe,57.51,289.34,289.34,57.51,91
2026-09-16 23:31:42,21788,BlueStacksServices.exe,11.64,20.77,20.77,11.64,15
2026-09-16 23:31:42,21892,EpicWebHelper.exe,23.17,29.5,29.5,23.17,8
2026-09-16 23:31:42,22072,StartMenuExperienceHost.exe,112.99,107.68,107.68,112.99,16
2026-09-16 23:31:42,22144,svchost.exe,23.73,4.9,4.9,23.73,10
2026-09-16 23:31:42,22200,asus_framework.exe,5.25,15.2,,5.25,14
2026-09-16 23:31:42,22424,svchost.exe,20.57,4.55,,20.57,9
2026-09-16 23:31:42,22608,RuntimeBroker.exe,21.39,6.06,6.06,21.39,3
2026-09-16 23:31:42,22628,brave.exe,245.25,178.82,178.82,245.25,22
2026-09-16 23:31:42,22648,AppActions.exe,14.8,12.01,12.01,14.8,7
2026-09-16 23:31:42,22656,nvcontainer.exe,11.24,11.07,11.07,11.24,17
2026-09-16 23:31:42,22788,servicehost.exe,38.57,36.4,,38.57,96
2026-09-16 23:31:42,22812,msedgewebview2.exe,12.34,2.88,2.88,12.34,8
2026-09-16 23:31:42,22924,RuntimeBroker.exe,13.79,2.36,2.36,13.79,2
2026-09-16 23:31:42,23148,CrossDeviceService.exe,35.04,20.69,20.69,35.04,13
2026-09-16 23:31:42,23248,svchost.exe,11.63,3.09,,11.63,6
2026-09-16 23:31:42,23324,sihost.exe,34.04,7.84,7.84,34.04,13
2026-09-16 23:31:42,23452,dllhost.exe,10.09,1.95,1.95,10.09,8
2026-09-16 23:31:42,23504,svchost.exe,7.18,1.39,,7.18,4
2026-09-16 23:31:42,23648,AdskAccessUIHost.exe,29.61,82.74,82.74,29.61,47
2026-09-16 23:31:42,23724,powershell.exe,48.52,70.55,70.55,48.52,9
2026-09-16 23:31:42,23828,RtkAudUService64.exe,13.74,30.01,30.01,13.74,12
2026-09-16 23:31:42,23872,chrome.exe,303.6,342.77,342.77,303.6,28
2026-09-16 23:31:42,24032,ArmourySocketServer.exe,0.95,4.91,,0.95,17
2026-09-16 23:31:42,24404,OfficeClickToRun.exe,22.69,36.93,,22.69,19
2026-09-16 23:31:42,24540,AdskIdentityManager.exe,17.34,8.97,8.97,17.34,22
2026-09-16 23:31:42,24604,AsusScreenXpertUI.exe,16.66,3.25,,16.66,3
2026-09-16 23:31:42,24648,dllhost.exe,16.48,2.16,2.16,16.48,3
2026-09-16 23:31:42,24688,ArmouryHtmlDebugServer.exe,1.05,1.31,,1.05,2
2026-09-16 23:31:42,24772,VirtualBoxVM.exe,5.63,3.07,3.07,5.63,1
2026-09-16 23:31:42,24904,AdskAccessUIHost.exe,20.54,63.66,63.66,20.54,14
2026-09-16 23:31:42,24980,NVDisplay.Container.exe,28.93,35.52,,28.93,28
2026-09-16 23:31:42,25160,OpenConsole.exe,11.31,2.23,2.23,11.31,4
2026-09-16 23:31:42,25244,cmd.exe,7.56,3.34,3.34,7.56,1
2026-09-16 23:31:42,25436,VirtualBoxVM.exe,9.34,2.29,2.29,9.34,1
2026-09-16 23:31:42,25476,msedgewebview2.exe,30.65,13.77,13.77,30.65,22
2026-09-16 23:31:42,25656,PSExpressCore.exe,77.44,90.32,90.32,77.44,26
2026-09-16 23:31:42,25788,brave.exe,112.56,59.98,59.98,112.56,22
2026-09-16 23:31:42,25880,SearchHost.exe,93.29,78.28,78.28,93.29,12
2026-09-16 23:31:42,25908,SearchFilterHost.exe,13.51,2.53,,13.51,5
2026-09-16 23:31:42,26072,RuntimeBroker.exe,50.97,15.7,15.7,50.97,13
2026-09-16 23:31:42,26128,svchost.exe,6.18,2.29,,6.18,3
2026-09-16 23:31:42,26444,chrome.exe,10.35,2.51,2.51,10.35,7
2026-09-16 23:31:42,26724,BlueStacksServices.exe,36.61,58.9,58.9,36.61,29
2026-09-16 23:31:42,26844,AdskAccessUIHost.exe,15.36,50.38,50.38,15.36,23
2026-09-16 23:31:42,27008,svchost.exe,12.49,3.44,,12.49,4
2026-09-16 23:31:42,27328,EpicOnlineServicesUserHelper.exe,14.88,59.93,59.93,14.88,11
2026-09-16 23:31:42,27392,ctfmon.exe,25.51,6.23,,25.51,14
2026-09-16 23:31:42,27432,chrome.exe,61.43,38.63,38.63,61.43,24
2026-09-16 23:31:42,27440,OpenConsole.exe,11.63,2.27,2.27,11.63,5
2026-09-16 23:31:42,27464,Code.exe,36.8,126.61,126.61,36.8,23
2026-09-16 23:31:42,27560,LockApp.exe,40.86,46.33,46.33,40.86,18
2026-09-16 23:31:42,27604,fontdrvhost.exe,7.69,3.7,,7.69,5
2026-09-16 23:31:42,27656,SearchProtocolHost.exe,17.56,9.45,,17.56,7
2026-09-16 23:31:42,27708,NVIDIA Overlay.exe,22.04,11.46,11.46,22.04,20
2026-09-16 23:31:42,27764,OpenConsole.exe,10.93,2.25,2.25,10.93,4
2026-09-16 23:31:42,27848,SearchFilterHost.exe,12.21,2.29,,12.21,1
2026-09-16 23:31:42,28084,nvsphelper64.exe,15.5,3.43,,15.5,6
2026-09-16 23:31:42,28256,AsMonitorControl.exe,1.49,1.24,,1.49,2
2026-09-16 23:31:43,28396,SearchFilterHost.exe,14.45,3.84,,14.45,6
2026-09-16 23:31:43,28908,brave.exe,54.11,64.16,64.16,54.11,21
2026-09-16 23:31:43,28968,svchost.exe,12.85,2.25,,12.85,2
2026-09-16 23:31:43,29264,BlueStacksServices.exe,17.01,13.3,13.3,17.01,9
2026-09-16 23:31:43,29308,explorer.exe,310.8,357.09,357.09,310.8,84
2026-09-16 23:31:43,29312,browserhost.exe,19.29,7.01,7.01,19.29,38
2026-09-16 23:31:43,29428,PSExpressBroker.exe,51.84,26.27,26.27,51.84,33
2026-09-16 23:31:43,29440,ArmouryCrate.exe,2.21,52.72,52.72,2.21,12
2026-09-16 23:31:43,29496,EOSOverlayRenderer-Win64-Shipping.exe,57.74,46.27,46.27,57.74,25
2026-09-16 23:31:43,29972,PhoneExperienceHost.exe,173.62,75.15,75.15,173.62,20
2026-09-16 23:31:43,30104,backgroundTaskHost.exe,60.68,24.33,24.33,60.68,6
2026-09-16 23:31:43,30132,SearchFilterHost.exe,13.55,3.65,,13.55,4
2026-09-16 23:31:43,30140,brave.exe,19.57,8.93,8.93,19.57,10
2026-09-16 23:31:43,30300,chrome.exe,44.43,60.19,60.19,44.43,14
2026-09-16 23:31:43,31284,brave.exe,250.45,304.79,304.79,250.45,49
2026-09-16 23:31:43,31432,brave.exe,20.31,10.1,10.1,20.31,11
2026-09-16 23:31:43,31500,brave.exe,8.95,2.38,2.38,8.95,7
2026-09-16 23:31:43,31520,brave.exe,51.04,19.44,19.44,51.04,20
2026-09-16 23:31:46,0,System Idle Process,0.01,0.06,,0.01,36
2026-09-16 23:31:46,4,System,4.34,0.05,,4.34,436
2026-09-16 23:31:46,188,,63.28,0.17,,63.28,0
2026-09-16 23:31:46,232,Registry,48.93,9.05,,48.93,4
2026-09-16 23:31:46,396,ArmouryCrate.UserSessionHelper.exe,38.91,35.93,,38.91,138
2026-09-16 23:31:46,704,GameInputSvc.exe,15.9,3.83,,15.9,7
2026-09-16 23:31:46,796,svchost.exe,27.81,10.38,,27.81,13
2026-09-16 23:31:46,828,smss.exe,1.32,1.14,,1.32,2
2026-09-16 23:31:46,1004,svchost.exe,11.04,7.35,,11.04,1
2026-09-16 23:31:46,1220,csrss.exe,7.08,2.43,,7.08,13
2026-09-16 23:31:46,1324,svchost.exe,12.32,4.09,,12.32,11
2026-09-16 23:31:46,1340,wininit.exe,9.39,1.72,,9.39,1
2026-09-16 23:31:46,1400,GameInputRedistService.exe,12.8,21.15,,12.8,10
2026-09-16 23:31:46,1408,services.exe,18.99,7.57,,18.99,10
2026-09-16 23:31:46,1428,LsaIso.exe,3.96,1.3,,3.96,1
2026-09-16 23:31:46,1436,lsass.exe,22.59,13.65,,22.59,11
2026-09-16 23:31:46,1448,FileCoAuth.exe,20.92,11.64,11.64,20.92,6
2026-09-16 23:31:46,1576,svchost.exe,39.13,17.88,,39.13,24
2026-09-16 23:31:46,1596,WUDFHost.exe,21.59,13.37,,21.59,20
2026-09-16 23:31:46,1628,fontdrvhost.exe,5.5,3.57,,5.5,5
2026-09-16 23:31:46,1704,svchost.exe,23.67,13.83,,23.67,11
2026-09-16 23:31:46,1760,svchost.exe,12.03,3.67,,12.03,6
2026-09-16 23:31:46,1768,dllhost.exe,20.91,2.78,2.78,20.91,4
2026-09-16 23:31:46,1812,WUDFHost.exe,14.35,4.5,,14.35,11
2026-09-16 23:31:46,1904,Adobe Crash Processor.exe,11.88,2.22,2.22,11.88,4
2026-09-16 23:31:46,2032,svchost.exe,6.74,1.35,,6.74,2
2026-09-16 23:31:46,2040,svchost.exe,6.57,2.32,,6.57,3
2026-09-16 23:31:46,2060,svchost.exe,10.26,2.86,,10.26,7
2026-09-16 23:31:46,2108,AsusCertService.exe,7.46,1.44,,7.46,4
2026-09-16 23:31:46,2156,svchost.exe,13.46,3.32,,13.46,6
2026-09-16 23:31:46,2176,svchost.exe,14.7,2.37,,14.7,3
2026-09-16 23:31:46,2300,svchost.exe,9.8,2.18,,9.8,4
2026-09-16 23:31:46,2308,IntelCpHDCPSvc.exe,7.03,1.44,,7.03,3
2026-09-16 23:31:46,2320,svchost.exe,11.62,3.19,,11.62,9
2026-09-16 23:31:46,2412,svchost.exe,22.53,8.71,,22.53,16
2026-09-16 23:31:46,2460,Code.exe,97.31,98.71,98.71,97.31,73
2026-09-16 23:31:46,2492,svchost.exe,13.73,3.17,,13.73,8
2026-09-16 23:31:46,2560,AsusOSD.exe,19.57,4.61,,19.57,3
2026-09-16 23:31:46,2580,SystemSettings.exe,130.45,140.15,140.15,130.45,45
2026-09-16 23:31:46,2624,Code.exe,49.12,106.26,106.26,49.12,31
2026-09-16 23:31:46,2680,svchost.exe,7.58,1.84,,7.58,3
2026-09-16 23:31:46,2964,svchost.exe,16.76,6.9,,16.76,9
2026-09-16 23:31:46,3004,NVDisplay.Container.exe,22.88,32.51,,22.88,39
2026-09-16 23:31:46,3040,python.exe,4.59,0.78,0.78,4.59,3
2026-09-16 23:31:46,3060,svchost.exe,7.25,1.54,,7.25,5
2026-09-16 23:31:46,3068,svchost.exe,20.28,17.69,,20.28,9
2026-09-16 23:31:46,3076,svchost.exe,10.07,2.1,,10.07,5
2026-09-16 23:31:46,3080,svchost.exe,8.74,3.77,,8.74,6
2026-09-16 23:31:46,3092,svchost.exe,13.48,2.57,,13.48,3
2026-09-16 23:31:46,3260,MemCompression,60.06,4.0,,60.06,58
2026-09-16 23:31:46,3316,svchost.exe,12.66,2.52,,12.66,3
2026-09-16 23:31:46,3324,svchost.exe,23.11,3.94,,23.11,8
2026-09-16 23:31:46,3340,brave.exe,66.19,28.32,28.32,66.19,21
2026-09-16 23:31:46,3420,svchost.exe,12.53,4.07,,12.53,3
2026-09-16 23:31:46,3428,svchost.exe,11.33,2.52,,11.33,7
2026-09-16 23:31:46,3444,svchost.exe,28.04,10.68,,28.04,8
2026-09-16 23:31:46,3476,WUDFHost.exe,11.76,2.9,,11.76,5
2026-09-16 23:31:46,3604,svchost.exe,24.34,5.44,,24.34,6
2026-09-16 23:31:46,3612,brave.exe,87.49,56.05,56.05,87.49,23
2026-09-16 23:31:46,3652,svchost.exe,10.66,2.0,,10.66,5
2026-09-16 23:31:46,3716,svchost.exe,8.75,1.66,,8.75,2
2026-09-16 23:31:46,3740,svchost.exe,8.32,1.96,,8.32,4
2026-09-16 23:31:47,3848,svchost.exe,26.93,25.64,,26.93,5
2026-09-16 23:31:47,3864,chrome.exe,387.82,353.23,353.23,387.82,30
2026-09-16 23:31:47,3872,svchost.exe,23.88,7.36,,23.88,15
2026-09-16 23:31:47,3904,AsusOptimization.exe,11.83,2.46,,11.83,10
2026-09-16 23:31:47,3912,svchost.exe,12.99,4.12,,12.99,6
2026-09-16 23:31:47,3996,VBoxSVC.exe,21.71,9.51,9.51,21.71,18
2026-09-16 23:31:47,4116,svchost.exe,9.13,2.11,,9.13,7
2026-09-16 23:31:47,4128,GlideXNearService.exe,14.05,3.94,,14.05,11
2026-09-16 23:31:47,4160,spoolsv.exe,13.24,8.84,,13.24,8
2026-09-16 23:31:47,4212,svchost.exe,24.04,14.64,,24.04,16
2026-09-16 23:31:47,4252,GameSDK.exe,8.35,1.84,,8.35,3
2026-09-16 23:31:47,4264,svchost.exe,24.38,12.76,,24.38,19
2026-09-16 23:31:47,4300,svchost.exe,17.69,4.11,,17.69,13
2026-09-16 23:31:47,4320,svchost.exe,9.52,1.93,,9.52,4
2026-09-16 23:31:47,4488,ArmouryCrateControlInterface.exe,11.87,2.46,,11.87,3
2026-09-16 23:31:47,4496,ArmouryCrate.Service.exe,35.79,62.64,,35.79,120
2026-09-16 23:31:47,4524,AdskLicensingService.exe,17.19,20.62,,17.19,13
2026-09-16 23:31:47,4532,AsusAppService.exe,7.93,5.72,,7.93,4
2026-09-16 23:31:47,4540,AsMsControl.exe,7.7,1.76,,7.7,1
2026-09-16 23:31:47,4636,AsusScreenXpertHostService.exe,5.02,5.27,,5.02,4
2026-09-16 23:31:47,4652,msedgewebview2.exe,13.14,8.62,8.62,13.14,10
2026-09-16 23:31:47,4656,AsusPTPService.exe,6.79,1.55,,6.79,4
2026-09-16 23:31:47,4668,AsusSoftwareManager.exe,21.12,4.55,,21.12,12
2026-09-16 23:31:47,4680,AsusSwitch.exe,9.41,2.1,,9.41,7
2026-09-16 23:31:47,4720,AggregatorHost.exe,12.73,2.95,,12.73,1
2026-09-16 23:31:47,4724,AsusSystemAnalysis.exe,19.05,5.39,,19.05,7
2026-09-16 23:31:47,4744,AsusSystemDiagnosis.exe,12.21,2.65,,12.21,2
2026-09-16 23:31:47,4752,AuraWallpaperService.exe,8.95,22.05,,8.95,8
2026-09-16 23:31:47,4808,GlideXRemoteService.exe,12.73,3.68,,12.73,5
2026-09-16 23:31:47,4832,svchost.exe,10.16,2.01,,10.16,5
2026-09-16 23:31:47,4848,AdskAccessServiceHost.exe,13.4,14.12,,13.4,8
2026-09-16 23:31:47,4864,svchost.exe,36.54,32.55,,36.54,12
2026-09-16 23:31:47,4900,DAX3API.exe,13.26,7.76,,13.26,10
2026-09-16 23:31:47,4916,svchost.exe,43.21,46.36,,43.21,18
2026-09-16 23:31:47,4936,ipfsvc.exe,6.76,1.68,,6.76,8
2026-09-16 23:31:47,4952,FNPLicensingService64.exe,10.46,3.31,,10.46,10
2026-09-16 23:31:47,5100,WMIRegistrationService.exe,15.2,3.18,,15.2,2
2026-09-16 23:31:47,5188,svchost.exe,27.3,19.96,,27.3,13
2026-09-16 23:31:47,5192,GlideXServiceExt.exe,6.81,3.31,,6.81,4
2026-09-16 23:31:47,5236,GlideXService.exe,18.89,6.01,,18.89,17
2026-09-16 23:31:47,5260,OneApp.IGCC.WinService.exe,12.57,32.53,,12.57,6
2026-09-16 23:31:47,5316,IntelAudioService.exe,12.48,39.45,,12.48,5
2026-09-16 23:31:47,5376,ipf_uf.exe,7.92,2.15,,7.92,5
2026-09-16 23:31:47,5452,jhi_service.exe,7.95,1.39,,7.95,2
2026-09-16 23:31:47,5472,svchost.exe,14.15,3.2,,14.15,6
2026-09-16 23:31:47,5612,MpDefenderCoreService.exe,23.83,12.71,,23.83,10
2026-09-16 23:31:47,5768,nvcontainer.exe,17.6,14.84,,17.6,27
2026-09-16 23:31:47,5840,RtkAudUService64.exe,13.31,26.66,,13.31,7
2026-09-16 23:31:47,5924,WmiPrvSE.exe,23.96,22.45,,23.96,5
2026-09-16 23:31:47,5956,ROGLiveService.exe,11.48,13.11,,11.48,36
2026-09-16 23:31:47,5968,RstMwService.exe,9.59,2.37,,9.59,9
2026-09-16 23:31:47,5976,RtkAudUService64.exe,11.32,31.35,,11.32,69
2026-09-16 23:31:47,5992,svchost.exe,10.16,1.86,,10.16,6
2026-09-16 23:31:47,6028,RtkBtManServ.exe,9.28,1.93,,9.28,3
2026-09-16 23:31:47,6036,svchost.exe,11.51,2.51,,11.51,6
2026-09-16 23:31:47,6116,ShellHost.exe,66.0,36.71,36.71,66.0,7
2026-09-16 23:31:47,6128,MsMpEng.exe,303.58,477.43,,303.58,56
2026-09-16 23:31:47,6152,svchost.exe,21.25,5.86,,21.25,8
2026-09-16 23:31:47,6172,Widgets.exe,37.92,10.23,10.23,37.92,9
2026-09-16 23:31:47,6180,WmiPrvSE.exe,41.44,29.46,,41.44,9
2026-09-16 23:31:47,6192,svchost.exe,6.97,1.51,,6.97,4
2026-09-16 23:31:47,6424,Code.exe,38.77,13.32,13.32,38.77,21
2026-09-16 23:31:47,6560,taskhostw.exe,28.24,7.96,,28.24,6
2026-09-16 23:31:47,6884,BraveCrashHandler.exe,2.46,1.79,,2.46,3
2026-09-16 23:31:47,6952,rlm.foundry.exe,10.14,3.91,,10.14,4
2026-09-16 23:31:47,7136,chrome.exe,22.02,9.12,9.12,22.02,12
2026-09-16 23:31:47,7224,python.exe,17.92,9.57,9.57,17.92,4
2026-09-16 23:31:47,7328,svchost.exe,11.6,2.62,,11.6,3
2026-09-16 23:31:47,7492,unsecapp.exe,10.14,1.81,,10.14,3
2026-09-16 23:31:47,7512,chrome.exe,161.02,261.74,261.74,161.02,25
2026-09-16 23:31:47,7764,ShellExperienceHost.exe,43.46,46.06,46.06,43.46,18
2026-09-16 23:31:47,7768,EOSOverlayRenderer-Win64-Shipping.exe,25.28,11.7,11.7,25.28,20
2026-09-16 23:31:47,8064,SearchIndexer.exe,76.82,305.78,,76.82,14
2026-09-16 23:31:47,8076,svchost.exe,14.86,1.99,1.99,14.86,6
2026-09-16 23:31:47,8080,brave.exe,358.46,309.06,309.06,358.46,25
2026-09-16 23:31:47,8088,svchost.exe,12.59,7.18,,12.59,5
2026-09-16 23:31:47,8276,uihost.exe,27.67,12.59,12.59,27.67,66
2026-09-16 23:31:47,8448,conhost.exe,7.12,1.24,,7.12,3
2026-09-16 23:31:47,8468,rlm.foundry.exe,10.2,3.72,,10.2,1
2026-09-16 23:31:47,8516,svchost.exe,15.13,3.85,,15.13,9
2026-09-16 23:31:47,8700,NVIDIA Overlay.exe,20.46,120.48,120.48,20.46,17
2026-09-16 23:31:47,8748,svchost.exe,19.98,5.94,,19.98,14
2026-09-16 23:31:47,9144,dllhost.exe,23.95,3.37,3.37,23.95,3
2026-09-16 23:31:47,9212,EOSOverlayRenderer-Win64-Shipping.exe,49.09,32.72,32.72,49.09,40
2026-09-16 23:31:47,9344,svchost.exe,5.51,1.07,,5.51,2
2026-09-16 23:31:47,9364,gamingservicesnet.exe,11.69,12.57,,11.69,39
2026-09-16 23:31:47,9592,NVIDIA Overlay.exe,46.9,138.65,138.65,46.9,86
2026-09-16 23:31:47,9604,mscopilot.exe,18.76,7.86,7.86,18.76,11
2026-09-16 23:31:47,9616,RuntimeBroker.exe,30.16,4.25,4.25,30.16,2
2026-09-16 23:31:47,9644,conhost.exe,10.61,1.66,1.66,10.61,3
2026-09-16 23:31:47,9664,svchost.exe,27.45,5.77,,27.45,7
2026-09-16 23:31:47,9712,svchost.exe,11.12,2.73,,11.12,9
2026-09-16 23:31:47,9972,svchost.exe,27.82,6.44,,27.82,7
2026-09-16 23:31:47,10068,msedgewebview2.exe,68.56,41.75,41.75,68.56,49
2026-09-16 23:31:47,10092,gamingservices.exe,24.5,8.96,,24.5,18
2026-09-16 23:31:47,10220,svchost.exe,9.13,1.93,,9.13,2
2026-09-16 23:31:47,10244,powershell.exe,44.71,70.5,70.5,44.71,9
2026-09-16 23:31:47,10312,svchost.exe,25.61,11.26,,25.61,13
2026-09-16 23:31:47,10556,svchost.exe,10.88,1.91,,10.88,5
2026-09-16 23:31:48,10592,svchost.exe,16.7,2.84,,16.7,2
2026-09-16 23:31:48,10668,svchost.exe,13.23,2.86,,13.23,5
2026-09-16 23:31:48,10672,brave.exe,83.67,49.82,49.82,83.67,22
2026-09-16 23:31:48,10684,OneDrive.exe,318.94,456.89,456.89,318.94,32
2026-09-16 23:31:48,10744,GameInputSvc.exe,7.04,1.4,,7.04,3
2026-09-16 23:31:48,10788,nvcontainer.exe,26.89,20.45,,26.89,19
2026-09-16 23:31:48,10904,asus_framework.exe,1.71,25.44,25.44,1.71,23
2026-09-16 23:31:48,10956,EpicOnlineServicesUserHelper.exe,56.04,77.18,77.18,56.04,13
2026-09-16 23:31:48,11056,BraveCrashHandler64.exe,2.24,1.77,,2.24,3
2026-09-16 23:31:48,11104,svchost.exe,23.29,11.45,,23.29,12
2026-09-16 23:31:48,11168,svchost.exe,16.14,3.18,,16.14,2
2026-09-16 23:31:48,11248,NgcIso.exe,4.5,1.38,,4.5,3
2026-09-16 23:31:48,11292,svchost.exe,25.78,6.79,,25.78,12
2026-09-16 23:31:48,11516,EOSOverlayRenderer-Win64-Shipping.exe,18.3,64.19,64.19,18.3,37
2026-09-16 23:31:48,11784,NisSrv.exe,13.02,4.39,,13.02,4
2026-09-16 23:31:48,11900,chrome.exe,176.61,126.22,126.22,176.61,47
2026-09-16 23:31:48,11952,SDXHelper.exe,20.08,20.0,20.0,20.08,13
2026-09-16 23:31:48,12096,audiodg.exe,40.46,130.82,,40.46,22
2026-09-16 23:31:48,12452,Code.exe,42.57,69.11,69.11,42.57,26
2026-09-16 23:31:48,12536,EOSOverlayRenderer-Win64-Shipping.exe,14.48,8.8,8.8,14.48,11
2026-09-16 23:31:48,12968,MoNotificationUx.exe,13.23,2.2,2.2,13.23,1
2026-09-16 23:31:48,13136,GameInputRedistService.exe,15.21,2.18,2.18,15.21,2
2026-09-16 23:31:48,13252,mscopilot_proxy.exe,20.15,3.04,3.04,20.15,2
2026-09-16 23:31:48,13292,LightingService.exe,25.69,12.21,,25.69,10
2026-09-16 23:31:48,13308,brave.exe,104.94,74.73,74.73,104.94,22
2026-09-16 23:31:48,13520,mscopilot.exe,13.46,2.81,2.81,13.46,8
2026-09-16 23:31:48,13828,VirtualBoxVM.exe,4002.97,4372.09,4372.09,4002.97,37
2026-09-16 23:31:48,13860,AdskAccessCore.exe,28.32,54.02,54.02,28.32,18
2026-09-16 23:31:48,14036,DefenderSessionHelper.exe,6.56,1.2,1.2,6.56,2
2026-09-16 23:31:48,14068,winlogon.exe,16.55,2.75,,16.55,4
2026-09-16 23:31:48,14164,nvcontainer.exe,39.94,36.25,36.25,39.94,56
2026-09-16 23:31:48,14308,conhost.exe,10.18,1.74,1.74,10.18,3
2026-09-16 23:31:48,14368,ApplicationFrameHost.exe,73.58,59.12,59.12,73.58,7
2026-09-16 23:31:48,14424,UserOOBEBroker.exe,12.2,2.06,2.06,12.2,4
2026-09-16 23:31:48,14432,WidgetService.exe,11.53,4.89,4.89,11.53,6
2026-09-16 23:31:48,14448,svchost.exe,24.55,8.06,,24.55,12
2026-09-16 23:31:48,14456,powershell.exe,75.14,68.31,68.31,75.14,15
2026-09-16 23:31:48,14552,svchost.exe,33.75,24.82,,33.75,27
2026-09-16 23:31:48,14712,svchost.exe,19.87,4.12,,19.87,5
2026-09-16 23:31:48,14772,svchost.exe,8.94,1.8,,8.94,1
2026-09-16 23:31:48,14880,svchost.exe,10.93,2.36,2.36,10.93,1
2026-09-16 23:31:48,14892,conhost.exe,7.38,1.21,,7.38,2
2026-09-16 23:31:48,14900,svchost.exe,29.79,11.39,11.39,29.79,11
2026-09-16 23:31:48,15096,chrome.exe,19.62,10.2,10.2,19.62,13
2026-09-16 23:31:48,15148,AdskAccessUIHost.exe,18.79,14.55,14.55,18.79,17
2026-09-16 23:31:48,15248,Code.exe,282.37,318.91,318.91,282.37,26
2026-09-16 23:31:48,15540,VBoxSDS.exe,17.4,4.76,,17.4,5
2026-09-16 23:31:48,15572,Code.exe,319.63,404.35,404.35,319.63,11
2026-09-16 23:31:48,15624,svchost.exe,16.32,4.2,,16.32,2
2026-09-16 23:31:48,15744,mscopilot.exe,131.07,40.14,40.14,131.07,56
2026-09-16 23:31:48,15848,pet.exe,8.79,4.09,4.09,8.79,13
2026-09-16 23:31:48,15928,svchost.exe,16.01,3.84,,16.01,12
2026-09-16 23:31:48,15952,NVIDIA Overlay.exe,26.85,48.48,48.48,26.85,26
2026-09-16 23:31:48,16080,msedgewebview2.exe,116.95,118.87,118.87,116.95,25
2026-09-16 23:31:48,16276,Code.exe,27.29,177.0,177.0,27.29,51
2026-09-16 23:31:48,16284,EpicWebHelper.exe,22.41,62.33,62.33,22.41,12
2026-09-16 23:31:48,16320,ASUSSmartDisplayControl.exe,3.02,2.33,,3.02,3
2026-09-16 23:31:48,16336,CrossDeviceResume.exe,20.64,38.64,38.64,20.64,7
2026-09-16 23:31:48,16652,VirtualBox.exe,31.55,90.47,90.47,31.55,13
2026-09-16 23:31:48,16700,mscopilot.exe,40.07,11.98,11.98,40.07,24
2026-09-16 23:31:48,16900,chrome.exe,51.08,20.39,20.39,51.08,22
2026-09-16 23:31:48,16944,dllhost.exe,12.35,2.61,2.61,12.35,2
2026-09-16 23:31:48,17000,mscopilot.exe,57.84,60.48,60.48,57.84,16
2026-09-16 23:31:48,17004,Code.exe,149.3,224.92,224.92,149.3,24
2026-09-16 23:31:48,17076,svchost.exe,18.89,3.66,3.66,18.89,5
2026-09-16 23:31:48,17308,SecurityHealthSystray.exe,12.51,1.87,1.87,12.51,1
2026-09-16 23:31:48,17328,brave.exe,223.52,105.55,105.55,223.52,45
2026-09-16 23:31:48,17364,svchost.exe,7.68,1.57,,7.68,5
2026-09-16 23:31:48,17504,chrome.exe,175.52,256.24,256.24,175.52,24
2026-09-16 23:31:48,17572,RuntimeBroker.exe,20.45,3.47,3.47,20.45,3
2026-09-16 23:31:48,17720,conhost.exe,7.63,1.16,1.16,7.63,2
2026-09-16 23:31:48,17728,svchost.exe,30.78,10.57,10.57,30.78,4
2026-09-16 23:31:48,17792,svchost.exe,7.53,1.31,1.31,7.53,3
2026-09-16 23:31:48,18216,NVIDIA Overlay.exe,13.94,9.14,9.14,13.94,10
2026-09-16 23:31:48,18400,SecurityHealthService.exe,15.18,8.37,,15.18,9
2026-09-16 23:31:48,18436,Code.exe,128.67,154.56,154.56,128.67,19
2026-09-16 23:31:48,18560,csrss.exe,8.7,3.66,,8.7,22
2026-09-16 23:31:48,18588,svchost.exe,7.41,1.67,,7.41,5
2026-09-16 23:31:48,18620,SearchFilterHost.exe,11.86,2.25,,11.86,4
2026-09-16 23:31:48,18724,svchost.exe,9.96,2.19,,9.96,6
2026-09-16 23:31:48,18908,svchost.exe,20.16,4.59,4.59,20.16,3
2026-09-16 23:31:48,19348,FileSyncHelper.exe,21.27,7.23,,21.27,4
2026-09-16 23:31:48,19396,svchost.exe,8.56,1.55,,8.56,2
2026-09-16 23:31:48,19528,svchost.exe,28.15,5.89,,28.15,5
2026-09-16 23:31:48,19584,dllhost.exe,22.6,3.18,3.18,22.6,3
2026-09-16 23:31:48,19604,Code.exe,43.14,87.18,87.18,43.14,24
2026-09-16 23:31:48,20004,AsHotplugCtrl.exe,1.25,1.31,,1.25,1
2026-09-16 23:31:48,20052,SearchFilterHost.exe,26.49,31.35,,26.49,3
2026-09-16 23:31:48,20152,AsusOptimizationStartupTask.exe,9.49,3.34,3.34,9.49,7
2026-09-16 23:31:48,20296,AsusSoftwareManagerAgent.exe,30.41,40.02,,30.41,8
2026-09-16 23:31:48,20520,AcPowerNotification.exe,19.83,56.36,,19.83,19
2026-09-16 23:31:48,20780,taskhostw.exe,21.69,6.48,6.48,21.69,9
2026-09-16 23:31:48,20800,msedgewebview2.exe,60.53,83.38,83.38,60.53,19
2026-09-16 23:31:48,20928,BlueStacksServices.exe,18.73,57.81,57.81,18.73,25
2026-09-16 23:31:48,21224,RuntimeBroker.exe,34.5,10.02,10.02,34.5,38
2026-09-16 23:31:48,21412,ipf_helper.exe,11.6,1.99,1.99,11.6,4
2026-09-16 23:31:48,21584,dwm.exe,96.59,240.1,,96.59,19
2026-09-16 23:31:48,21592,Code.exe,15.29,9.7,9.7,15.29,7
2026-09-16 23:31:48,21704,asus_framework.exe,18.87,78.32,,18.87,41
2026-09-16 23:31:48,21752,chrome.exe,64.88,43.45,43.45,64.88,25
2026-09-16 23:31:48,21756,EpicGamesLauncher.exe,57.51,289.34,289.34,57.51,91
2026-09-16 23:31:48,21788,BlueStacksServices.exe,11.64,20.77,20.77,11.64,15
2026-09-16 23:31:48,21892,EpicWebHelper.exe,23.17,29.5,29.5,23.17,8
2026-09-16 23:31:48,22072,StartMenuExperienceHost.exe,112.99,107.68,107.68,112.99,16
2026-09-16 23:31:48,22144,svchost.exe,23.73,4.9,4.9,23.73,10
2026-09-16 23:31:48,22200,asus_framework.exe,5.23,15.2,,5.23,14
2026-09-16 23:31:48,22424,svchost.exe,20.57,4.55,,20.57,9
2026-09-16 23:31:48,22608,RuntimeBroker.exe,21.39,6.06,6.06,21.39,3
2026-09-16 23:31:48,22628,brave.exe,245.25,178.82,178.82,245.25,22
2026-09-16 23:31:48,22648,AppActions.exe,14.8,12.0,12.0,14.8,7
2026-09-16 23:31:48,22656,nvcontainer.exe,11.24,11.07,11.07,11.24,17
2026-09-16 23:31:48,22788,servicehost.exe,38.57,36.4,,38.57,96
2026-09-16 23:31:48,22812,msedgewebview2.exe,12.34,2.89,2.89,12.34,8
2026-09-16 23:31:48,22924,RuntimeBroker.exe,13.79,2.36,2.36,13.79,2
2026-09-16 23:31:48,23148,CrossDeviceService.exe,35.04,20.69,20.69,35.04,13
2026-09-16 23:31:48,23248,svchost.exe,11.63,3.09,,11.63,6
2026-09-16 23:31:48,23324,sihost.exe,34.04,7.84,7.84,34.04,13
2026-09-16 23:31:48,23504,svchost.exe,7.19,1.39,,7.19,4
2026-09-16 23:31:48,23648,AdskAccessUIHost.exe,29.61,82.74,82.74,29.61,47
2026-09-16 23:31:48,23724,powershell.exe,48.52,70.55,70.55,48.52,9
2026-09-16 23:31:48,23828,RtkAudUService64.exe,13.74,30.01,30.01,13.74,12
2026-09-16 23:31:48,23872,chrome.exe,303.6,342.77,342.77,303.6,28
2026-09-16 23:31:48,24032,ArmourySocketServer.exe,0.95,4.91,,0.95,17
2026-09-16 23:31:48,24404,OfficeClickToRun.exe,22.69,36.93,,22.69,19
2026-09-16 23:31:48,24540,AdskIdentityManager.exe,17.34,8.97,8.97,17.34,22
2026-09-16 23:31:49,24604,AsusScreenXpertUI.exe,16.66,3.25,,16.66,3
2026-09-16 23:31:49,24648,dllhost.exe,16.48,2.16,2.16,16.48,3
2026-09-16 23:31:49,24688,ArmouryHtmlDebugServer.exe,1.05,1.31,,1.05,2
2026-09-16 23:31:49,24772,VirtualBoxVM.exe,5.63,3.07,3.07,5.63,1
2026-09-16 23:31:49,24904,AdskAccessUIHost.exe,20.54,63.66,63.66,20.54,14
2026-09-16 23:31:49,24980,NVDisplay.Container.exe,28.93,35.52,,28.93,28
2026-09-16 23:31:49,25160,OpenConsole.exe,11.31,2.23,2.23,11.31,4
2026-09-16 23:31:49,25244,cmd.exe,7.56,3.34,3.34,7.56,1
2026-09-16 23:31:49,25436,VirtualBoxVM.exe,9.34,2.29,2.29,9.34,1
2026-09-16 23:31:49,25476,msedgewebview2.exe,30.65,13.77,13.77,30.65,22
2026-09-16 23:31:49,25656,PSExpressCore.exe,77.41,90.29,90.29,77.41,26
2026-09-16 23:31:49,25788,brave.exe,112.56,59.98,59.98,112.56,22
2026-09-16 23:31:49,25880,SearchHost.exe,93.29,78.27,78.27,93.29,12
2026-09-16 23:31:49,25908,SearchFilterHost.exe,13.51,2.53,,13.51,5
2026-09-16 23:31:49,26072,RuntimeBroker.exe,50.97,15.7,15.7,50.97,13
2026-09-16 23:31:49,26128,svchost.exe,6.18,2.29,,6.18,3
2026-09-16 23:31:49,26444,chrome.exe,10.35,2.51,2.51,10.35,7
2026-09-16 23:31:49,26724,BlueStacksServices.exe,36.71,58.9,58.9,36.71,29
2026-09-16 23:31:49,26844,AdskAccessUIHost.exe,15.36,50.38,50.38,15.36,23
2026-09-16 23:31:49,27008,svchost.exe,12.49,3.44,,12.49,4
2026-09-16 23:31:49,27328,EpicOnlineServicesUserHelper.exe,14.88,59.93,59.93,14.88,11
2026-09-16 23:31:49,27392,ctfmon.exe,25.51,6.23,,25.51,14
2026-09-16 23:31:49,27432,chrome.exe,61.43,38.63,38.63,61.43,24
2026-09-16 23:31:49,27440,OpenConsole.exe,11.63,2.27,2.27,11.63,5
2026-09-16 23:31:49,27464,Code.exe,36.8,126.61,126.61,36.8,23
2026-09-16 23:31:49,27560,LockApp.exe,40.86,46.33,46.33,40.86,18
2026-09-16 23:31:49,27604,fontdrvhost.exe,7.69,3.7,,7.69,5
2026-09-16 23:31:49,27656,SearchProtocolHost.exe,17.56,9.45,,17.56,7
2026-09-16 23:31:49,27708,NVIDIA Overlay.exe,22.04,11.46,11.46,22.04,20
2026-09-16 23:31:49,27764,OpenConsole.exe,10.93,2.25,2.25,10.93,4
2026-09-16 23:31:49,27848,SearchFilterHost.exe,12.2,2.29,,12.2,1
2026-09-16 23:31:49,28084,nvsphelper64.exe,15.5,3.43,,15.5,6
2026-09-16 23:31:49,28256,AsMonitorControl.exe,1.49,1.24,,1.49,2
2026-09-16 23:31:49,28396,SearchFilterHost.exe,14.43,3.84,,14.43,6
2026-09-16 23:31:49,28908,brave.exe,54.11,64.16,64.16,54.11,21
2026-09-16 23:31:49,28968,svchost.exe,12.85,2.25,,12.85,2
2026-09-16 23:31:49,29264,BlueStacksServices.exe,17.01,13.3,13.3,17.01,9
2026-09-16 23:31:49,29308,explorer.exe,303.38,349.71,349.71,303.38,84
2026-09-16 23:31:49,29312,browserhost.exe,19.29,7.01,7.01,19.29,38
2026-09-16 23:31:49,29428,PSExpressBroker.exe,51.9,26.34,26.34,51.9,33
2026-09-16 23:31:49,29440,ArmouryCrate.exe,2.21,52.72,52.72,2.21,12
2026-09-16 23:31:49,29496,EOSOverlayRenderer-Win64-Shipping.exe,57.2,45.64,45.64,57.2,25
2026-09-16 23:31:49,29972,PhoneExperienceHost.exe,173.62,75.15,75.15,173.62,20
2026-09-16 23:31:49,30104,backgroundTaskHost.exe,60.68,24.33,24.33,60.68,6
2026-09-16 23:31:49,30132,SearchFilterHost.exe,13.55,3.65,,13.55,4
2026-09-16 23:31:49,30140,brave.exe,19.57,8.93,8.93,19.57,10
2026-09-16 23:31:49,30300,chrome.exe,44.43,60.19,60.19,44.43,14
2026-09-16 23:31:49,31284,brave.exe,250.45,304.79,304.79,250.45,49
2026-09-16 23:31:49,31432,brave.exe,20.31,10.1,10.1,20.31,11
2026-09-16 23:31:49,31500,brave.exe,8.95,2.38,2.38,8.95,7
2026-09-16 23:31:49,31520,brave.exe,51.03,19.43,19.43,51.03,20
2026-09-16 23:31:52,0,System Idle Process,0.01,0.06,,0.01,36
2026-09-16 23:31:52,4,System,4.34,0.05,,4.34,436
2026-09-16 23:31:52,188,,63.28,0.17,,63.28,0
2026-09-16 23:31:52,232,Registry,48.88,9.05,,48.88,4
2026-09-16 23:31:52,396,ArmouryCrate.UserSessionHelper.exe,38.91,35.93,,38.91,138
2026-09-16 23:31:52,704,GameInputSvc.exe,15.9,3.83,,15.9,7
2026-09-16 23:31:52,796,svchost.exe,27.81,10.37,,27.81,13
2026-09-16 23:31:52,828,smss.exe,1.32,1.14,,1.32,2
2026-09-16 23:31:52,1004,svchost.exe,11.06,7.41,,11.06,2
2026-09-16 23:31:52,1220,csrss.exe,7.08,2.43,,7.08,13
2026-09-16 23:31:52,1324,svchost.exe,12.32,4.09,,12.32,11
2026-09-16 23:31:52,1340,wininit.exe,9.4,1.81,,9.4,2
2026-09-16 23:31:52,1400,GameInputRedistService.exe,12.8,21.15,,12.8,10
2026-09-16 23:31:52,1408,services.exe,19.0,7.58,,19.0,10
2026-09-16 23:31:52,1428,LsaIso.exe,3.96,1.3,,3.96,1
2026-09-16 23:31:52,1436,lsass.exe,22.73,13.78,,22.73,11
2026-09-16 23:31:52,1448,FileCoAuth.exe,20.92,11.64,11.64,20.92,6
2026-09-16 23:31:52,1576,svchost.exe,39.14,17.88,,39.14,24
2026-09-16 23:31:52,1596,WUDFHost.exe,21.59,13.37,,21.59,20
2026-09-16 23:31:52,1628,fontdrvhost.exe,5.5,3.57,,5.5,5
2026-09-16 23:31:52,1704,svchost.exe,24.39,14.57,,24.39,12
2026-09-16 23:31:52,1760,svchost.exe,12.03,3.68,,12.03,6
2026-09-16 23:31:52,1768,dllhost.exe,20.91,2.78,2.78,20.91,4
2026-09-16 23:31:52,1812,WUDFHost.exe,14.35,4.5,,14.35,11
2026-09-16 23:31:52,1904,Adobe Crash Processor.exe,11.88,2.22,2.22,11.88,4
2026-09-16 23:31:52,2032,svchost.exe,6.72,1.38,,6.72,3
2026-09-16 23:31:52,2040,svchost.exe,6.59,2.39,,6.59,4
2026-09-16 23:31:52,2060,svchost.exe,10.26,2.86,,10.26,7
2026-09-16 23:31:52,2108,AsusCertService.exe,7.46,1.44,,7.46,4
2026-09-16 23:31:52,2156,svchost.exe,13.46,3.32,,13.46,6
2026-09-16 23:31:52,2176,svchost.exe,14.7,2.37,,14.7,3
2026-09-16 23:31:52,2300,svchost.exe,9.8,2.19,,9.8,4
2026-09-16 23:31:52,2308,IntelCpHDCPSvc.exe,7.03,1.44,,7.03,3
2026-09-16 23:31:52,2320,svchost.exe,11.62,3.19,,11.62,9
2026-09-16 23:31:52,2412,svchost.exe,22.53,8.71,,22.53,16
2026-09-16 23:31:52,2460,Code.exe,96.57,97.82,97.82,96.57,73
2026-09-16 23:31:52,2492,svchost.exe,13.73,3.17,,13.73,8
2026-09-16 23:31:52,2560,AsusOSD.exe,19.57,4.61,,19.57,3
2026-09-16 23:31:52,2580,SystemSettings.exe,130.45,140.15,140.15,130.45,45
2026-09-16 23:31:52,2624,Code.exe,48.27,105.36,105.36,48.27,31
2026-09-16 23:31:52,2680,svchost.exe,7.58,1.84,,7.58,3
2026-09-16 23:31:52,2964,svchost.exe,16.76,6.9,,16.76,9
2026-09-16 23:31:52,3004,NVDisplay.Container.exe,22.88,32.51,,22.88,39
2026-09-16 23:31:52,3040,python.exe,4.59,0.78,0.78,4.59,3
2026-09-16 23:31:52,3060,svchost.exe,7.25,1.54,,7.25,5
2026-09-16 23:31:52,3068,svchost.exe,20.28,17.69,,20.28,9
2026-09-16 23:31:52,3076,svchost.exe,10.07,2.1,,10.07,5
2026-09-16 23:31:52,3080,svchost.exe,8.74,3.77,,8.74,6
2026-09-16 23:31:52,3092,svchost.exe,13.48,2.57,,13.48,3
2026-09-16 23:31:52,3260,MemCompression,60.13,4.0,,60.13,58
2026-09-16 23:31:52,3316,svchost.exe,12.66,2.52,,12.66,3
2026-09-16 23:31:52,3324,svchost.exe,23.2,4.02,,23.2,8
2026-09-16 23:31:52,3340,brave.exe,66.19,28.32,28.32,66.19,21
2026-09-16 23:31:52,3420,svchost.exe,12.53,4.07,,12.53,3
2026-09-16 23:31:52,3428,svchost.exe,11.33,2.52,,11.33,7
2026-09-16 23:31:52,3444,svchost.exe,28.04,10.68,,28.04,8
2026-09-16 23:31:52,3476,WUDFHost.exe,11.76,2.9,,11.76,5
2026-09-16 23:31:53,3604,svchost.exe,24.34,5.44,,24.34,6
2026-09-16 23:31:53,3612,brave.exe,87.5,56.05,56.05,87.5,23
2026-09-16 23:31:53,3652,svchost.exe,10.66,2.0,,10.66,5
2026-09-16 23:31:53,3716,svchost.exe,8.75,1.66,,8.75,2
2026-09-16 23:31:53,3740,svchost.exe,8.32,1.96,,8.32,4
2026-09-16 23:31:53,3848,svchost.exe,26.93,25.64,,26.93,5
2026-09-16 23:31:53,3864,chrome.exe,382.51,346.29,346.29,382.51,30
2026-09-16 23:31:53,3872,svchost.exe,23.88,7.36,,23.88,15
2026-09-16 23:31:53,3904,AsusOptimization.exe,11.83,2.46,,11.83,10
2026-09-16 23:31:53,3912,svchost.exe,12.99,4.12,,12.99,6
2026-09-16 23:31:53,3996,VBoxSVC.exe,21.71,9.51,9.51,21.71,18
2026-09-16 23:31:53,4116,svchost.exe,9.13,2.11,,9.13,7
2026-09-16 23:31:53,4128,GlideXNearService.exe,14.05,3.94,,14.05,11
2026-09-16 23:31:53,4160,spoolsv.exe,13.24,8.84,,13.24,8
2026-09-16 23:31:53,4212,svchost.exe,24.04,14.64,,24.04,16
2026-09-16 23:31:53,4252,GameSDK.exe,8.35,1.84,,8.35,3
2026-09-16 23:31:53,4264,svchost.exe,24.18,12.52,,24.18,18
2026-09-16 23:31:53,4300,svchost.exe,17.69,4.11,,17.69,13
2026-09-16 23:31:53,4320,svchost.exe,9.52,1.93,,9.52,4
2026-09-16 23:31:53,4488,ArmouryCrateControlInterface.exe,11.87,2.46,,11.87,3
2026-09-16 23:31:53,4496,ArmouryCrate.Service.exe,35.79,62.64,,35.79,120
2026-09-16 23:31:53,4524,AdskLicensingService.exe,17.21,20.64,,17.21,13
2026-09-16 23:31:53,4532,AsusAppService.exe,7.93,5.72,,7.93,4
2026-09-16 23:31:53,4540,AsMsControl.exe,7.7,1.76,,7.7,1
2026-09-16 23:31:53,4636,AsusScreenXpertHostService.exe,5.02,5.27,,5.02,4
2026-09-16 23:31:53,4652,msedgewebview2.exe,13.14,8.62,8.62,13.14,10
2026-09-16 23:31:53,4656,AsusPTPService.exe,6.79,1.55,,6.79,4
2026-09-16 23:31:53,4668,AsusSoftwareManager.exe,21.12,4.55,,21.12,12
2026-09-16 23:31:53,4680,AsusSwitch.exe,9.41,2.1,,9.41,7
2026-09-16 23:31:53,4720,AggregatorHost.exe,12.73,2.95,,12.73,1
2026-09-16 23:31:53,4724,AsusSystemAnalysis.exe,19.05,5.39,,19.05,7
2026-09-16 23:31:53,4744,AsusSystemDiagnosis.exe,12.21,2.65,,12.21,2
2026-09-16 23:31:53,4752,AuraWallpaperService.exe,8.95,22.05,,8.95,8
2026-09-16 23:31:53,4808,GlideXRemoteService.exe,12.73,3.68,,12.73,5
2026-09-16 23:31:53,4832,svchost.exe,10.16,2.01,,10.16,5
2026-09-16 23:31:53,4848,AdskAccessServiceHost.exe,13.4,14.12,,13.4,8
2026-09-16 23:31:53,4864,svchost.exe,36.55,32.55,,36.55,12
2026-09-16 23:31:53,4900,DAX3API.exe,13.26,7.76,,13.26,10
2026-09-16 23:31:53,4916,svchost.exe,42.65,45.72,,42.65,18
2026-09-16 23:31:53,4936,ipfsvc.exe,6.76,1.68,,6.76,8
2026-09-16 23:31:53,4952,FNPLicensingService64.exe,10.46,3.31,,10.46,10
2026-09-16 23:31:53,5100,WMIRegistrationService.exe,15.2,3.18,,15.2,2
2026-09-16 23:31:53,5188,svchost.exe,27.34,20.0,,27.34,13
2026-09-16 23:31:53,5192,GlideXServiceExt.exe,6.81,3.31,,6.81,4
2026-09-16 23:31:53,5236,GlideXService.exe,18.89,6.01,,18.89,17
2026-09-16 23:31:53,5260,OneApp.IGCC.WinService.exe,12.55,32.48,,12.55,5
2026-09-16 23:31:53,5316,IntelAudioService.exe,12.48,39.45,,12.48,5
2026-09-16 23:31:53,5376,ipf_uf.exe,7.92,2.15,,7.92,5
2026-09-16 23:31:53,5452,jhi_service.exe,7.95,1.39,,7.95,2
2026-09-16 23:31:53,5472,svchost.exe,14.15,3.2,,14.15,6
2026-09-16 23:31:53,5612,MpDefenderCoreService.exe,23.83,12.71,,23.83,10
2026-09-16 23:31:53,5768,nvcontainer.exe,17.6,14.84,,17.6,27
2026-09-16 23:31:53,5840,RtkAudUService64.exe,13.31,26.66,,13.31,7
2026-09-16 23:31:53,5924,WmiPrvSE.exe,23.96,22.45,,23.96,5
2026-09-16 23:31:53,5956,ROGLiveService.exe,11.48,13.11,,11.48,36
2026-09-16 23:31:53,5968,RstMwService.exe,9.59,2.37,,9.59,9
2026-09-16 23:31:53,5976,RtkAudUService64.exe,11.32,31.35,,11.32,69
2026-09-16 23:31:53,5992,svchost.exe,10.16,1.86,,10.16,6
2026-09-16 23:31:53,6028,RtkBtManServ.exe,9.28,1.93,,9.28,3
2026-09-16 23:31:53,6036,svchost.exe,11.51,2.51,,11.51,6
2026-09-16 23:31:53,6116,ShellHost.exe,66.0,36.71,36.71,66.0,7
2026-09-16 23:31:54,6128,MsMpEng.exe,305.65,479.51,,305.65,56
2026-09-16 23:31:54,6152,svchost.exe,21.25,5.86,,21.25,8
2026-09-16 23:31:54,6172,Widgets.exe,37.92,10.23,10.23,37.92,9
2026-09-16 23:31:54,6180,WmiPrvSE.exe,41.41,29.46,,41.41,9
2026-09-16 23:31:54,6192,svchost.exe,6.97,1.51,,6.97,4
2026-09-16 23:31:54,6424,Code.exe,38.77,13.32,13.32,38.77,21
2026-09-16 23:31:54,6560,taskhostw.exe,28.24,7.96,,28.24,6
2026-09-16 23:31:54,6884,BraveCrashHandler.exe,2.46,1.79,,2.46,3
2026-09-16 23:31:54,6952,rlm.foundry.exe,10.14,3.91,,10.14,4
2026-09-16 23:31:54,7136,chrome.exe,22.02,9.12,9.12,22.02,12
2026-09-16 23:31:54,7224,python.exe,18.81,10.84,10.84,18.81,4
2026-09-16 23:31:54,7328,svchost.exe,11.6,2.62,,11.6,3
2026-09-16 23:31:54,7492,unsecapp.exe,10.14,1.81,,10.14,3
2026-09-16 23:31:54,7512,chrome.exe,161.03,261.75,261.75,161.03,25
2026-09-16 23:31:54,7764,ShellExperienceHost.exe,43.46,46.06,46.06,43.46,18
2026-09-16 23:31:54,7768,EOSOverlayRenderer-Win64-Shipping.exe,25.28,11.7,11.7,25.28,20
2026-09-16 23:31:54,8064,SearchIndexer.exe,76.73,305.68,,76.73,14
2026-09-16 23:31:54,8076,svchost.exe,14.86,1.99,1.99,14.86,6
2026-09-16 23:31:54,8080,brave.exe,358.46,309.06,309.06,358.46,25
2026-09-16 23:31:54,8088,svchost.exe,12.59,7.18,,12.59,5
2026-09-16 23:31:54,8276,uihost.exe,27.67,12.59,12.59,27.67,66
2026-09-16 23:31:54,8448,conhost.exe,7.12,1.24,,7.12,3
2026-09-16 23:31:54,8468,rlm.foundry.exe,10.2,3.72,,10.2,1
2026-09-16 23:31:54,8516,svchost.exe,15.13,3.85,,15.13,9
2026-09-16 23:31:54,8700,NVIDIA Overlay.exe,20.46,120.48,120.48,20.46,17
2026-09-16 23:31:54,8748,svchost.exe,19.95,5.91,,19.95,14
2026-09-16 23:31:54,9144,dllhost.exe,23.95,3.37,3.37,23.95,3
2026-09-16 23:31:54,9212,EOSOverlayRenderer-Win64-Shipping.exe,49.09,32.72,32.72,49.09,40
2026-09-16 23:31:54,9344,svchost.exe,5.51,1.07,,5.51,2
2026-09-16 23:31:54,9364,gamingservicesnet.exe,11.69,12.57,,11.69,39
2026-09-16 23:31:54,9592,NVIDIA Overlay.exe,46.9,138.65,138.65,46.9,86
2026-09-16 23:31:54,9604,mscopilot.exe,18.76,7.86,7.86,18.76,11
2026-09-16 23:31:54,9616,RuntimeBroker.exe,30.16,4.25,4.25,30.16,2
2026-09-16 23:31:54,9644,conhost.exe,10.61,1.66,1.66,10.61,3
2026-09-16 23:31:54,9664,svchost.exe,27.45,5.77,,27.45,7
2026-09-16 23:31:54,9712,svchost.exe,11.12,2.73,,11.12,9
2026-09-16 23:31:54,9972,svchost.exe,27.82,6.44,,27.82,7
2026-09-16 23:31:54,10068,msedgewebview2.exe,68.56,41.75,41.75,68.56,49
2026-09-16 23:31:54,10092,gamingservices.exe,24.62,9.07,,24.62,19
2026-09-16 23:31:54,10220,svchost.exe,9.13,1.93,,9.13,2
2026-09-16 23:31:54,10244,powershell.exe,44.71,70.5,70.5,44.71,9
2026-09-16 23:31:54,10312,svchost.exe,25.7,11.32,,25.7,13
2026-09-16 23:31:54,10556,svchost.exe,10.88,1.91,,10.88,5
2026-09-16 23:31:54,10592,svchost.exe,16.7,2.84,,16.7,2
2026-09-16 23:31:54,10668,svchost.exe,13.23,2.86,,13.23,5
2026-09-16 23:31:54,10672,brave.exe,83.67,49.82,49.82,83.67,22
2026-09-16 23:31:54,10684,OneDrive.exe,318.94,456.89,456.89,318.94,32
2026-09-16 23:31:54,10744,GameInputSvc.exe,7.04,1.4,,7.04,3
2026-09-16 23:31:54,10788,nvcontainer.exe,26.89,20.45,,26.89,19
2026-09-16 23:31:54,10904,asus_framework.exe,1.73,25.44,25.44,1.73,23
2026-09-16 23:31:54,10956,EpicOnlineServicesUserHelper.exe,56.04,77.18,77.18,56.04,13
2026-09-16 23:31:54,11056,BraveCrashHandler64.exe,2.24,1.77,,2.24,3
2026-09-16 23:31:54,11104,svchost.exe,23.29,11.45,,23.29,12
2026-09-16 23:31:54,11168,svchost.exe,16.14,3.18,,16.14,2
2026-09-16 23:31:54,11248,NgcIso.exe,4.5,1.38,,4.5,3
2026-09-16 23:31:54,11292,svchost.exe,25.78,6.79,,25.78,12
2026-09-16 23:31:54,11516,EOSOverlayRenderer-Win64-Shipping.exe,18.3,64.19,64.19,18.3,37
2026-09-16 23:31:54,11784,NisSrv.exe,13.02,4.39,,13.02,4
2026-09-16 23:31:54,11900,chrome.exe,176.62,126.22,126.22,176.62,47
2026-09-16 23:31:54,11952,SDXHelper.exe,19.9,20.0,20.0,19.9,13
2026-09-16 23:31:54,12096,audiodg.exe,40.46,130.82,,40.46,22
2026-09-16 23:31:54,12452,Code.exe,42.51,69.04,69.04,42.51,26
2026-09-16 23:31:54,12536,EOSOverlayRenderer-Win64-Shipping.exe,14.48,8.8,8.8,14.48,11
2026-09-16 23:31:54,12968,MoNotificationUx.exe,13.23,2.2,2.2,13.23,1
2026-09-16 23:31:54,13136,GameInputRedistService.exe,15.21,2.18,2.18,15.21,2
2026-09-16 23:31:54,13252,mscopilot_proxy.exe,20.15,3.04,3.04,20.15,2
2026-09-16 23:31:54,13292,LightingService.exe,25.69,12.21,,25.69,10
2026-09-16 23:31:54,13308,brave.exe,104.94,74.73,74.73,104.94,22
2026-09-16 23:31:54,13520,mscopilot.exe,13.46,2.81,2.81,13.46,8
2026-09-16 23:31:54,13828,VirtualBoxVM.exe,4003.2,4372.31,4372.31,4003.2,37
2026-09-16 23:31:54,13860,AdskAccessCore.exe,28.32,54.02,54.02,28.32,18
2026-09-16 23:31:54,14036,DefenderSessionHelper.exe,6.56,1.2,1.2,6.56,2
2026-09-16 23:31:54,14068,winlogon.exe,16.55,2.75,,16.55,4
2026-09-16 23:31:54,14164,nvcontainer.exe,39.94,36.25,36.25,39.94,56
2026-09-16 23:31:54,14308,conhost.exe,10.18,1.74,1.74,10.18,3
2026-09-16 23:31:54,14368,ApplicationFrameHost.exe,73.58,59.12,59.12,73.58,7
2026-09-16 23:31:54,14424,UserOOBEBroker.exe,12.17,2.02,2.02,12.17,3
2026-09-16 23:31:54,14432,WidgetService.exe,11.53,4.89,4.89,11.53,6
2026-09-16 23:31:54,14448,svchost.exe,24.55,8.06,,24.55,12
2026-09-16 23:31:54,14456,powershell.exe,75.06,68.17,68.17,75.06,12
2026-09-16 23:31:54,14552,svchost.exe,33.89,24.9,,33.89,28
2026-09-16 23:31:54,14712,svchost.exe,19.87,4.12,,19.87,5
2026-09-16 23:31:54,14772,svchost.exe,8.94,1.8,,8.94,1
2026-09-16 23:31:54,14880,svchost.exe,10.93,2.36,2.36,10.93,1
2026-09-16 23:31:54,14892,conhost.exe,7.38,1.21,,7.38,2
2026-09-16 23:31:54,14900,svchost.exe,29.88,11.42,11.42,29.88,11
2026-09-16 23:31:54,15096,chrome.exe,19.62,10.2,10.2,19.62,13
2026-09-16 23:31:54,15148,AdskAccessUIHost.exe,18.79,14.55,14.55,18.79,17
2026-09-16 23:31:54,15248,Code.exe,289.41,326.65,326.65,289.41,26
2026-09-16 23:31:54,15540,VBoxSDS.exe,17.4,4.76,,17.4,5
2026-09-16 23:31:54,15572,Code.exe,319.63,404.35,404.35,319.63,11
2026-09-16 23:31:54,15624,svchost.exe,16.32,4.2,,16.32,2
2026-09-16 23:31:54,15744,mscopilot.exe,131.07,40.14,40.14,131.07,56
2026-09-16 23:31:54,15848,pet.exe,8.79,4.09,4.09,8.79,13
2026-09-16 23:31:54,15928,svchost.exe,16.01,3.84,,16.01,12
2026-09-16 23:31:54,15952,NVIDIA Overlay.exe,26.85,48.48,48.48,26.85,26
2026-09-16 23:31:54,16080,msedgewebview2.exe,116.95,118.87,118.87,116.95,25
2026-09-16 23:31:54,16276,Code.exe,27.29,177.0,177.0,27.29,51
2026-09-16 23:31:54,16284,EpicWebHelper.exe,22.41,62.33,62.33,22.41,12
2026-09-16 23:31:54,16320,ASUSSmartDisplayControl.exe,3.02,2.33,,3.02,3
2026-09-16 23:31:54,16336,CrossDeviceResume.exe,20.64,38.64,38.64,20.64,7
2026-09-16 23:31:54,16652,VirtualBox.exe,31.66,90.59,90.59,31.66,13
2026-09-16 23:31:54,16700,mscopilot.exe,40.07,11.98,11.98,40.07,24
2026-09-16 23:31:54,16900,chrome.exe,51.1,20.41,20.41,51.1,22
2026-09-16 23:31:54,16944,dllhost.exe,12.35,2.61,2.61,12.35,2
2026-09-16 23:31:54,17000,mscopilot.exe,57.84,60.48,60.48,57.84,16
2026-09-16 23:31:54,17004,Code.exe,149.3,224.92,224.92,149.3,24
2026-09-16 23:31:54,17076,svchost.exe,18.84,3.54,3.54,18.84,3
2026-09-16 23:31:54,17308,SecurityHealthSystray.exe,12.51,1.87,1.87,12.51,1
2026-09-16 23:31:54,17328,brave.exe,223.52,105.55,105.55,223.52,45
2026-09-16 23:31:54,17364,svchost.exe,7.68,1.57,,7.68,5
2026-09-16 23:31:55,17504,chrome.exe,180.31,261.29,261.29,180.31,24
2026-09-16 23:31:55,17572,RuntimeBroker.exe,20.45,3.47,3.47,20.45,3
2026-09-16 23:31:55,17720,conhost.exe,7.63,1.16,1.16,7.63,2
2026-09-16 23:31:55,17728,svchost.exe,30.78,10.57,10.57,30.78,4
2026-09-16 23:31:55,17792,svchost.exe,7.53,1.31,1.31,7.53,3
2026-09-16 23:31:55,18216,NVIDIA Overlay.exe,13.94,9.14,9.14,13.94,10
2026-09-16 23:31:55,18400,SecurityHealthService.exe,15.18,8.37,,15.18,9
2026-09-16 23:31:55,18436,Code.exe,135.15,162.03,162.03,135.15,19
2026-09-16 23:31:55,18560,csrss.exe,8.68,3.64,,8.68,22
2026-09-16 23:31:55,18588,svchost.exe,7.41,1.67,,7.41,5
2026-09-16 23:31:55,18620,SearchFilterHost.exe,11.86,2.25,,11.86,4
2026-09-16 23:31:55,18724,svchost.exe,9.96,2.19,,9.96,6
2026-09-16 23:31:55,18908,svchost.exe,20.16,4.59,4.59,20.16,3
2026-09-16 23:31:55,19348,FileSyncHelper.exe,21.27,7.23,,21.27,4
2026-09-16 23:31:55,19396,svchost.exe,8.56,1.55,,8.56,2
2026-09-16 23:31:55,19528,svchost.exe,28.15,5.89,,28.15,5
2026-09-16 23:31:55,19584,dllhost.exe,22.6,3.18,3.18,22.6,3
2026-09-16 23:31:55,19604,Code.exe,43.14,87.18,87.18,43.14,24
2026-09-16 23:31:55,20004,AsHotplugCtrl.exe,1.25,1.31,,1.25,1
2026-09-16 23:31:55,20052,SearchFilterHost.exe,26.48,31.35,,26.48,3
2026-09-16 23:31:55,20152,AsusOptimizationStartupTask.exe,9.49,3.34,3.34,9.49,7
2026-09-16 23:31:55,20296,AsusSoftwareManagerAgent.exe,30.43,40.06,,30.43,9
2026-09-16 23:31:55,20520,AcPowerNotification.exe,19.84,56.36,,19.84,19
2026-09-16 23:31:55,20780,taskhostw.exe,21.69,6.48,6.48,21.69,9
2026-09-16 23:31:55,20800,msedgewebview2.exe,60.53,83.38,83.38,60.53,19
2026-09-16 23:31:55,20928,BlueStacksServices.exe,18.73,57.81,57.81,18.73,25
2026-09-16 23:31:55,21224,RuntimeBroker.exe,34.5,10.02,10.02,34.5,38
2026-09-16 23:31:55,21412,ipf_helper.exe,11.6,1.99,1.99,11.6,4
2026-09-16 23:31:55,21584,dwm.exe,96.33,239.8,,96.33,19
2026-09-16 23:31:55,21592,Code.exe,15.29,9.7,9.7,15.29,7
2026-09-16 23:31:55,21704,asus_framework.exe,18.82,78.32,,18.82,41
2026-09-16 23:31:55,21752,chrome.exe,64.88,43.45,43.45,64.88,25
2026-09-16 23:31:55,21756,EpicGamesLauncher.exe,57.51,289.34,289.34,57.51,91
2026-09-16 23:31:55,21788,BlueStacksServices.exe,11.64,20.77,20.77,11.64,15
2026-09-16 23:31:55,21892,EpicWebHelper.exe,23.17,29.5,29.5,23.17,8
2026-09-16 23:31:55,22072,StartMenuExperienceHost.exe,112.99,107.68,107.68,112.99,16
2026-09-16 23:31:55,22144,svchost.exe,23.64,4.75,4.75,23.64,8
2026-09-16 23:31:55,22200,asus_framework.exe,5.2,15.2,,5.2,14
2026-09-16 23:31:55,22424,svchost.exe,20.57,4.55,,20.57,9
2026-09-16 23:31:55,22608,RuntimeBroker.exe,21.39,6.06,6.06,21.39,3
2026-09-16 23:31:55,22628,brave.exe,245.25,178.82,178.82,245.25,22
2026-09-16 23:31:55,22648,AppActions.exe,14.8,12.0,12.0,14.8,7
2026-09-16 23:31:55,22656,nvcontainer.exe,11.24,11.07,11.07,11.24,17
2026-09-16 23:31:55,22788,servicehost.exe,38.57,36.4,,38.57,96
2026-09-16 23:31:55,22812,msedgewebview2.exe,12.34,2.89,2.89,12.34,8
2026-09-16 23:31:55,22924,RuntimeBroker.exe,13.79,2.36,2.36,13.79,2
2026-09-16 23:31:55,23148,CrossDeviceService.exe,35.04,20.69,20.69,35.04,13
2026-09-16 23:31:55,23248,svchost.exe,11.63,3.09,,11.63,6
2026-09-16 23:31:55,23324,sihost.exe,34.04,7.84,7.84,34.04,13
2026-09-16 23:31:55,23504,svchost.exe,7.19,1.39,,7.19,4
2026-09-16 23:31:55,23648,AdskAccessUIHost.exe,29.61,82.74,82.74,29.61,47
2026-09-16 23:31:55,23724,powershell.exe,48.52,70.55,70.55,48.52,9
2026-09-16 23:31:55,23828,RtkAudUService64.exe,13.74,30.01,30.01,13.74,12
2026-09-16 23:31:55,23872,chrome.exe,303.6,342.77,342.77,303.6,28
2026-09-16 23:31:55,24032,ArmourySocketServer.exe,0.95,4.91,,0.95,17
2026-09-16 23:31:55,24404,OfficeClickToRun.exe,22.69,36.93,,22.69,19
2026-09-16 23:31:55,24540,AdskIdentityManager.exe,17.34,8.97,8.97,17.34,22
2026-09-16 23:31:55,24604,AsusScreenXpertUI.exe,16.66,3.25,,16.66,3
2026-09-16 23:31:55,24648,dllhost.exe,16.48,2.16,2.16,16.48,3
2026-09-16 23:31:55,24688,ArmouryHtmlDebugServer.exe,1.05,1.31,,1.05,2
2026-09-16 23:31:55,24772,VirtualBoxVM.exe,5.63,3.07,3.07,5.63,1
2026-09-16 23:31:55,24904,AdskAccessUIHost.exe,20.54,63.66,63.66,20.54,14
2026-09-16 23:31:55,24980,NVDisplay.Container.exe,28.93,35.52,,28.93,28
2026-09-16 23:31:55,25160,OpenConsole.exe,11.31,2.23,2.23,11.31,4
2026-09-16 23:31:55,25244,cmd.exe,7.56,3.34,3.34,7.56,1
2026-09-16 23:31:55,25436,VirtualBoxVM.exe,9.34,2.29,2.29,9.34,1
2026-09-16 23:31:55,25476,msedgewebview2.exe,30.65,13.77,13.77,30.65,22
2026-09-16 23:31:55,25656,PSExpressCore.exe,77.43,90.31,90.31,77.43,26
2026-09-16 23:31:55,25788,brave.exe,112.56,59.98,59.98,112.56,22
2026-09-16 23:31:55,25880,SearchHost.exe,93.29,78.27,78.27,93.29,12
2026-09-16 23:31:55,25908,SearchFilterHost.exe,13.51,2.53,,13.51,5
2026-09-16 23:31:55,26072,RuntimeBroker.exe,50.97,15.7,15.7,50.97,13
2026-09-16 23:31:55,26128,svchost.exe,6.18,2.29,,6.18,3
2026-09-16 23:31:55,26444,chrome.exe,10.35,2.51,2.51,10.35,7
2026-09-16 23:31:55,26724,BlueStacksServices.exe,37.37,59.47,59.47,37.37,29
2026-09-16 23:31:55,26844,AdskAccessUIHost.exe,15.36,50.38,50.38,15.36,23
2026-09-16 23:31:55,27008,svchost.exe,12.49,3.44,,12.49,4
2026-09-16 23:31:55,27328,EpicOnlineServicesUserHelper.exe,14.88,59.93,59.93,14.88,11
2026-09-16 23:31:55,27392,ctfmon.exe,25.51,6.23,,25.51,14
2026-09-16 23:31:55,27432,chrome.exe,61.43,38.63,38.63,61.43,24
2026-09-16 23:31:55,27440,OpenConsole.exe,11.63,2.27,2.27,11.63,5
2026-09-16 23:31:55,27464,Code.exe,36.74,126.54,126.54,36.74,23
2026-09-16 23:31:55,27560,LockApp.exe,40.86,46.33,46.33,40.86,18
2026-09-16 23:31:55,27604,fontdrvhost.exe,7.69,3.7,,7.69,5
2026-09-16 23:31:55,27656,SearchProtocolHost.exe,17.56,9.45,,17.56,7
2026-09-16 23:31:55,27708,NVIDIA Overlay.exe,22.04,11.46,11.46,22.04,20
2026-09-16 23:31:55,27764,OpenConsole.exe,10.93,2.25,2.25,10.93,4
2026-09-16 23:31:55,27848,SearchFilterHost.exe,12.16,2.29,,12.16,1
2026-09-16 23:31:55,28084,nvsphelper64.exe,15.5,3.43,,15.5,6
2026-09-16 23:31:55,28256,AsMonitorControl.exe,1.49,1.24,,1.49,2
2026-09-16 23:31:55,28396,SearchFilterHost.exe,14.41,3.84,,14.41,6
2026-09-16 23:31:55,28908,brave.exe,54.11,64.16,64.16,54.11,21
2026-09-16 23:31:55,28968,svchost.exe,12.85,2.25,,12.85,2
2026-09-16 23:31:55,29264,BlueStacksServices.exe,17.01,13.3,13.3,17.01,9
2026-09-16 23:31:55,29308,explorer.exe,302.22,348.45,348.45,302.22,84
2026-09-16 23:31:55,29312,browserhost.exe,19.29,7.01,7.01,19.29,38
2026-09-16 23:31:55,29428,PSExpressBroker.exe,51.83,26.27,26.27,51.83,33
2026-09-16 23:31:55,29440,ArmouryCrate.exe,2.21,52.72,52.72,2.21,12
2026-09-16 23:31:55,29496,EOSOverlayRenderer-Win64-Shipping.exe,57.2,45.64,45.64,57.2,25
2026-09-16 23:31:55,29972,PhoneExperienceHost.exe,173.29,74.79,74.79,173.29,19
2026-09-16 23:31:55,30104,backgroundTaskHost.exe,60.68,24.33,24.33,60.68,6
2026-09-16 23:31:55,30132,SearchFilterHost.exe,13.54,3.65,,13.54,4
2026-09-16 23:31:55,30140,brave.exe,19.57,8.93,8.93,19.57,10
2026-09-16 23:31:55,30300,chrome.exe,44.43,60.19,60.19,44.43,14
2026-09-16 23:31:55,31284,brave.exe,250.45,304.79,304.79,250.45,49
2026-09-16 23:31:55,31432,brave.exe,20.31,10.1,10.1,20.31,11
2026-09-16 23:31:55,31500,brave.exe,8.95,2.38,2.38,8.95,7
2026-09-16 23:31:55,31520,brave.exe,51.03,19.43,19.43,51.03,20
2026-09-16 23:31:58,0,System Idle Process,0.01,0.06,,0.01,36
2026-09-16 23:31:58,4,System,4.34,0.05,,4.34,436
2026-09-16 23:31:58,188,,63.28,0.17,,63.28,0
2026-09-16 23:31:58,232,Registry,48.61,9.05,,48.61,4
2026-09-16 23:31:58,396,ArmouryCrate.UserSessionHelper.exe,38.91,35.93,,38.91,138
2026-09-16 23:31:58,704,GameInputSvc.exe,15.9,3.83,,15.9,7
2026-09-16 23:31:58,796,svchost.exe,27.81,10.37,,27.81,13
2026-09-16 23:31:58,828,smss.exe,1.32,1.14,,1.32,2
2026-09-16 23:31:58,1004,svchost.exe,11.06,7.41,,11.06,2
2026-09-16 23:31:58,1220,csrss.exe,7.08,2.43,,7.08,13
2026-09-16 23:31:58,1324,svchost.exe,12.32,4.09,,12.32,11
2026-09-16 23:31:58,1340,wininit.exe,9.4,1.81,,9.4,2
2026-09-16 23:31:58,1400,GameInputRedistService.exe,12.8,21.15,,12.8,10
2026-09-16 23:31:58,1408,services.exe,18.99,7.57,,18.99,10
2026-09-16 23:31:58,1428,LsaIso.exe,3.96,1.3,,3.96,1
2026-09-16 23:31:58,1436,lsass.exe,22.61,13.66,,22.61,11
2026-09-16 23:31:58,1448,FileCoAuth.exe,20.92,11.64,11.64,20.92,6
2026-09-16 23:31:59,1576,svchost.exe,39.16,17.95,,39.16,25
2026-09-16 23:31:59,1596,WUDFHost.exe,21.59,13.37,,21.59,20
2026-09-16 23:31:59,1628,fontdrvhost.exe,5.5,3.57,,5.5,5
2026-09-16 23:31:59,1704,svchost.exe,24.15,14.34,,24.15,12
2026-09-16 23:31:59,1760,svchost.exe,12.04,3.67,,12.04,6
2026-09-16 23:31:59,1768,dllhost.exe,20.91,2.78,2.78,20.91,4
2026-09-16 23:31:59,1812,WUDFHost.exe,14.35,4.5,,14.35,11
2026-09-16 23:31:59,1904,Adobe Crash Processor.exe,11.88,2.22,2.22,11.88,4
2026-09-16 23:31:59,2032,svchost.exe,6.73,1.38,,6.73,3
2026-09-16 23:31:59,2040,svchost.exe,6.59,2.39,,6.59,4
2026-09-16 23:31:59,2060,svchost.exe,10.26,2.86,,10.26,7
2026-09-16 23:31:59,2108,AsusCertService.exe,7.46,1.44,,7.46,4
2026-09-16 23:31:59,2156,svchost.exe,13.46,3.32,,13.46,6
2026-09-16 23:31:59,2176,svchost.exe,14.7,2.37,,14.7,3
2026-09-16 23:31:59,2300,svchost.exe,9.8,2.18,,9.8,4
2026-09-16 23:31:59,2308,IntelCpHDCPSvc.exe,7.03,1.44,,7.03,3
2026-09-16 23:31:59,2320,svchost.exe,11.62,3.19,,11.62,9
2026-09-16 23:31:59,2412,svchost.exe,22.53,8.71,,22.53,16
2026-09-16 23:31:59,2460,Code.exe,97.14,98.44,98.44,97.14,73
2026-09-16 23:31:59,2492,svchost.exe,13.73,3.17,,13.73,8
2026-09-16 23:31:59,2560,AsusOSD.exe,19.57,4.61,,19.57,3
2026-09-16 23:31:59,2580,SystemSettings.exe,130.45,140.15,140.15,130.45,45
2026-09-16 23:31:59,2624,Code.exe,48.27,105.36,105.36,48.27,31
2026-09-16 23:31:59,2680,svchost.exe,7.58,1.84,,7.58,3
2026-09-16 23:31:59,2964,svchost.exe,16.76,6.9,,16.76,9
2026-09-16 23:31:59,3004,NVDisplay.Container.exe,22.96,32.51,,22.96,39
2026-09-16 23:31:59,3040,python.exe,4.59,0.78,0.78,4.59,3
2026-09-16 23:31:59,3060,svchost.exe,7.27,1.55,,7.27,5
2026-09-16 23:31:59,3068,svchost.exe,20.28,17.69,,20.28,9
2026-09-16 23:31:59,3076,svchost.exe,10.07,2.1,,10.07,5
2026-09-16 23:31:59,3080,svchost.exe,8.74,3.77,,8.74,6
2026-09-16 23:31:59,3092,svchost.exe,13.48,2.57,,13.48,3
2026-09-16 23:31:59,3260,MemCompression,60.6,4.0,,60.6,58
2026-09-16 23:31:59,3316,svchost.exe,12.66,2.52,,12.66,3
2026-09-16 23:31:59,3324,svchost.exe,23.2,4.02,,23.2,8
2026-09-16 23:31:59,3340,brave.exe,66.19,28.32,28.32,66.19,21
2026-09-16 23:31:59,3420,svchost.exe,12.53,4.07,,12.53,3
2026-09-16 23:31:59,3428,svchost.exe,11.33,2.52,,11.33,7
2026-09-16 23:31:59,3444,svchost.exe,28.04,10.68,,28.04,8
2026-09-16 23:31:59,3476,WUDFHost.exe,11.76,2.9,,11.76,5
2026-09-16 23:31:59,3604,svchost.exe,24.34,5.44,,24.34,6
2026-09-16 23:31:59,3612,brave.exe,87.52,56.05,56.05,87.52,23
2026-09-16 23:31:59,3652,svchost.exe,10.66,2.0,,10.66,5
2026-09-16 23:31:59,3716,svchost.exe,8.75,1.66,,8.75,2
2026-09-16 23:31:59,3740,svchost.exe,8.32,1.96,,8.32,4
2026-09-16 23:31:59,3848,svchost.exe,26.93,25.64,,26.93,5
2026-09-16 23:31:59,3864,chrome.exe,382.54,346.32,346.32,382.54,30
2026-09-16 23:31:59,3872,svchost.exe,23.88,7.36,,23.88,15
2026-09-16 23:31:59,3904,AsusOptimization.exe,11.83,2.46,,11.83,10
2026-09-16 23:31:59,3912,svchost.exe,12.99,4.12,,12.99,6
2026-09-16 23:31:59,3996,VBoxSVC.exe,21.73,9.52,9.52,21.73,18
2026-09-16 23:31:59,4116,svchost.exe,9.13,2.11,,9.13,7
2026-09-16 23:31:59,4128,GlideXNearService.exe,14.05,3.94,,14.05,11
2026-09-16 23:31:59,4160,spoolsv.exe,13.24,8.84,,13.24,8
2026-09-16 23:31:59,4212,svchost.exe,24.04,14.64,,24.04,16
2026-09-16 23:31:59,4252,GameSDK.exe,8.35,1.84,,8.35,3
2026-09-16 23:31:59,4264,svchost.exe,24.26,12.67,,24.26,18
2026-09-16 23:31:59,4300,svchost.exe,17.69,4.11,,17.69,13
2026-09-16 23:31:59,4320,svchost.exe,9.52,1.93,,9.52,4
2026-09-16 23:31:59,4488,ArmouryCrateControlInterface.exe,11.87,2.46,,11.87,3
2026-09-16 23:31:59,4496,ArmouryCrate.Service.exe,35.79,62.64,,35.79,120
2026-09-16 23:31:59,4524,AdskLicensingService.exe,17.21,20.64,,17.21,13
2026-09-16 23:31:59,4532,AsusAppService.exe,7.93,5.72,,7.93,4
2026-09-16 23:31:59,4540,AsMsControl.exe,7.7,1.76,,7.7,1
2026-09-16 23:31:59,4636,AsusScreenXpertHostService.exe,5.02,5.27,,5.02,4
2026-09-16 23:31:59,4652,msedgewebview2.exe,13.14,8.62,8.62,13.14,10
2026-09-16 23:31:59,4656,AsusPTPService.exe,6.79,1.55,,6.79,4
2026-09-16 23:31:59,4668,AsusSoftwareManager.exe,21.12,4.55,,21.12,12
2026-09-16 23:31:59,4680,AsusSwitch.exe,9.41,2.1,,9.41,7
2026-09-16 23:31:59,4720,AggregatorHost.exe,12.73,2.95,,12.73,1
2026-09-16 23:31:59,4724,AsusSystemAnalysis.exe,19.05,5.39,,19.05,7
2026-09-16 23:31:59,4744,AsusSystemDiagnosis.exe,12.21,2.65,,12.21,2
2026-09-16 23:32:00,4752,AuraWallpaperService.exe,8.95,22.05,,8.95,8
2026-09-16 23:32:00,4808,GlideXRemoteService.exe,12.73,3.68,,12.73,5
2026-09-16 23:32:00,4832,svchost.exe,10.16,2.01,,10.16,5
2026-09-16 23:32:00,4848,AdskAccessServiceHost.exe,13.4,14.12,,13.4,8
2026-09-16 23:32:00,4864,svchost.exe,36.65,32.66,,36.65,12
2026-09-16 23:32:00,4900,DAX3API.exe,13.26,7.76,,13.26,10
2026-09-16 23:32:00,4916,svchost.exe,45.79,49.19,,45.79,18
2026-09-16 23:32:00,4936,ipfsvc.exe,6.76,1.68,,6.76,8
2026-09-16 23:32:00,4952,FNPLicensingService64.exe,10.46,3.31,,10.46,10
2026-09-16 23:32:00,5100,WMIRegistrationService.exe,15.2,3.18,,15.2,2
2026-09-16 23:32:00,5188,svchost.exe,27.36,20.01,,27.36,13
2026-09-16 23:32:00,5192,GlideXServiceExt.exe,6.81,3.31,,6.81,4
2026-09-16 23:32:00,5236,GlideXService.exe,18.89,6.01,,18.89,17
2026-09-16 23:32:00,5260,OneApp.IGCC.WinService.exe,12.59,32.57,,12.59,7
2026-09-16 23:32:00,5316,IntelAudioService.exe,12.48,39.45,,12.48,5
2026-09-16 23:32:00,5376,ipf_uf.exe,7.92,2.15,,7.92,5
2026-09-16 23:32:00,5452,jhi_service.exe,7.95,1.39,,7.95,2
2026-09-16 23:32:00,5472,svchost.exe,14.15,3.2,,14.15,6
2026-09-16 23:32:00,5612,MpDefenderCoreService.exe,23.83,12.71,,23.83,10
2026-09-16 23:32:00,5768,nvcontainer.exe,17.6,14.84,,17.6,27
2026-09-16 23:32:00,5840,RtkAudUService64.exe,13.31,26.66,,13.31,7
2026-09-16 23:32:00,5924,WmiPrvSE.exe,23.96,22.45,,23.96,5
2026-09-16 23:32:00,5956,ROGLiveService.exe,11.48,13.11,,11.48,36
2026-09-16 23:32:00,5968,RstMwService.exe,9.59,2.37,,9.59,9
2026-09-16 23:32:00,5976,RtkAudUService64.exe,11.32,31.35,,11.32,69
2026-09-16 23:32:00,5992,svchost.exe,10.16,1.86,,10.16,6
2026-09-16 23:32:00,6028,RtkBtManServ.exe,9.28,1.93,,9.28,3
2026-09-16 23:32:00,6036,svchost.exe,11.51,2.51,,11.51,6
2026-09-16 23:32:00,6116,ShellHost.exe,66.0,36.71,36.71,66.0,7
2026-09-16 23:32:00,6128,MsMpEng.exe,308.14,478.71,,308.14,56
2026-09-16 23:32:00,6152,svchost.exe,21.25,5.86,,21.25,8
2026-09-16 23:32:00,6172,Widgets.exe,37.92,10.23,10.23,37.92,9
2026-09-16 23:32:00,6180,WmiPrvSE.exe,41.41,29.45,,41.41,9
2026-09-16 23:32:00,6192,svchost.exe,6.97,1.51,,6.97,4
2026-09-16 23:32:00,6424,Code.exe,38.8,13.38,13.38,38.8,21
2026-09-16 23:32:00,6560,taskhostw.exe,28.24,7.96,,28.24,6
2026-09-16 23:32:00,6884,BraveCrashHandler.exe,2.46,1.79,,2.46,3
2026-09-16 23:32:00,6952,rlm.foundry.exe,10.14,3.91,,10.14,4
2026-09-16 23:32:00,7136,chrome.exe,22.02,9.12,9.12,22.02,12
2026-09-16 23:32:00,7224,python.exe,18.81,10.84,10.84,18.81,4
2026-09-16 23:32:00,7328,svchost.exe,11.6,2.62,,11.6,3
2026-09-16 23:32:00,7492,unsecapp.exe,10.14,1.81,,10.14,3
2026-09-16 23:32:00,7512,chrome.exe,161.05,261.76,261.76,161.05,25
2026-09-16 23:32:00,7764,ShellExperienceHost.exe,43.46,46.06,46.06,43.46,18
2026-09-16 23:32:00,7768,EOSOverlayRenderer-Win64-Shipping.exe,25.28,11.7,11.7,25.28,20
2026-09-16 23:32:00,8064,SearchIndexer.exe,76.73,305.69,,76.73,14
2026-09-16 23:32:00,8076,svchost.exe,14.86,1.99,1.99,14.86,6
2026-09-16 23:32:00,8080,brave.exe,358.46,309.06,309.06,358.46,25
2026-09-16 23:32:00,8088,svchost.exe,12.59,7.18,,12.59,5
2026-09-16 23:32:00,8276,uihost.exe,28.29,13.21,13.21,28.29,66
2026-09-16 23:32:00,8448,conhost.exe,7.12,1.24,,7.12,3
2026-09-16 23:32:00,8468,rlm.foundry.exe,10.2,3.72,,10.2,1
2026-09-16 23:32:01,8516,svchost.exe,15.1,3.75,,15.1,8
2026-09-16 23:32:01,8700,NVIDIA Overlay.exe,20.46,120.48,120.48,20.46,17
2026-09-16 23:32:01,8748,svchost.exe,19.86,5.79,,19.86,13
2026-09-16 23:32:01,9144,dllhost.exe,23.95,3.37,3.37,23.95,3
2026-09-16 23:32:01,9212,EOSOverlayRenderer-Win64-Shipping.exe,49.09,32.72,32.72,49.09,40
2026-09-16 23:32:01,9344,svchost.exe,5.51,1.07,,5.51,2
2026-09-16 23:32:01,9364,gamingservicesnet.exe,11.69,12.57,,11.69,39
2026-09-16 23:32:01,9592,NVIDIA Overlay.exe,46.9,138.65,138.65,46.9,86
2026-09-16 23:32:01,9604,mscopilot.exe,18.76,7.86,7.86,18.76,11
2026-09-16 23:32:01,9616,RuntimeBroker.exe,30.17,4.31,4.31,30.17,3
2026-09-16 23:32:01,9644,conhost.exe,10.61,1.66,1.66,10.61,3
2026-09-16 23:32:01,9664,svchost.exe,27.45,5.77,,27.45,7
2026-09-16 23:32:01,9712,svchost.exe,11.12,2.73,,11.12,9
2026-09-16 23:32:01,9972,svchost.exe,27.8,6.39,,27.8,6
2026-09-16 23:32:01,10068,msedgewebview2.exe,68.56,41.75,41.75,68.56,49
2026-09-16 23:32:01,10092,gamingservices.exe,24.62,9.07,,24.62,19
2026-09-16 23:32:01,10220,svchost.exe,9.13,1.93,,9.13,2
2026-09-16 23:32:01,10244,powershell.exe,44.71,70.5,70.5,44.71,9
2026-09-16 23:32:01,10312,svchost.exe,25.61,11.2,,25.61,12
2026-09-16 23:32:01,10556,svchost.exe,10.88,1.91,,10.88,5
2026-09-16 23:32:01,10592,svchost.exe,16.7,2.84,,16.7,2
2026-09-16 23:32:01,10668,svchost.exe,13.23,2.86,,13.23,5
2026-09-16 23:32:01,10672,brave.exe,83.67,49.82,49.82,83.67,22
2026-09-16 23:32:01,10684,OneDrive.exe,318.94,456.89,456.89,318.94,32
2026-09-16 23:32:01,10744,GameInputSvc.exe,7.04,1.4,,7.04,3
2026-09-16 23:32:01,10788,nvcontainer.exe,26.89,20.45,,26.89,19
2026-09-16 23:32:01,10904,asus_framework.exe,1.73,25.44,25.44,1.73,23
2026-09-16 23:32:01,10956,EpicOnlineServicesUserHelper.exe,56.04,77.18,77.18,56.04,13
2026-09-16 23:32:01,11056,BraveCrashHandler64.exe,2.24,1.77,,2.24,3
2026-09-16 23:32:01,11104,svchost.exe,23.29,11.45,,23.29,12
2026-09-16 23:32:01,11168,svchost.exe,16.14,3.18,,16.14,2
2026-09-16 23:32:01,11248,NgcIso.exe,4.49,1.36,,4.49,2
2026-09-16 23:32:01,11292,svchost.exe,25.76,6.77,,25.76,12
2026-09-16 23:32:01,11516,EOSOverlayRenderer-Win64-Shipping.exe,18.3,64.19,64.19,18.3,37
2026-09-16 23:32:01,11784,NisSrv.exe,13.02,4.39,,13.02,4
2026-09-16 23:32:01,11900,chrome.exe,176.61,126.22,126.22,176.61,47
2026-09-16 23:32:01,11952,SDXHelper.exe,19.71,19.97,19.97,19.71,12
2026-09-16 23:32:01,12096,audiodg.exe,40.46,130.82,,40.46,22
2026-09-16 23:32:01,12452,Code.exe,42.51,69.04,69.04,42.51,26
2026-09-16 23:32:01,12536,EOSOverlayRenderer-Win64-Shipping.exe,14.48,8.8,8.8,14.48,11
2026-09-16 23:32:01,12968,MoNotificationUx.exe,13.23,2.2,2.2,13.23,1
2026-09-16 23:32:01,13136,GameInputRedistService.exe,15.21,2.18,2.18,15.21,2
2026-09-16 23:32:01,13252,mscopilot_proxy.exe,20.15,3.04,3.04,20.15,2
2026-09-16 23:32:01,13292,LightingService.exe,25.69,12.21,,25.69,10
2026-09-16 23:32:01,13308,brave.exe,104.94,74.73,74.73,104.94,22
2026-09-16 23:32:01,13520,mscopilot.exe,13.46,2.81,2.81,13.46,8
2026-09-16 23:32:01,13828,VirtualBoxVM.exe,4003.16,4372.27,4372.27,4003.16,36
2026-09-16 23:32:01,13860,AdskAccessCore.exe,28.32,54.02,54.02,28.32,18
2026-09-16 23:32:01,14036,DefenderSessionHelper.exe,6.56,1.2,1.2,6.56,2
2026-09-16 23:32:01,14068,winlogon.exe,16.55,2.75,,16.55,4
2026-09-16 23:32:01,14164,nvcontainer.exe,39.94,36.25,36.25,39.94,56
2026-09-16 23:32:01,14308,conhost.exe,10.18,1.74,1.74,10.18,3
2026-09-16 23:32:01,14368,ApplicationFrameHost.exe,73.57,59.09,59.09,73.57,6
2026-09-16 23:32:01,14424,UserOOBEBroker.exe,12.17,2.02,2.02,12.17,3
2026-09-16 23:32:01,14432,WidgetService.exe,11.5,4.85,4.85,11.5,5
2026-09-16 23:32:01,14448,svchost.exe,24.55,8.06,,24.55,12
2026-09-16 23:32:01,14456,powershell.exe,75.06,68.17,68.17,75.06,12
2026-09-16 23:32:01,14552,svchost.exe,33.89,24.9,,33.89,28
2026-09-16 23:32:01,14712,svchost.exe,19.84,4.04,,19.84,4
2026-09-16 23:32:01,14772,svchost.exe,8.94,1.8,,8.94,1
2026-09-16 23:32:01,14880,svchost.exe,10.93,2.36,2.36,10.93,1
2026-09-16 23:32:01,14892,conhost.exe,7.38,1.21,,7.38,2
2026-09-16 23:32:01,14900,svchost.exe,29.88,11.42,11.42,29.88,11
2026-09-16 23:32:01,15096,chrome.exe,19.62,10.2,10.2,19.62,13
2026-09-16 23:32:01,15148,AdskAccessUIHost.exe,18.79,14.55,14.55,18.79,17
2026-09-16 23:32:01,15248,Code.exe,323.01,358.72,358.72,323.01,26
2026-09-16 23:32:01,15540,VBoxSDS.exe,17.4,4.76,,17.4,5
2026-09-16 23:32:01,15572,Code.exe,319.63,404.35,404.35,319.63,11
2026-09-16 23:32:01,15624,svchost.exe,16.32,4.2,,16.32,2
2026-09-16 23:32:02,15744,mscopilot.exe,131.07,40.14,40.14,131.07,56
2026-09-16 23:32:02,15848,pet.exe,8.79,4.09,4.09,8.79,13
2026-09-16 23:32:02,15928,svchost.exe,16.01,3.84,,16.01,12
2026-09-16 23:32:02,15952,NVIDIA Overlay.exe,26.85,48.48,48.48,26.85,26
2026-09-16 23:32:02,16080,msedgewebview2.exe,116.95,118.87,118.87,116.95,25
2026-09-16 23:32:02,16276,Code.exe,27.29,177.0,177.0,27.29,51
2026-09-16 23:32:02,16284,EpicWebHelper.exe,22.41,62.33,62.33,22.41,12
2026-09-16 23:32:02,16320,ASUSSmartDisplayControl.exe,3.02,2.33,,3.02,3
2026-09-16 23:32:02,16336,CrossDeviceResume.exe,20.64,38.64,38.64,20.64,7
2026-09-16 23:32:02,16652,VirtualBox.exe,31.67,90.59,90.59,31.67,13
2026-09-16 23:32:02,16700,mscopilot.exe,40.07,11.98,11.98,40.07,24
2026-09-16 23:32:02,16900,chrome.exe,51.08,20.39,20.39,51.08,22
2026-09-16 23:32:02,16944,dllhost.exe,12.35,2.61,2.61,12.35,2
2026-09-16 23:32:02,17000,mscopilot.exe,57.84,60.48,60.48,57.84,16
2026-09-16 23:32:02,17004,Code.exe,149.47,225.07,225.07,149.47,24
2026-09-16 23:32:02,17076,svchost.exe,18.84,3.54,3.54,18.84,3
2026-09-16 23:32:02,17308,SecurityHealthSystray.exe,12.51,1.87,1.87,12.51,1
2026-09-16 23:32:02,17328,brave.exe,223.52,105.55,105.55,223.52,45
2026-09-16 23:32:02,17364,svchost.exe,7.68,1.57,,7.68,5
2026-09-16 23:32:02,17504,chrome.exe,172.56,253.2,253.2,172.56,24
2026-09-16 23:32:02,17572,RuntimeBroker.exe,20.47,3.54,3.54,20.47,4
2026-09-16 23:32:02,17720,conhost.exe,7.63,1.16,1.16,7.63,2
2026-09-16 23:32:02,17728,svchost.exe,30.78,10.57,10.57,30.78,4
2026-09-16 23:32:02,17792,svchost.exe,7.53,1.31,1.31,7.53,3
2026-09-16 23:32:02,18216,NVIDIA Overlay.exe,13.94,9.14,9.14,13.94,10
2026-09-16 23:32:02,18400,SecurityHealthService.exe,15.18,8.37,,15.18,9
2026-09-16 23:32:02,18436,Code.exe,147.29,173.6,173.6,147.29,19
2026-09-16 23:32:02,18560,csrss.exe,8.68,3.64,,8.68,22
2026-09-16 23:32:02,18588,svchost.exe,7.41,1.67,,7.41,5
2026-09-16 23:32:02,18620,SearchFilterHost.exe,11.86,2.25,,11.86,4
2026-09-16 23:32:02,18724,svchost.exe,9.96,2.19,,9.96,6
2026-09-16 23:32:02,18908,svchost.exe,20.16,4.59,4.59,20.16,3
2026-09-16 23:32:02,19348,FileSyncHelper.exe,21.27,7.23,,21.27,4
2026-09-16 23:32:02,19396,svchost.exe,8.56,1.55,,8.56,2
2026-09-16 23:32:02,19528,svchost.exe,28.17,5.91,,28.17,5
2026-09-16 23:32:02,19584,dllhost.exe,22.6,3.18,3.18,22.6,3
2026-09-16 23:32:02,19604,Code.exe,43.57,87.66,87.66,43.57,24
2026-09-16 23:32:02,20004,AsHotplugCtrl.exe,1.25,1.31,,1.25,1
2026-09-16 23:32:02,20052,SearchFilterHost.exe,26.48,31.35,,26.48,3
2026-09-16 23:32:02,20152,AsusOptimizationStartupTask.exe,9.49,3.34,3.34,9.49,7
2026-09-16 23:32:02,20296,AsusSoftwareManagerAgent.exe,30.43,40.06,,30.43,9
2026-09-16 23:32:02,20520,AcPowerNotification.exe,19.8,56.28,,19.8,18
2026-09-16 23:32:02,20780,taskhostw.exe,21.69,6.48,6.48,21.69,9
2026-09-16 23:32:02,20800,msedgewebview2.exe,60.53,83.38,83.38,60.53,19
2026-09-16 23:32:02,20928,BlueStacksServices.exe,18.73,57.81,57.81,18.73,25
2026-09-16 23:32:02,21224,RuntimeBroker.exe,34.5,10.02,10.02,34.5,38
2026-09-16 23:32:02,21412,ipf_helper.exe,11.6,1.99,1.99,11.6,4
2026-09-16 23:32:02,21584,dwm.exe,96.33,239.81,,96.33,19
2026-09-16 23:32:02,21592,Code.exe,15.29,9.7,9.7,15.29,7
2026-09-16 23:32:02,21704,asus_framework.exe,18.54,78.32,,18.54,41
2026-09-16 23:32:02,21752,chrome.exe,64.88,43.45,43.45,64.88,25
2026-09-16 23:32:02,21756,EpicGamesLauncher.exe,57.51,289.34,289.34,57.51,91
2026-09-16 23:32:02,21788,BlueStacksServices.exe,11.64,20.77,20.77,11.64,15
2026-09-16 23:32:02,21892,EpicWebHelper.exe,23.17,29.5,29.5,23.17,8
2026-09-16 23:32:02,22072,StartMenuExperienceHost.exe,112.99,107.68,107.68,112.99,16
2026-09-16 23:32:02,22144,svchost.exe,23.64,4.75,4.75,23.64,8
2026-09-16 23:32:02,22200,asus_framework.exe,5.09,15.2,,5.09,14
2026-09-16 23:32:02,22424,svchost.exe,20.57,4.55,,20.57,9
2026-09-16 23:32:02,22608,RuntimeBroker.exe,21.39,6.06,6.06,21.39,3
2026-09-16 23:32:02,22628,brave.exe,245.25,178.82,178.82,245.25,22
2026-09-16 23:32:02,22648,AppActions.exe,14.8,12.0,12.0,14.8,7
2026-09-16 23:32:02,22656,nvcontainer.exe,11.22,11.05,11.05,11.22,16
2026-09-16 23:32:02,22788,servicehost.exe,38.57,36.4,,38.57,96
2026-09-16 23:32:02,22812,msedgewebview2.exe,12.34,2.89,2.89,12.34,8
2026-09-16 23:32:02,22924,RuntimeBroker.exe,13.79,2.36,2.36,13.79,2
2026-09-16 23:32:02,23148,CrossDeviceService.exe,35.04,20.69,20.69,35.04,13
2026-09-16 23:32:02,23248,svchost.exe,11.63,3.09,,11.63,6
2026-09-16 23:32:02,23324,sihost.exe,34.04,7.84,7.84,34.04,13
2026-09-16 23:32:02,23504,svchost.exe,7.19,1.39,,7.19,4
2026-09-16 23:32:02,23648,AdskAccessUIHost.exe,29.61,82.74,82.74,29.61,47
2026-09-16 23:32:02,23724,powershell.exe,48.52,70.55,70.55,48.52,9
2026-09-16 23:32:02,23828,RtkAudUService64.exe,13.74,30.01,30.01,13.74,12
2026-09-16 23:32:02,23872,chrome.exe,303.68,342.77,342.77,303.68,28
2026-09-16 23:32:02,24032,ArmourySocketServer.exe,0.95,4.91,,0.95,17
2026-09-16 23:32:02,24404,OfficeClickToRun.exe,22.69,36.93,,22.69,19
2026-09-16 23:32:02,24540,AdskIdentityManager.exe,17.34,8.97,8.97,17.34,22
2026-09-16 23:32:02,24604,AsusScreenXpertUI.exe,16.66,3.25,,16.66,3
2026-09-16 23:32:02,24648,dllhost.exe,16.48,2.16,2.16,16.48,3
2026-09-16 23:32:02,24688,ArmouryHtmlDebugServer.exe,1.05,1.31,,1.05,2
2026-09-16 23:32:02,24772,VirtualBoxVM.exe,5.63,3.07,3.07,5.63,1
2026-09-16 23:32:02,24904,AdskAccessUIHost.exe,20.54,63.66,63.66,20.54,14
2026-09-16 23:32:02,24980,NVDisplay.Container.exe,28.93,35.52,,28.93,28
2026-09-16 23:32:02,25160,OpenConsole.exe,11.31,2.23,2.23,11.31,4
2026-09-16 23:32:02,25244,cmd.exe,7.56,3.34,3.34,7.56,1
2026-09-16 23:32:02,25436,VirtualBoxVM.exe,9.34,2.29,2.29,9.34,1
2026-09-16 23:32:02,25476,msedgewebview2.exe,30.6,13.67,13.67,30.6,20
2026-09-16 23:32:02,25656,PSExpressCore.exe,77.45,90.33,90.33,77.45,26
2026-09-16 23:32:02,25788,brave.exe,112.56,59.98,59.98,112.56,22
2026-09-16 23:32:02,25880,SearchHost.exe,93.26,78.23,78.23,93.26,11
2026-09-16 23:32:02,25908,SearchFilterHost.exe,13.51,2.53,,13.51,5
2026-09-16 23:32:02,26072,RuntimeBroker.exe,50.97,15.7,15.7,50.97,13
2026-09-16 23:32:02,26128,svchost.exe,6.18,2.29,,6.18,3
2026-09-16 23:32:02,26444,chrome.exe,10.35,2.51,2.51,10.35,7
2026-09-16 23:32:02,26724,BlueStacksServices.exe,37.23,59.28,59.28,37.23,29
2026-09-16 23:32:02,26844,AdskAccessUIHost.exe,15.36,50.38,50.38,15.36,23
2026-09-16 23:32:02,27008,svchost.exe,12.49,3.44,,12.49,4
2026-09-16 23:32:02,27328,EpicOnlineServicesUserHelper.exe,14.88,59.93,59.93,14.88,11
2026-09-16 23:32:02,27392,ctfmon.exe,25.5,6.22,,25.5,14
2026-09-16 23:32:02,27432,chrome.exe,61.43,38.63,38.63,61.43,24
2026-09-16 23:32:02,27440,OpenConsole.exe,11.63,2.27,2.27,11.63,5
2026-09-16 23:32:03,27464,Code.exe,36.89,126.91,126.91,36.89,23
2026-09-16 23:32:03,27560,LockApp.exe,40.86,46.33,46.33,40.86,18
2026-09-16 23:32:03,27604,fontdrvhost.exe,7.69,3.7,,7.69,5
2026-09-16 23:32:03,27656,SearchProtocolHost.exe,17.01,8.68,,17.01,7
2026-09-16 23:32:03,27708,NVIDIA Overlay.exe,22.04,11.46,11.46,22.04,20
2026-09-16 23:32:03,27764,OpenConsole.exe,10.93,2.25,2.25,10.93,4
2026-09-16 23:32:03,27848,SearchFilterHost.exe,12.14,2.29,,12.14,1
2026-09-16 23:32:03,28084,nvsphelper64.exe,15.5,3.43,,15.5,6
2026-09-16 23:32:03,28256,AsMonitorControl.exe,1.49,1.24,,1.49,2
2026-09-16 23:32:03,28396,SearchFilterHost.exe,14.41,3.84,,14.41,6
2026-09-16 23:32:03,28908,brave.exe,54.11,64.16,64.16,54.11,21
2026-09-16 23:32:03,28968,svchost.exe,12.85,2.25,,12.85,2
2026-09-16 23:32:03,29264,BlueStacksServices.exe,17.01,13.3,13.3,17.01,9
2026-09-16 23:32:03,29308,explorer.exe,302.18,348.38,348.38,302.18,83
2026-09-16 23:32:03,29312,browserhost.exe,19.29,7.01,7.01,19.29,38
2026-09-16 23:32:03,29428,PSExpressBroker.exe,51.79,26.2,26.2,51.79,31
2026-09-16 23:32:03,29440,ArmouryCrate.exe,2.21,52.72,52.72,2.21,12
2026-09-16 23:32:03,29496,EOSOverlayRenderer-Win64-Shipping.exe,57.2,45.64,45.64,57.2,25
2026-09-16 23:32:03,29972,PhoneExperienceHost.exe,173.21,74.63,74.63,173.21,15
2026-09-16 23:32:03,30104,backgroundTaskHost.exe,60.68,24.33,24.33,60.68,6
2026-09-16 23:32:03,30132,SearchFilterHost.exe,13.48,3.65,,13.48,4
2026-09-16 23:32:03,30140,brave.exe,19.56,8.93,8.93,19.56,10
2026-09-16 23:32:03,30300,chrome.exe,44.43,60.19,60.19,44.43,14
2026-09-16 23:32:03,31284,brave.exe,250.45,304.79,304.79,250.45,49
2026-09-16 23:32:03,31432,brave.exe,20.31,10.1,10.1,20.31,11
2026-09-16 23:32:03,31500,brave.exe,8.95,2.38,2.38,8.95,7
2026-09-16 23:32:03,31520,brave.exe,51.03,19.43,19.43,51.03,20
2026-09-16 23:32:06,0,System Idle Process,0.01,0.06,,0.01,36
2026-09-16 23:32:06,4,System,4.34,0.05,,4.34,436
2026-09-16 23:32:06,188,,63.28,0.17,,63.28,0
2026-09-16 23:32:06,232,Registry,48.52,9.05,,48.52,4
2026-09-16 23:32:06,396,ArmouryCrate.UserSessionHelper.exe,38.91,35.93,,38.91,138
2026-09-16 23:32:06,704,GameInputSvc.exe,15.9,3.83,,15.9,7
2026-09-16 23:32:06,796,svchost.exe,28.06,10.62,,28.06,13
2026-09-16 23:32:06,828,smss.exe,1.32,1.14,,1.32,2
2026-09-16 23:32:06,1004,svchost.exe,11.06,7.41,,11.06,2
2026-09-16 23:32:06,1220,csrss.exe,7.08,2.43,,7.08,13
2026-09-16 23:32:06,1324,svchost.exe,12.3,4.08,,12.3,11
2026-09-16 23:32:06,1340,wininit.exe,9.4,1.81,,9.4,2
2026-09-16 23:32:06,1400,GameInputRedistService.exe,12.8,21.15,,12.8,10
2026-09-16 23:32:06,1408,services.exe,18.99,7.57,,18.99,10
2026-09-16 23:32:06,1428,LsaIso.exe,3.96,1.3,,3.96,1
2026-09-16 23:32:06,1436,lsass.exe,22.61,13.66,,22.61,11
2026-09-16 23:32:06,1448,FileCoAuth.exe,20.92,11.64,11.64,20.92,6
2026-09-16 23:32:06,1576,svchost.exe,39.16,17.95,,39.16,25
2026-09-16 23:32:06,1596,WUDFHost.exe,21.59,13.37,,21.59,20
2026-09-16 23:32:06,1628,fontdrvhost.exe,5.5,3.57,,5.5,5
2026-09-16 23:32:06,1704,svchost.exe,23.82,13.98,,23.82,12
2026-09-16 23:32:06,1760,svchost.exe,12.04,3.68,,12.04,6
2026-09-16 23:32:06,1768,dllhost.exe,20.91,2.78,2.78,20.91,4
2026-09-16 23:32:06,1812,WUDFHost.exe,14.35,4.5,,14.35,11
2026-09-16 23:32:06,1904,Adobe Crash Processor.exe,11.88,2.22,2.22,11.88,4
2026-09-16 23:32:06,2032,svchost.exe,6.73,1.38,,6.73,3
2026-09-16 23:32:06,2040,svchost.exe,6.59,2.39,,6.59,4
2026-09-16 23:32:06,2060,svchost.exe,10.26,2.86,,10.26,7
2026-09-16 23:32:06,2108,AsusCertService.exe,7.46,1.44,,7.46,4
2026-09-16 23:32:06,2156,svchost.exe,13.46,3.32,,13.46,6
2026-09-16 23:32:06,2176,svchost.exe,14.7,2.37,,14.7,3
2026-09-16 23:32:06,2300,svchost.exe,9.77,2.11,,9.77,3
2026-09-16 23:32:06,2308,IntelCpHDCPSvc.exe,7.03,1.44,,7.03,3
2026-09-16 23:32:06,2320,svchost.exe,11.62,3.19,,11.62,9
2026-09-16 23:32:06,2412,svchost.exe,22.53,8.71,,22.53,16
2026-09-16 23:32:06,2460,Code.exe,96.23,97.62,97.62,96.23,73
2026-09-16 23:32:06,2492,svchost.exe,13.73,3.17,,13.73,8
2026-09-16 23:32:06,2560,AsusOSD.exe,19.57,4.61,,19.57,3
2026-09-16 23:32:06,2580,SystemSettings.exe,130.45,140.15,140.15,130.45,45
2026-09-16 23:32:06,2624,Code.exe,48.48,105.57,105.57,48.48,31
2026-09-16 23:32:06,2680,svchost.exe,7.58,1.84,,7.58,3
2026-09-16 23:32:06,2964,svchost.exe,16.73,6.83,,16.73,8
2026-09-16 23:32:06,3004,NVDisplay.Container.exe,22.96,32.51,,22.96,39
2026-09-16 23:32:06,3040,python.exe,4.56,0.72,0.72,4.56,1
2026-09-16 23:32:06,3060,svchost.exe,7.23,1.47,,7.23,4
2026-09-16 23:32:06,3068,svchost.exe,20.13,17.47,,20.13,8
2026-09-16 23:32:06,3076,svchost.exe,10.07,2.1,,10.07,5
2026-09-16 23:32:06,3080,svchost.exe,8.74,3.77,,8.74,6
2026-09-16 23:32:06,3092,svchost.exe,13.48,2.57,,13.48,3
2026-09-16 23:32:06,3260,MemCompression,60.96,4.0,,60.96,58
2026-09-16 23:32:06,3316,svchost.exe,12.66,2.52,,12.66,3
2026-09-16 23:32:06,3324,svchost.exe,23.2,4.02,,23.2,8
2026-09-16 23:32:06,3340,brave.exe,66.19,28.32,28.32,66.19,21
2026-09-16 23:32:06,3420,svchost.exe,12.53,4.07,,12.53,3
2026-09-16 23:32:06,3428,svchost.exe,11.33,2.52,,11.33,7
2026-09-16 23:32:06,3444,svchost.exe,28.04,10.68,,28.04,8
2026-09-16 23:32:06,3476,WUDFHost.exe,11.76,2.9,,11.76,5
2026-09-16 23:32:06,3604,svchost.exe,24.34,5.44,,24.34,6
2026-09-16 23:32:06,3612,brave.exe,87.58,56.05,56.05,87.58,23
2026-09-16 23:32:06,3652,svchost.exe,10.66,2.0,,10.66,5
2026-09-16 23:32:06,3716,svchost.exe,8.75,1.66,,8.75,2
2026-09-16 23:32:06,3740,svchost.exe,8.32,1.96,,8.32,4
2026-09-16 23:32:06,3848,svchost.exe,26.89,25.58,,26.89,4
2026-09-16 23:32:06,3864,chrome.exe,385.21,349.3,349.3,385.21,30
2026-09-16 23:32:06,3872,svchost.exe,23.88,7.36,,23.88,15
2026-09-16 23:32:06,3904,AsusOptimization.exe,11.83,2.46,,11.83,10
2026-09-16 23:32:06,3912,svchost.exe,12.99,4.12,,12.99,6
2026-09-16 23:32:06,3996,VBoxSVC.exe,21.71,9.49,9.49,21.71,17
2026-09-16 23:32:06,4116,svchost.exe,9.13,2.11,,9.13,7
2026-09-16 23:32:06,4128,GlideXNearService.exe,14.05,3.94,,14.05,11
2026-09-16 23:32:06,4160,spoolsv.exe,13.24,8.84,,13.24,8
2026-09-16 23:32:06,4212,svchost.exe,24.04,14.64,,24.04,16
2026-09-16 23:32:07,4252,GameSDK.exe,8.35,1.84,,8.35,3
2026-09-16 23:32:07,4264,svchost.exe,24.36,12.71,,24.36,18
2026-09-16 23:32:07,4300,svchost.exe,17.65,4.05,,17.65,12
2026-09-16 23:32:07,4320,svchost.exe,9.52,1.93,,9.52,4
2026-09-16 23:32:07,4488,ArmouryCrateControlInterface.exe,11.87,2.46,,11.87,3
2026-09-16 23:32:07,4496,ArmouryCrate.Service.exe,35.79,62.64,,35.79,120
2026-09-16 23:32:07,4524,AdskLicensingService.exe,17.24,20.67,,17.24,13
2026-09-16 23:32:07,4532,AsusAppService.exe,7.93,5.72,,7.93,4
2026-09-16 23:32:07,4540,AsMsControl.exe,7.7,1.76,,7.7,1
2026-09-16 23:32:07,4636,AsusScreenXpertHostService.exe,5.02,5.27,,5.02,4
2026-09-16 23:32:07,4652,msedgewebview2.exe,13.14,8.62,8.62,13.14,10
2026-09-16 23:32:07,4656,AsusPTPService.exe,6.79,1.55,,6.79,4
2026-09-16 23:32:07,4668,AsusSoftwareManager.exe,21.12,4.55,,21.12,12
2026-09-16 23:32:07,4680,AsusSwitch.exe,9.41,2.1,,9.41,7
2026-09-16 23:32:07,4720,AggregatorHost.exe,12.73,2.95,,12.73,1
2026-09-16 23:32:07,4724,AsusSystemAnalysis.exe,19.05,5.39,,19.05,7
2026-09-16 23:32:07,4744,AsusSystemDiagnosis.exe,12.21,2.65,,12.21,2
2026-09-16 23:32:07,4752,AuraWallpaperService.exe,8.95,22.05,,8.95,8
2026-09-16 23:32:07,4808,GlideXRemoteService.exe,12.73,3.68,,12.73,5
2026-09-16 23:32:07,4832,svchost.exe,10.16,2.01,,10.16,5
2026-09-16 23:32:07,4848,AdskAccessServiceHost.exe,13.4,14.12,,13.4,8
2026-09-16 23:32:07,4864,svchost.exe,36.54,32.55,,36.54,12
2026-09-16 23:32:07,4900,DAX3API.exe,13.26,7.76,,13.26,10
2026-09-16 23:32:07,4916,svchost.exe,42.83,45.82,,42.83,18
2026-09-16 23:32:07,4936,ipfsvc.exe,6.76,1.68,,6.76,8
2026-09-16 23:32:07,4952,FNPLicensingService64.exe,10.47,3.31,,10.47,10
2026-09-16 23:32:07,5100,WMIRegistrationService.exe,15.2,3.18,,15.2,2
2026-09-16 23:32:07,5188,svchost.exe,27.37,20.02,,27.37,13
2026-09-16 23:32:07,5192,GlideXServiceExt.exe,6.81,3.31,,6.81,4
2026-09-16 23:32:07,5236,GlideXService.exe,18.89,6.01,,18.89,17
2026-09-16 23:32:07,5260,OneApp.IGCC.WinService.exe,12.59,32.57,,12.59,7
2026-09-16 23:32:07,5316,IntelAudioService.exe,12.48,39.45,,12.48,5
2026-09-16 23:32:07,5376,ipf_uf.exe,7.92,2.15,,7.92,5
2026-09-16 23:32:07,5452,jhi_service.exe,7.95,1.39,,7.95,2
2026-09-16 23:32:07,5472,svchost.exe,14.15,3.2,,14.15,6
2026-09-16 23:32:07,5612,MpDefenderCoreService.exe,23.8,12.61,,23.8,9
2026-09-16 23:32:07,5768,nvcontainer.exe,17.6,14.84,,17.6,27
2026-09-16 23:32:07,5840,RtkAudUService64.exe,13.31,26.66,,13.31,7
2026-09-16 23:32:07,5924,WmiPrvSE.exe,23.96,22.45,,23.96,5
2026-09-16 23:32:07,5956,ROGLiveService.exe,11.48,13.11,,11.48,36
2026-09-16 23:32:07,5968,RstMwService.exe,9.59,2.37,,9.59,9
2026-09-16 23:32:07,5976,RtkAudUService64.exe,11.32,31.35,,11.32,69
2026-09-16 23:32:07,5992,svchost.exe,10.16,1.86,,10.16,6
2026-09-16 23:32:07,6028,RtkBtManServ.exe,9.28,1.93,,9.28,3
2026-09-16 23:32:07,6036,svchost.exe,11.51,2.51,,11.51,6
2026-09-16 23:32:07,6116,ShellHost.exe,66.0,36.71,36.71,66.0,7
2026-09-16 23:32:07,6128,MsMpEng.exe,305.4,475.94,,305.4,56
2026-09-16 23:32:07,6152,svchost.exe,21.25,5.86,,21.25,8
2026-09-16 23:32:07,6172,Widgets.exe,37.92,10.23,10.23,37.92,9
2026-09-16 23:32:07,6180,WmiPrvSE.exe,41.44,29.46,,41.44,9
2026-09-16 23:32:07,6192,svchost.exe,6.97,1.51,,6.97,4
2026-09-16 23:32:07,6424,Code.exe,38.77,13.32,13.32,38.77,21
2026-09-16 23:32:07,6560,taskhostw.exe,28.24,7.96,,28.24,6
2026-09-16 23:32:07,6884,BraveCrashHandler.exe,2.46,1.79,,2.46,3
2026-09-16 23:32:07,6952,rlm.foundry.exe,10.14,3.91,,10.14,4
2026-09-16 23:32:07,7136,chrome.exe,22.02,9.13,9.13,22.02,12
2026-09-16 23:32:07,7224,python.exe,18.86,10.91,10.91,18.86,6
2026-09-16 23:32:07,7328,svchost.exe,11.6,2.62,,11.6,3
2026-09-16 23:32:07,7492,unsecapp.exe,10.12,1.78,,10.12,2
2026-09-16 23:32:07,7512,chrome.exe,161.44,262.26,262.26,161.44,25
2026-09-16 23:32:07,7764,ShellExperienceHost.exe,43.46,46.06,46.06,43.46,18
2026-09-16 23:32:07,7768,EOSOverlayRenderer-Win64-Shipping.exe,25.28,11.7,11.7,25.28,20
2026-09-16 23:32:07,8064,SearchIndexer.exe,62.83,291.76,,62.83,14
2026-09-16 23:32:07,8076,svchost.exe,14.86,1.99,1.99,14.86,6
2026-09-16 23:32:07,8080,brave.exe,358.46,309.06,309.06,358.46,25
2026-09-16 23:32:07,8088,svchost.exe,12.59,7.18,,12.59,5
2026-09-16 23:32:07,8276,uihost.exe,28.29,13.21,13.21,28.29,66
2026-09-16 23:32:07,8448,conhost.exe,7.12,1.24,,7.12,3
2026-09-16 23:32:07,8468,rlm.foundry.exe,10.2,3.72,,10.2,1
2026-09-16 23:32:07,8516,svchost.exe,15.09,3.74,,15.09,8
2026-09-16 23:32:07,8700,NVIDIA Overlay.exe,20.46,120.48,120.48,20.46,17
2026-09-16 23:32:07,8748,svchost.exe,19.87,5.8,,19.87,13
2026-09-16 23:32:07,9144,dllhost.exe,23.95,3.37,3.37,23.95,3
2026-09-16 23:32:07,9180,dllhost.exe,10.1,1.97,1.97,10.1,9
2026-09-16 23:32:07,9212,EOSOverlayRenderer-Win64-Shipping.exe,49.09,32.72,32.72,49.09,40
2026-09-16 23:32:07,9344,svchost.exe,5.51,1.07,,5.51,2
2026-09-16 23:32:07,9364,gamingservicesnet.exe,11.69,12.57,,11.69,39
2026-09-16 23:32:07,9592,NVIDIA Overlay.exe,46.9,138.65,138.65,46.9,86
2026-09-16 23:32:07,9604,mscopilot.exe,18.76,7.86,7.86,18.76,11
2026-09-16 23:32:07,9616,RuntimeBroker.exe,30.17,4.31,4.31,30.17,3
2026-09-16 23:32:07,9644,conhost.exe,10.61,1.66,1.66,10.61,3
2026-09-16 23:32:07,9664,svchost.exe,27.42,5.74,,27.42,7
2026-09-16 23:32:07,9712,svchost.exe,11.12,2.73,,11.12,9
2026-09-16 23:32:07,9972,svchost.exe,27.77,6.35,,27.77,6
2026-09-16 23:32:07,10068,msedgewebview2.exe,68.56,41.75,41.75,68.56,49
2026-09-16 23:32:07,10092,gamingservices.exe,24.62,9.07,,24.62,19
2026-09-16 23:32:07,10220,svchost.exe,9.13,1.93,,9.13,2
2026-09-16 23:32:07,10244,powershell.exe,44.71,70.5,70.5,44.71,9
2026-09-16 23:32:07,10312,svchost.exe,25.63,11.26,,25.63,13
2026-09-16 23:32:08,10556,svchost.exe,10.88,1.91,,10.88,5
2026-09-16 23:32:08,10592,svchost.exe,16.7,2.84,,16.7,2
2026-09-16 23:32:08,10668,svchost.exe,13.23,2.86,,13.23,5
2026-09-16 23:32:08,10672,brave.exe,83.67,49.82,49.82,83.67,22
2026-09-16 23:32:08,10684,OneDrive.exe,319.09,456.96,456.96,319.09,34
2026-09-16 23:32:08,10744,GameInputSvc.exe,7.04,1.4,,7.04,3
2026-09-16 23:32:08,10788,nvcontainer.exe,26.89,20.45,,26.89,19
2026-09-16 23:32:08,10904,asus_framework.exe,1.71,25.44,25.44,1.71,23
2026-09-16 23:32:08,10956,EpicOnlineServicesUserHelper.exe,56.1,77.2,77.2,56.1,13
2026-09-16 23:32:08,11056,BraveCrashHandler64.exe,2.24,1.77,,2.24,3
2026-09-16 23:32:08,11104,svchost.exe,23.3,11.45,,23.3,12
2026-09-16 23:32:08,11168,svchost.exe,16.14,3.18,,16.14,2
2026-09-16 23:32:08,11248,NgcIso.exe,4.49,1.36,,4.49,2
2026-09-16 23:32:08,11292,svchost.exe,25.78,6.79,,25.78,12
2026-09-16 23:32:08,11516,EOSOverlayRenderer-Win64-Shipping.exe,18.3,64.19,64.19,18.3,37
2026-09-16 23:32:08,11784,NisSrv.exe,13.02,4.39,,13.02,4
2026-09-16 23:32:08,11900,chrome.exe,176.68,126.29,126.29,176.68,47
2026-09-16 23:32:08,11952,SDXHelper.exe,19.51,20.0,20.0,19.51,13
2026-09-16 23:32:08,12096,audiodg.exe,40.46,130.82,,40.46,22
2026-09-16 23:32:08,12452,Code.exe,42.51,69.04,69.04,42.51,26
2026-09-16 23:32:08,12536,EOSOverlayRenderer-Win64-Shipping.exe,14.48,8.8,8.8,14.48,11
2026-09-16 23:32:08,12968,MoNotificationUx.exe,13.23,2.2,2.2,13.23,1
2026-09-16 23:32:08,13136,GameInputRedistService.exe,15.21,2.18,2.18,15.21,2
2026-09-16 23:32:08,13252,mscopilot_proxy.exe,20.15,3.04,3.04,20.15,2
2026-09-16 23:32:08,13292,LightingService.exe,25.69,12.21,,25.69,10
2026-09-16 23:32:08,13308,brave.exe,104.94,74.73,74.73,104.94,22
2026-09-16 23:32:08,13520,mscopilot.exe,13.46,2.81,2.81,13.46,8
2026-09-16 23:32:08,13828,VirtualBoxVM.exe,4003.17,4372.27,4372.27,4003.17,36
2026-09-16 23:32:08,13860,AdskAccessCore.exe,28.36,54.06,54.06,28.36,19
2026-09-16 23:32:08,14036,DefenderSessionHelper.exe,6.56,1.2,1.2,6.56,2
2026-09-16 23:32:08,14068,winlogon.exe,16.55,2.75,,16.55,4
2026-09-16 23:32:08,14164,nvcontainer.exe,39.94,36.25,36.25,39.94,56
2026-09-16 23:32:08,14308,conhost.exe,10.18,1.74,1.74,10.18,3
2026-09-16 23:32:08,14368,ApplicationFrameHost.exe,73.57,59.09,59.09,73.57,6
2026-09-16 23:32:08,14424,UserOOBEBroker.exe,12.17,2.02,2.02,12.17,3
2026-09-16 23:32:08,14432,WidgetService.exe,11.5,4.85,4.85,11.5,5
2026-09-16 23:32:08,14448,svchost.exe,24.59,8.1,,24.59,12
2026-09-16 23:32:08,14456,powershell.exe,75.06,68.17,68.17,75.06,12
2026-09-16 23:32:08,14552,svchost.exe,33.89,24.9,,33.89,28
2026-09-16 23:32:08,14712,svchost.exe,19.84,4.04,,19.84,4
2026-09-16 23:32:08,14772,svchost.exe,8.94,1.8,,8.94,1
2026-09-16 23:32:08,14880,svchost.exe,10.93,2.36,2.36,10.93,1
2026-09-16 23:32:08,14892,conhost.exe,7.38,1.21,,7.38,2
2026-09-16 23:32:08,14900,svchost.exe,29.81,11.41,11.41,29.81,11
2026-09-16 23:32:08,15096,chrome.exe,19.62,10.2,10.2,19.62,13
2026-09-16 23:32:08,15148,AdskAccessUIHost.exe,18.79,14.55,14.55,18.79,17
2026-09-16 23:32:08,15248,Code.exe,345.77,383.81,383.81,345.77,26
2026-09-16 23:32:08,15540,VBoxSDS.exe,17.4,4.76,,17.4,5
2026-09-16 23:32:08,15572,Code.exe,319.63,404.35,404.35,319.63,11
2026-09-16 23:32:08,15624,svchost.exe,16.32,4.2,,16.32,2
2026-09-16 23:32:08,15744,mscopilot.exe,131.07,40.14,40.14,131.07,56
2026-09-16 23:32:08,15848,pet.exe,8.79,4.09,4.09,8.79,13
2026-09-16 23:32:08,15928,svchost.exe,16.01,3.84,,16.01,12
2026-09-16 23:32:08,15952,NVIDIA Overlay.exe,26.85,48.48,48.48,26.85,26
2026-09-16 23:32:08,16080,msedgewebview2.exe,116.95,118.87,118.87,116.95,25
2026-09-16 23:32:08,16276,Code.exe,27.29,177.0,177.0,27.29,51
2026-09-16 23:32:08,16284,EpicWebHelper.exe,22.41,62.33,62.33,22.41,12
2026-09-16 23:32:08,16320,ASUSSmartDisplayControl.exe,3.02,2.33,,3.02,3
2026-09-16 23:32:08,16336,CrossDeviceResume.exe,20.64,38.64,38.64,20.64,7
2026-09-16 23:32:08,16652,VirtualBox.exe,31.52,90.41,90.41,31.52,12
2026-09-16 23:32:08,16700,mscopilot.exe,40.07,11.98,11.98,40.07,24
2026-09-16 23:32:08,16900,chrome.exe,51.08,20.39,20.39,51.08,22
2026-09-16 23:32:08,16944,dllhost.exe,12.35,2.61,2.61,12.35,2
2026-09-16 23:32:08,17000,mscopilot.exe,57.84,60.48,60.48,57.84,16
2026-09-16 23:32:08,17004,Code.exe,149.02,224.65,224.65,149.02,25
2026-09-16 23:32:08,17076,svchost.exe,18.84,3.54,3.54,18.84,3
2026-09-16 23:32:08,17308,SecurityHealthSystray.exe,12.51,1.87,1.87,12.51,1
2026-09-16 23:32:08,17328,brave.exe,223.56,105.57,105.57,223.56,45
2026-09-16 23:32:08,17364,svchost.exe,7.68,1.57,,7.68,5
2026-09-16 23:32:08,17504,chrome.exe,168.09,249.06,249.06,168.09,24
2026-09-16 23:32:08,17572,RuntimeBroker.exe,20.47,3.54,3.54,20.47,4
2026-09-16 23:32:08,17720,conhost.exe,7.63,1.16,1.16,7.63,2
2026-09-16 23:32:08,17728,svchost.exe,30.78,10.57,10.57,30.78,4
2026-09-16 23:32:08,17792,svchost.exe,7.53,1.31,1.31,7.53,3
2026-09-16 23:32:08,18216,NVIDIA Overlay.exe,13.94,9.14,9.14,13.94,10
2026-09-16 23:32:08,18400,SecurityHealthService.exe,15.18,8.37,,15.18,9
2026-09-16 23:32:08,18436,Code.exe,149.43,175.53,175.53,149.43,19
2026-09-16 23:32:08,18560,csrss.exe,8.68,3.64,,8.68,22
2026-09-16 23:32:08,18588,svchost.exe,7.41,1.67,,7.41,5
2026-09-16 23:32:08,18620,SearchFilterHost.exe,11.86,2.25,,11.86,4
2026-09-16 23:32:08,18724,svchost.exe,9.96,2.19,,9.96,6
2026-09-16 23:32:08,18908,svchost.exe,20.16,4.59,4.59,20.16,3
2026-09-16 23:32:08,19348,FileSyncHelper.exe,21.27,7.23,,21.27,4
2026-09-16 23:32:08,19396,svchost.exe,8.56,1.55,,8.56,2
2026-09-16 23:32:08,19528,svchost.exe,28.15,5.89,,28.15,5
2026-09-16 23:32:08,19584,dllhost.exe,22.6,3.18,3.18,22.6,3
2026-09-16 23:32:08,19604,Code.exe,43.49,87.57,87.57,43.49,24
2026-09-16 23:32:08,20004,AsHotplugCtrl.exe,1.25,1.31,,1.25,1
2026-09-16 23:32:08,20052,SearchFilterHost.exe,26.48,31.35,,26.48,3
2026-09-16 23:32:08,20152,AsusOptimizationStartupTask.exe,9.49,3.34,3.34,9.49,7
2026-09-16 23:32:08,20296,AsusSoftwareManagerAgent.exe,30.43,40.06,,30.43,9
2026-09-16 23:32:08,20520,AcPowerNotification.exe,19.84,56.36,,19.84,19
2026-09-16 23:32:08,20780,taskhostw.exe,21.7,6.48,6.48,21.7,9
2026-09-16 23:32:08,20800,msedgewebview2.exe,60.53,83.38,83.38,60.53,19
2026-09-16 23:32:08,20928,BlueStacksServices.exe,18.73,57.81,57.81,18.73,25
2026-09-16 23:32:08,21224,RuntimeBroker.exe,34.49,9.96,9.96,34.49,37
2026-09-16 23:32:08,21412,ipf_helper.exe,11.6,1.99,1.99,11.6,4
2026-09-16 23:32:08,21584,dwm.exe,96.61,240.14,,96.61,19
2026-09-16 23:32:08,21592,Code.exe,15.29,9.7,9.7,15.29,7
2026-09-16 23:32:08,21704,asus_framework.exe,18.5,78.34,,18.5,41
2026-09-16 23:32:08,21752,chrome.exe,64.89,43.45,43.45,64.89,25
2026-09-16 23:32:08,21756,EpicGamesLauncher.exe,57.51,289.34,289.34,57.51,91
2026-09-16 23:32:08,21788,BlueStacksServices.exe,11.64,20.77,20.77,11.64,15
2026-09-16 23:32:08,21892,EpicWebHelper.exe,23.17,29.5,29.5,23.17,8
2026-09-16 23:32:08,22072,StartMenuExperienceHost.exe,112.99,107.68,107.68,112.99,16
2026-09-16 23:32:08,22144,svchost.exe,23.64,4.75,4.75,23.64,8
2026-09-16 23:32:08,22200,asus_framework.exe,5.02,15.2,,5.02,14
2026-09-16 23:32:08,22424,svchost.exe,20.57,4.55,,20.57,9
2026-09-16 23:32:09,22608,RuntimeBroker.exe,21.39,6.06,6.06,21.39,3
2026-09-16 23:32:09,22628,brave.exe,245.25,178.82,178.82,245.25,22
2026-09-16 23:32:09,22648,AppActions.exe,14.8,12.0,12.0,14.8,7
2026-09-16 23:32:09,22656,nvcontainer.exe,11.22,11.05,11.05,11.22,16
2026-09-16 23:32:09,22788,servicehost.exe,38.57,36.4,,38.57,96
2026-09-16 23:32:09,22812,msedgewebview2.exe,12.34,2.89,2.89,12.34,8
2026-09-16 23:32:09,22924,RuntimeBroker.exe,13.79,2.36,2.36,13.79,2
2026-09-16 23:32:09,23148,CrossDeviceService.exe,35.04,20.69,20.69,35.04,13
2026-09-16 23:32:09,23248,svchost.exe,11.63,3.09,,11.63,6
2026-09-16 23:32:09,23324,sihost.exe,34.04,7.84,7.84,34.04,13
2026-09-16 23:32:09,23504,svchost.exe,7.21,1.5,,7.21,5
2026-09-16 23:32:09,23648,AdskAccessUIHost.exe,29.61,82.74,82.74,29.61,47
2026-09-16 23:32:09,23724,powershell.exe,48.52,70.55,70.55,48.52,9
2026-09-16 23:32:09,23828,RtkAudUService64.exe,13.74,30.01,30.01,13.74,12
2026-09-16 23:32:09,23872,chrome.exe,303.68,342.77,342.77,303.68,28
2026-09-16 23:32:09,24032,ArmourySocketServer.exe,0.95,4.91,,0.95,17
2026-09-16 23:32:09,24404,OfficeClickToRun.exe,22.69,36.93,,22.69,19
2026-09-16 23:32:09,24540,AdskIdentityManager.exe,17.34,8.97,8.97,17.34,22
2026-09-16 23:32:09,24604,AsusScreenXpertUI.exe,16.66,3.25,,16.66,3
2026-09-16 23:32:09,24648,dllhost.exe,16.48,2.16,2.16,16.48,3
2026-09-16 23:32:09,24688,ArmouryHtmlDebugServer.exe,1.05,1.31,,1.05,2
2026-09-16 23:32:09,24772,VirtualBoxVM.exe,5.63,3.07,3.07,5.63,1
2026-09-16 23:32:09,24904,AdskAccessUIHost.exe,20.54,63.66,63.66,20.54,14
2026-09-16 23:32:09,24980,NVDisplay.Container.exe,28.93,35.52,,28.93,28
2026-09-16 23:32:09,25160,OpenConsole.exe,11.31,2.23,2.23,11.31,4
2026-09-16 23:32:09,25244,cmd.exe,7.56,3.34,3.34,7.56,1
2026-09-16 23:32:09,25436,VirtualBoxVM.exe,9.34,2.29,2.29,9.34,1
2026-09-16 23:32:09,25476,msedgewebview2.exe,30.6,13.67,13.67,30.6,20
2026-09-16 23:32:09,25656,PSExpressCore.exe,77.41,90.29,90.29,77.41,26
2026-09-16 23:32:09,25788,brave.exe,112.56,59.98,59.98,112.56,22
2026-09-16 23:32:09,25880,SearchHost.exe,93.26,78.23,78.23,93.26,11
2026-09-16 23:32:09,25908,SearchFilterHost.exe,13.51,2.53,,13.51,5
2026-09-16 23:32:09,26072,RuntimeBroker.exe,50.94,15.61,15.61,50.94,12
2026-09-16 23:32:09,26128,svchost.exe,6.18,2.29,,6.18,3
2026-09-16 23:32:09,26444,chrome.exe,10.35,2.51,2.51,10.35,7
2026-09-16 23:32:09,26724,BlueStacksServices.exe,37.35,59.28,59.28,37.35,29
2026-09-16 23:32:09,26844,AdskAccessUIHost.exe,15.36,50.38,50.38,15.36,23
2026-09-16 23:32:09,27008,svchost.exe,12.48,3.43,,12.48,4
2026-09-16 23:32:09,27328,EpicOnlineServicesUserHelper.exe,14.88,59.93,59.93,14.88,11
2026-09-16 23:32:09,27392,ctfmon.exe,25.5,6.22,,25.5,14
2026-09-16 23:32:09,27432,chrome.exe,61.43,38.63,38.63,61.43,24
2026-09-16 23:32:09,27440,OpenConsole.exe,11.63,2.27,2.27,11.63,5
2026-09-16 23:32:09,27464,Code.exe,36.86,126.85,126.85,36.86,23
2026-09-16 23:32:09,27560,LockApp.exe,40.86,46.33,46.33,40.86,18
2026-09-16 23:32:09,27604,fontdrvhost.exe,7.69,3.7,,7.69,5
2026-09-16 23:32:09,27656,SearchProtocolHost.exe,17.35,9.3,,17.35,7
2026-09-16 23:32:09,27708,NVIDIA Overlay.exe,22.04,11.46,11.46,22.04,20
2026-09-16 23:32:09,27764,OpenConsole.exe,10.93,2.25,2.25,10.93,4
2026-09-16 23:32:09,27848,SearchFilterHost.exe,12.13,2.29,,12.13,1
2026-09-16 23:32:09,28084,nvsphelper64.exe,15.5,3.43,,15.5,6
2026-09-16 23:32:09,28256,AsMonitorControl.exe,1.49,1.24,,1.49,2
2026-09-16 23:32:09,28396,SearchFilterHost.exe,14.75,3.64,,14.75,6
2026-09-16 23:32:09,28908,brave.exe,54.11,64.16,64.16,54.11,21
2026-09-16 23:32:09,28968,svchost.exe,12.87,2.32,,12.87,3
2026-09-16 23:32:09,29264,BlueStacksServices.exe,17.01,13.3,13.3,17.01,9
2026-09-16 23:32:09,29308,explorer.exe,312.22,358.31,358.31,312.22,83
2026-09-16 23:32:09,29312,browserhost.exe,19.29,7.01,7.01,19.29,38
2026-09-16 23:32:09,29428,PSExpressBroker.exe,51.85,26.26,26.26,51.85,31
2026-09-16 23:32:09,29440,ArmouryCrate.exe,2.21,52.72,52.72,2.21,12
2026-09-16 23:32:09,29496,EOSOverlayRenderer-Win64-Shipping.exe,57.2,45.64,45.64,57.2,25
2026-09-16 23:32:09,29972,PhoneExperienceHost.exe,173.21,74.63,74.63,173.21,15
2026-09-16 23:32:09,30104,backgroundTaskHost.exe,60.68,24.33,24.33,60.68,6
2026-09-16 23:32:09,30132,SearchFilterHost.exe,12.91,3.05,,12.91,4
2026-09-16 23:32:09,30140,brave.exe,19.57,8.93,8.93,19.57,10
2026-09-16 23:32:09,30300,chrome.exe,44.43,60.19,60.19,44.43,14
2026-09-16 23:32:09,31284,brave.exe,250.45,304.79,304.79,250.45,49
2026-09-16 23:32:09,31432,brave.exe,20.31,10.1,10.1,20.31,11
2026-09-16 23:32:09,31500,brave.exe,8.95,2.38,2.38,8.95,7
2026-09-16 23:32:09,31520,brave.exe,51.03,19.43,19.43,51.03,20
2026-09-16 23:32:12,0,System Idle Process,0.01,0.06,,0.01,36
2026-09-16 23:32:12,4,System,4.34,0.05,,4.34,436
2026-09-16 23:32:12,188,,63.28,0.17,,63.28,0
2026-09-16 23:32:12,232,Registry,48.52,9.11,,48.52,4
2026-09-16 23:32:12,396,ArmouryCrate.UserSessionHelper.exe,38.91,35.93,,38.91,138
2026-09-16 23:32:12,704,GameInputSvc.exe,15.9,3.83,,15.9,7
2026-09-16 23:32:12,796,svchost.exe,27.81,10.37,,27.81,13
2026-09-16 23:32:12,828,smss.exe,1.32,1.14,,1.32,2
2026-09-16 23:32:12,1004,svchost.exe,11.06,7.41,,11.06,2
2026-09-16 23:32:12,1220,csrss.exe,7.08,2.43,,7.08,13
2026-09-16 23:32:12,1324,svchost.exe,12.3,4.08,,12.3,11
2026-09-16 23:32:12,1340,wininit.exe,9.4,1.81,,9.4,2
2026-09-16 23:32:12,1400,GameInputRedistService.exe,12.8,21.15,,12.8,10
2026-09-16 23:32:12,1408,services.exe,18.99,7.57,,18.99,10
2026-09-16 23:32:12,1428,LsaIso.exe,3.96,1.3,,3.96,1
2026-09-16 23:32:12,1436,lsass.exe,22.59,13.65,,22.59,11
2026-09-16 23:32:12,1448,FileCoAuth.exe,20.92,11.64,11.64,20.92,6
2026-09-16 23:32:12,1576,svchost.exe,39.16,17.95,,39.16,25
2026-09-16 23:32:12,1596,WUDFHost.exe,21.59,13.37,,21.59,20
2026-09-16 23:32:12,1628,fontdrvhost.exe,5.5,3.57,,5.5,5
2026-09-16 23:32:12,1704,svchost.exe,23.84,13.99,,23.84,12
2026-09-16 23:32:12,1760,svchost.exe,12.04,3.68,,12.04,6
2026-09-16 23:32:12,1768,dllhost.exe,20.91,2.78,2.78,20.91,4
2026-09-16 23:32:12,1812,WUDFHost.exe,14.35,4.5,,14.35,11
2026-09-16 23:32:12,1904,Adobe Crash Processor.exe,11.88,2.22,2.22,11.88,4
2026-09-16 23:32:12,2032,svchost.exe,6.75,1.4,,6.75,3
2026-09-16 23:32:12,2040,svchost.exe,6.59,2.39,,6.59,4
2026-09-16 23:32:12,2060,svchost.exe,10.26,2.86,,10.26,7
2026-09-16 23:32:12,2108,AsusCertService.exe,7.46,1.44,,7.46,4
2026-09-16 23:32:12,2156,svchost.exe,13.46,3.32,,13.46,6
2026-09-16 23:32:12,2176,svchost.exe,14.7,2.37,,14.7,3
2026-09-16 23:32:12,2300,svchost.exe,9.77,2.11,,9.77,3
2026-09-16 23:32:12,2308,IntelCpHDCPSvc.exe,7.03,1.44,,7.03,3
2026-09-16 23:32:12,2320,svchost.exe,11.62,3.19,,11.62,9
2026-09-16 23:32:12,2412,svchost.exe,22.53,8.71,,22.53,16
2026-09-16 23:32:12,2460,Code.exe,95.86,97.14,97.14,95.86,73
2026-09-16 23:32:12,2492,svchost.exe,13.73,3.17,,13.73,8
2026-09-16 23:32:12,2560,AsusOSD.exe,19.57,4.61,,19.57,3
2026-09-16 23:32:12,2580,SystemSettings.exe,130.45,140.15,140.15,130.45,45
2026-09-16 23:32:12,2624,Code.exe,48.33,105.4,105.4,48.33,31
2026-09-16 23:32:12,2680,svchost.exe,7.58,1.84,,7.58,3
2026-09-16 23:32:12,2964,svchost.exe,16.73,6.83,,16.73,8
2026-09-16 23:32:12,3004,NVDisplay.Container.exe,22.96,32.51,,22.96,39
2026-09-16 23:32:12,3040,python.exe,4.56,0.72,0.72,4.56,1
2026-09-16 23:32:12,3060,svchost.exe,7.23,1.47,,7.23,4
2026-09-16 23:32:12,3068,svchost.exe,20.13,17.47,,20.13,8
2026-09-16 23:32:12,3076,svchost.exe,10.07,2.1,,10.07,5
2026-09-16 23:32:12,3080,svchost.exe,8.74,3.77,,8.74,6
2026-09-16 23:32:12,3092,svchost.exe,13.48,2.57,,13.48,3
2026-09-16 23:32:12,3260,MemCompression,61.07,4.0,,61.07,58
2026-09-16 23:32:12,3316,svchost.exe,12.66,2.52,,12.66,3
2026-09-16 23:32:12,3324,svchost.exe,23.2,4.02,,23.2,8
2026-09-16 23:32:12,3340,brave.exe,66.19,28.32,28.32,66.19,21
2026-09-16 23:32:12,3420,svchost.exe,12.53,4.07,,12.53,3
2026-09-16 23:32:12,3428,svchost.exe,11.33,2.52,,11.33,7
2026-09-16 23:32:13,3444,svchost.exe,28.04,10.68,,28.04,8
2026-09-16 23:32:13,3476,WUDFHost.exe,11.76,2.9,,11.76,5
2026-09-16 23:32:13,3604,svchost.exe,24.34,5.44,,24.34,6
2026-09-16 23:32:13,3612,brave.exe,88.54,57.05,57.05,88.54,23
2026-09-16 23:32:13,3652,svchost.exe,10.66,2.0,,10.66,5
2026-09-16 23:32:13,3716,svchost.exe,8.75,1.66,,8.75,2
2026-09-16 23:32:13,3740,svchost.exe,8.32,1.96,,8.32,4
2026-09-16 23:32:13,3848,svchost.exe,26.94,25.66,,26.94,5
2026-09-16 23:32:13,3864,chrome.exe,383.03,347.13,347.13,383.03,30
2026-09-16 23:32:13,3872,svchost.exe,23.88,7.36,,23.88,15
2026-09-16 23:32:13,3904,AsusOptimization.exe,11.83,2.46,,11.83,10
2026-09-16 23:32:13,3912,svchost.exe,12.99,4.12,,12.99,6
2026-09-16 23:32:13,3996,VBoxSVC.exe,21.73,9.51,9.51,21.73,17
2026-09-16 23:32:13,4116,svchost.exe,9.13,2.11,,9.13,7
2026-09-16 23:32:13,4128,GlideXNearService.exe,14.05,3.94,,14.05,11
2026-09-16 23:32:13,4160,spoolsv.exe,13.24,8.84,,13.24,8
2026-09-16 23:32:13,4212,svchost.exe,24.04,14.64,,24.04,16
2026-09-16 23:32:13,4252,GameSDK.exe,8.35,1.84,,8.35,3
2026-09-16 23:32:13,4264,svchost.exe,24.14,12.48,,24.14,18
2026-09-16 23:32:13,4300,svchost.exe,17.62,3.97,,17.62,11
2026-09-16 23:32:13,4320,svchost.exe,9.52,1.93,,9.52,4
2026-09-16 23:32:13,4488,ArmouryCrateControlInterface.exe,11.87,2.46,,11.87,3
2026-09-16 23:32:13,4496,ArmouryCrate.Service.exe,35.79,62.64,,35.79,120
2026-09-16 23:32:13,4524,AdskLicensingService.exe,17.24,20.67,,17.24,13
2026-09-16 23:32:13,4532,AsusAppService.exe,7.93,5.72,,7.93,4
2026-09-16 23:32:13,4540,AsMsControl.exe,7.7,1.76,,7.7,1
2026-09-16 23:32:13,4636,AsusScreenXpertHostService.exe,5.02,5.27,,5.02,4
2026-09-16 23:32:13,4652,msedgewebview2.exe,13.14,8.62,8.62,13.14,10
2026-09-16 23:32:13,4656,AsusPTPService.exe,6.79,1.55,,6.79,4
2026-09-16 23:32:13,4668,AsusSoftwareManager.exe,21.12,4.55,,21.12,12
2026-09-16 23:32:13,4680,AsusSwitch.exe,9.41,2.1,,9.41,7
2026-09-16 23:32:13,4720,AggregatorHost.exe,12.73,2.95,,12.73,1
2026-09-16 23:32:13,4724,AsusSystemAnalysis.exe,19.05,5.39,,19.05,7
2026-09-16 23:32:13,4744,AsusSystemDiagnosis.exe,12.21,2.65,,12.21,2
2026-09-16 23:32:13,4752,AuraWallpaperService.exe,8.95,22.05,,8.95,8
2026-09-16 23:32:13,4808,GlideXRemoteService.exe,12.73,3.68,,12.73,5
2026-09-16 23:32:13,4832,svchost.exe,10.16,2.01,,10.16,5
2026-09-16 23:32:13,4848,AdskAccessServiceHost.exe,13.4,14.12,,13.4,8
2026-09-16 23:32:13,4864,svchost.exe,36.57,32.57,,36.57,12
2026-09-16 23:32:13,4900,DAX3API.exe,13.26,7.76,,13.26,10
2026-09-16 23:32:13,4916,svchost.exe,42.83,45.82,,42.83,18
2026-09-16 23:32:13,4936,ipfsvc.exe,6.76,1.68,,6.76,8
2026-09-16 23:32:13,4952,FNPLicensingService64.exe,10.47,3.31,,10.47,10
2026-09-16 23:32:13,5100,WMIRegistrationService.exe,15.2,3.18,,15.2,2
2026-09-16 23:32:13,5188,svchost.exe,27.42,20.07,,27.42,13
2026-09-16 23:32:13,5192,GlideXServiceExt.exe,6.81,3.31,,6.81,4
2026-09-16 23:32:13,5236,GlideXService.exe,18.89,6.01,,18.89,17
2026-09-16 23:32:13,5260,OneApp.IGCC.WinService.exe,12.59,32.57,,12.59,7
2026-09-16 23:32:13,5316,IntelAudioService.exe,12.48,39.45,,12.48,5
2026-09-16 23:32:13,5376,ipf_uf.exe,7.92,2.15,,7.92,5
2026-09-16 23:32:13,5452,jhi_service.exe,7.95,1.39,,7.95,2
2026-09-16 23:32:13,5472,svchost.exe,14.15,3.2,,14.15,6
2026-09-16 23:32:13,5612,MpDefenderCoreService.exe,23.8,12.61,,23.8,9
2026-09-16 23:32:13,5768,nvcontainer.exe,17.6,14.84,,17.6,27
2026-09-16 23:32:13,5840,RtkAudUService64.exe,13.31,26.66,,13.31,7
2026-09-16 23:32:13,5924,WmiPrvSE.exe,23.96,22.45,,23.96,5
2026-09-16 23:32:13,5956,ROGLiveService.exe,11.48,13.11,,11.48,36
2026-09-16 23:32:13,5968,RstMwService.exe,9.59,2.37,,9.59,9
2026-09-16 23:32:13,5976,RtkAudUService64.exe,11.32,31.35,,11.32,69
2026-09-16 23:32:13,5992,svchost.exe,10.14,1.8,,10.14,5
2026-09-16 23:32:13,6028,RtkBtManServ.exe,9.28,1.93,,9.28,3
2026-09-16 23:32:13,6036,svchost.exe,11.51,2.51,,11.51,6
2026-09-16 23:32:13,6116,ShellHost.exe,66.0,36.71,36.71,66.0,7
2026-09-16 23:32:13,6128,MsMpEng.exe,305.91,476.31,,305.91,56
2026-09-16 23:32:13,6152,svchost.exe,21.25,5.86,,21.25,8
2026-09-16 23:32:13,6172,Widgets.exe,37.93,10.25,10.25,37.93,9
2026-09-16 23:32:13,6180,WmiPrvSE.exe,41.45,29.46,,41.45,9
2026-09-16 23:32:13,6192,svchost.exe,6.97,1.51,,6.97,4
2026-09-16 23:32:13,6424,Code.exe,38.77,13.32,13.32,38.77,21
2026-09-16 23:32:13,6560,taskhostw.exe,28.24,7.96,,28.24,6
2026-09-16 23:32:13,6884,BraveCrashHandler.exe,2.46,1.79,,2.46,3
2026-09-16 23:32:13,6952,rlm.foundry.exe,10.14,3.91,,10.14,4
2026-09-16 23:32:13,7136,chrome.exe,22.02,9.13,9.13,22.02,12
2026-09-16 23:32:13,7224,python.exe,18.86,10.88,10.88,18.86,6
2026-09-16 23:32:13,7328,svchost.exe,11.6,2.62,,11.6,3
2026-09-16 23:32:13,7492,unsecapp.exe,10.12,1.78,,10.12,2
2026-09-16 23:32:13,7512,chrome.exe,161.44,262.26,262.26,161.44,25
2026-09-16 23:32:13,7764,ShellExperienceHost.exe,43.46,46.06,46.06,43.46,18
2026-09-16 23:32:13,7768,EOSOverlayRenderer-Win64-Shipping.exe,25.28,11.7,11.7,25.28,20
2026-09-16 23:32:13,8064,SearchIndexer.exe,62.8,291.73,,62.8,14
2026-09-16 23:32:13,8076,svchost.exe,14.84,1.89,1.89,14.84,4
2026-09-16 23:32:13,8080,brave.exe,358.46,309.06,309.06,358.46,25
2026-09-16 23:32:13,8088,svchost.exe,12.59,7.18,,12.59,5
2026-09-16 23:32:13,8276,uihost.exe,28.29,13.21,13.21,28.29,66
2026-09-16 23:32:13,8448,conhost.exe,7.12,1.24,,7.12,3
2026-09-16 23:32:13,8468,rlm.foundry.exe,10.2,3.72,,10.2,1
2026-09-16 23:32:13,8516,svchost.exe,15.09,3.74,,15.09,8
2026-09-16 23:32:13,8700,NVIDIA Overlay.exe,20.46,120.48,120.48,20.46,17
2026-09-16 23:32:13,8748,svchost.exe,19.94,5.87,,19.94,13
2026-09-16 23:32:13,9144,dllhost.exe,23.95,3.37,3.37,23.95,3
2026-09-16 23:32:13,9212,EOSOverlayRenderer-Win64-Shipping.exe,49.09,32.72,32.72,49.09,40
2026-09-16 23:32:13,9344,svchost.exe,5.51,1.07,,5.51,2
2026-09-16 23:32:13,9364,gamingservicesnet.exe,11.69,12.57,,11.69,39
2026-09-16 23:32:13,9592,NVIDIA Overlay.exe,46.9,138.65,138.65,46.9,86
2026-09-16 23:32:13,9604,mscopilot.exe,18.76,7.86,7.86,18.76,11
2026-09-16 23:32:13,9616,RuntimeBroker.exe,30.17,4.31,4.31,30.17,3
2026-09-16 23:32:13,9644,conhost.exe,10.61,1.66,1.66,10.61,3
2026-09-16 23:32:13,9664,svchost.exe,27.42,5.74,,27.42,7
2026-09-16 23:32:13,9712,svchost.exe,11.12,2.73,,11.12,9
2026-09-16 23:32:13,9972,svchost.exe,27.75,6.34,,27.75,6
2026-09-16 23:32:13,10068,msedgewebview2.exe,68.56,41.75,41.75,68.56,49
2026-09-16 23:32:13,10092,gamingservices.exe,24.62,9.07,,24.62,19
2026-09-16 23:32:13,10220,svchost.exe,9.13,1.93,,9.13,2
2026-09-16 23:32:13,10244,powershell.exe,44.71,70.5,70.5,44.71,9
2026-09-16 23:32:13,10312,svchost.exe,25.63,11.26,,25.63,13
2026-09-16 23:32:14,10556,svchost.exe,10.88,1.91,,10.88,5
2026-09-16 23:32:14,10592,svchost.exe,16.7,2.84,,16.7,2
2026-09-16 23:32:14,10668,svchost.exe,13.23,2.86,,13.23,5
2026-09-16 23:32:14,10672,brave.exe,83.67,49.82,49.82,83.67,22
2026-09-16 23:32:14,10684,OneDrive.exe,319.07,456.92,456.92,319.07,33
2026-09-16 23:32:14,10744,GameInputSvc.exe,7.04,1.4,,7.04,3
2026-09-16 23:32:14,10788,nvcontainer.exe,26.89,20.45,,26.89,19
2026-09-16 23:32:14,10904,asus_framework.exe,1.7,25.44,25.44,1.7,23
2026-09-16 23:32:14,10956,EpicOnlineServicesUserHelper.exe,56.1,77.2,77.2,56.1,13
2026-09-16 23:32:14,11056,BraveCrashHandler64.exe,2.24,1.77,,2.24,3
2026-09-16 23:32:14,11104,svchost.exe,23.3,11.45,,23.3,12
2026-09-16 23:32:14,11168,svchost.exe,16.14,3.18,,16.14,2
2026-09-16 23:32:14,11248,NgcIso.exe,4.49,1.36,,4.49,2
2026-09-16 23:32:14,11292,svchost.exe,25.78,6.79,,25.78,12
2026-09-16 23:32:14,11516,EOSOverlayRenderer-Win64-Shipping.exe,18.3,64.19,64.19,18.3,37
2026-09-16 23:32:14,11784,NisSrv.exe,13.02,4.39,,13.02,4
2026-09-16 23:32:14,11900,chrome.exe,176.61,126.22,126.22,176.61,47
2026-09-16 23:32:14,11952,SDXHelper.exe,19.47,20.0,20.0,19.47,13
2026-09-16 23:32:14,12096,audiodg.exe,40.46,130.82,,40.46,22
2026-09-16 23:32:14,12452,Code.exe,42.51,69.04,69.04,42.51,26
2026-09-16 23:32:14,12536,EOSOverlayRenderer-Win64-Shipping.exe,14.48,8.8,8.8,14.48,11
2026-09-16 23:32:14,12968,MoNotificationUx.exe,13.23,2.2,2.2,13.23,1
2026-09-16 23:32:14,13136,GameInputRedistService.exe,15.21,2.18,2.18,15.21,2
2026-09-16 23:32:14,13252,mscopilot_proxy.exe,20.15,3.04,3.04,20.15,2
2026-09-16 23:32:14,13292,LightingService.exe,25.69,12.21,,25.69,10
2026-09-16 23:32:14,13308,brave.exe,104.94,74.73,74.73,104.94,22
2026-09-16 23:32:14,13520,mscopilot.exe,13.46,2.8,2.8,13.46,8
2026-09-16 23:32:14,13828,VirtualBoxVM.exe,4002.98,4372.09,4372.09,4002.98,37
2026-09-16 23:32:14,13860,AdskAccessCore.exe,28.33,54.02,54.02,28.33,18
2026-09-16 23:32:14,14036,DefenderSessionHelper.exe,6.56,1.2,1.2,6.56,2
2026-09-16 23:32:14,14068,winlogon.exe,16.55,2.75,,16.55,4
2026-09-16 23:32:14,14164,nvcontainer.exe,39.94,36.25,36.25,39.94,56
2026-09-16 23:32:14,14308,conhost.exe,10.18,1.74,1.74,10.18,3
2026-09-16 23:32:14,14368,ApplicationFrameHost.exe,73.57,59.09,59.09,73.57,6
2026-09-16 23:32:14,14424,UserOOBEBroker.exe,12.17,2.02,2.02,12.17,3
2026-09-16 23:32:14,14432,WidgetService.exe,11.5,4.85,4.85,11.5,5
2026-09-16 23:32:14,14448,svchost.exe,24.55,8.06,,24.55,12
2026-09-16 23:32:14,14456,powershell.exe,75.06,68.17,68.17,75.06,12
2026-09-16 23:32:14,14552,svchost.exe,33.89,24.9,,33.89,28
2026-09-16 23:32:14,14712,svchost.exe,19.84,4.04,,19.84,4
2026-09-16 23:32:14,14772,svchost.exe,8.94,1.8,,8.94,1
2026-09-16 23:32:14,14880,svchost.exe,10.93,2.36,2.36,10.93,1
2026-09-16 23:32:14,14892,conhost.exe,7.38,1.21,,7.38,2
2026-09-16 23:32:14,14900,svchost.exe,29.88,11.42,11.42,29.88,11
2026-09-16 23:32:14,15096,chrome.exe,19.62,10.2,10.2,19.62,13
2026-09-16 23:32:14,15148,AdskAccessUIHost.exe,18.79,14.55,14.55,18.79,17
2026-09-16 23:32:14,15248,Code.exe,303.29,340.9,340.9,303.29,26
2026-09-16 23:32:14,15540,VBoxSDS.exe,17.4,4.76,,17.4,5
2026-09-16 23:32:14,15572,Code.exe,319.63,404.35,404.35,319.63,11
2026-09-16 23:32:14,15624,svchost.exe,16.32,4.2,,16.32,2
2026-09-16 23:32:14,15744,mscopilot.exe,131.07,40.14,40.14,131.07,56
2026-09-16 23:32:14,15848,pet.exe,8.79,4.09,4.09,8.79,13
2026-09-16 23:32:14,15928,svchost.exe,16.01,3.84,,16.01,12
2026-09-16 23:32:14,15952,NVIDIA Overlay.exe,26.85,48.48,48.48,26.85,26
2026-09-16 23:32:14,16080,msedgewebview2.exe,116.95,118.87,118.87,116.95,25
2026-09-16 23:32:14,16276,Code.exe,27.29,177.0,177.0,27.29,51
2026-09-16 23:32:14,16284,EpicWebHelper.exe,22.41,62.33,62.33,22.41,12
2026-09-16 23:32:14,16320,ASUSSmartDisplayControl.exe,3.02,2.33,,3.02,3
2026-09-16 23:32:14,16336,CrossDeviceResume.exe,20.64,38.64,38.64,20.64,7
2026-09-16 23:32:14,16652,VirtualBox.exe,31.64,90.54,90.54,31.64,12
2026-09-16 23:32:14,16700,mscopilot.exe,40.07,11.98,11.98,40.07,24
2026-09-16 23:32:14,16900,chrome.exe,51.08,20.39,20.39,51.08,22
2026-09-16 23:32:14,16944,dllhost.exe,12.35,2.61,2.61,12.35,2
2026-09-16 23:32:14,17000,mscopilot.exe,57.84,60.48,60.48,57.84,16
2026-09-16 23:32:14,17004,Code.exe,148.95,224.56,224.56,148.95,25
2026-09-16 23:32:14,17076,svchost.exe,18.84,3.54,3.54,18.84,3
2026-09-16 23:32:14,17308,SecurityHealthSystray.exe,12.51,1.87,1.87,12.51,1
2026-09-16 23:32:14,17328,brave.exe,223.52,105.55,105.55,223.52,45
2026-09-16 23:32:14,17364,svchost.exe,7.68,1.57,,7.68,5
2026-09-16 23:32:14,17504,chrome.exe,163.77,244.18,244.18,163.77,24
2026-09-16 23:32:14,17572,RuntimeBroker.exe,20.47,3.54,3.54,20.47,4
2026-09-16 23:32:14,17720,conhost.exe,7.63,1.16,1.16,7.63,2
2026-09-16 23:32:14,17728,svchost.exe,30.78,10.57,10.57,30.78,4
2026-09-16 23:32:14,17792,svchost.exe,7.53,1.31,1.31,7.53,3
2026-09-16 23:32:14,18216,NVIDIA Overlay.exe,13.94,9.14,9.14,13.94,10
2026-09-16 23:32:14,18400,SecurityHealthService.exe,15.18,8.37,,15.18,9
2026-09-16 23:32:14,18436,Code.exe,136.75,162.66,162.66,136.75,19
2026-09-16 23:32:14,18560,csrss.exe,8.71,3.67,,8.71,22
2026-09-16 23:32:14,18588,svchost.exe,7.41,1.67,,7.41,5
2026-09-16 23:32:14,18620,SearchFilterHost.exe,11.86,2.25,,11.86,4
2026-09-16 23:32:14,18724,svchost.exe,9.96,2.19,,9.96,6
2026-09-16 23:32:14,18908,svchost.exe,20.16,4.59,4.59,20.16,3
2026-09-16 23:32:14,19348,FileSyncHelper.exe,21.27,7.23,,21.27,4
2026-09-16 23:32:14,19396,svchost.exe,8.56,1.55,,8.56,2
2026-09-16 23:32:14,19528,svchost.exe,28.15,5.89,,28.15,5
2026-09-16 23:32:14,19584,dllhost.exe,22.6,3.18,3.18,22.6,3
2026-09-16 23:32:14,19604,Code.exe,43.49,87.57,87.57,43.49,24
2026-09-16 23:32:14,20004,AsHotplugCtrl.exe,1.25,1.31,,1.25,1
2026-09-16 23:32:14,20052,SearchFilterHost.exe,26.48,31.35,,26.48,3
2026-09-16 23:32:14,20152,AsusOptimizationStartupTask.exe,9.49,3.34,3.34,9.49,7
2026-09-16 23:32:14,20296,AsusSoftwareManagerAgent.exe,30.41,40.02,,30.41,8
2026-09-16 23:32:14,20520,AcPowerNotification.exe,19.84,56.36,,19.84,19
2026-09-16 23:32:14,20780,taskhostw.exe,21.7,6.48,6.48,21.7,9
2026-09-16 23:32:14,20800,msedgewebview2.exe,60.53,83.38,83.38,60.53,19
2026-09-16 23:32:14,20928,BlueStacksServices.exe,18.72,57.78,57.78,18.72,24
2026-09-16 23:32:14,21224,RuntimeBroker.exe,34.49,9.96,9.96,34.49,37
2026-09-16 23:32:14,21412,ipf_helper.exe,11.6,1.99,1.99,11.6,4
2026-09-16 23:32:14,21584,dwm.exe,96.55,240.08,,96.55,19
2026-09-16 23:32:14,21592,Code.exe,15.29,9.7,9.7,15.29,7
2026-09-16 23:32:14,21704,asus_framework.exe,18.48,78.32,,18.48,41
2026-09-16 23:32:14,21752,chrome.exe,64.89,43.45,43.45,64.89,25
2026-09-16 23:32:14,21756,EpicGamesLauncher.exe,57.52,289.34,289.34,57.52,91
2026-09-16 23:32:14,21788,BlueStacksServices.exe,11.64,20.77,20.77,11.64,15
2026-09-16 23:32:14,21892,EpicWebHelper.exe,23.17,29.5,29.5,23.17,8
2026-09-16 23:32:14,22072,StartMenuExperienceHost.exe,112.99,107.68,107.68,112.99,16
2026-09-16 23:32:14,22144,svchost.exe,23.64,4.75,4.75,23.64,8
2026-09-16 23:32:14,22200,asus_framework.exe,4.95,15.2,,4.95,14
2026-09-16 23:32:14,22424,svchost.exe,20.57,4.55,,20.57,9
2026-09-16 23:32:14,22608,RuntimeBroker.exe,21.39,6.06,6.06,21.39,3
2026-09-16 23:32:14,22628,brave.exe,245.25,178.82,178.82,245.25,22
2026-09-16 23:32:14,22648,AppActions.exe,14.8,12.0,12.0,14.8,7
2026-09-16 23:32:14,22656,nvcontainer.exe,11.22,11.05,11.05,11.22,16
2026-09-16 23:32:14,22788,servicehost.exe,38.57,36.4,,38.57,96
2026-09-16 23:32:14,22812,msedgewebview2.exe,12.34,2.89,2.89,12.34,8
2026-09-16 23:32:14,22924,RuntimeBroker.exe,13.79,2.36,2.36,13.79,2
2026-09-16 23:32:14,23148,CrossDeviceService.exe,35.04,20.69,20.69,35.04,13
2026-09-16 23:32:14,23248,svchost.exe,11.63,3.09,,11.63,6
2026-09-16 23:32:14,23324,sihost.exe,34.04,7.84,7.84,34.04,13
2026-09-16 23:32:14,23504,svchost.exe,7.21,1.5,,7.21,5
2026-09-16 23:32:14,23648,AdskAccessUIHost.exe,29.61,82.74,82.74,29.61,47
2026-09-16 23:32:14,23724,powershell.exe,48.52,70.55,70.55,48.52,9
2026-09-16 23:32:14,23828,RtkAudUService64.exe,13.74,30.01,30.01,13.74,12
2026-09-16 23:32:14,23872,chrome.exe,303.68,342.77,342.77,303.68,28
2026-09-16 23:32:14,24032,ArmourySocketServer.exe,0.95,4.91,,0.95,17
2026-09-16 23:32:14,24404,OfficeClickToRun.exe,22.69,36.93,,22.69,19
2026-09-16 23:32:14,24540,AdskIdentityManager.exe,17.34,8.97,8.97,17.34,22
2026-09-16 23:32:14,24604,AsusScreenXpertUI.exe,16.66,3.25,,16.66,3
2026-09-16 23:32:14,24648,dllhost.exe,16.48,2.16,2.16,16.48,3
2026-09-16 23:32:14,24688,ArmouryHtmlDebugServer.exe,1.05,1.31,,1.05,2
2026-09-16 23:32:14,24772,VirtualBoxVM.exe,5.63,3.07,3.07,5.63,1
2026-09-16 23:32:14,24904,AdskAccessUIHost.exe,20.53,63.63,63.63,20.53,13
2026-09-16 23:32:14,24980,NVDisplay.Container.exe,28.93,35.52,,28.93,28
2026-09-16 23:32:14,25160,OpenConsole.exe,11.31,2.23,2.23,11.31,4
2026-09-16 23:32:14,25244,cmd.exe,7.56,3.34,3.34,7.56,1
2026-09-16 23:32:14,25436,VirtualBoxVM.exe,9.34,2.29,2.29,9.34,1
2026-09-16 23:32:15,25476,msedgewebview2.exe,30.6,13.67,13.67,30.6,20
2026-09-16 23:32:15,25656,PSExpressCore.exe,77.44,90.32,90.32,77.44,26
2026-09-16 23:32:15,25788,brave.exe,112.56,59.98,59.98,112.56,22
2026-09-16 23:32:15,25880,SearchHost.exe,93.26,78.23,78.23,93.26,11
2026-09-16 23:32:15,25908,SearchFilterHost.exe,13.51,2.53,,13.51,5
2026-09-16 23:32:15,26072,RuntimeBroker.exe,50.94,15.61,15.61,50.94,12
2026-09-16 23:32:15,26128,svchost.exe,6.18,2.29,,6.18,3
2026-09-16 23:32:15,26444,chrome.exe,10.35,2.51,2.51,10.35,7
2026-09-16 23:32:15,26724,BlueStacksServices.exe,37.52,59.28,59.28,37.52,29
2026-09-16 23:32:15,26844,AdskAccessUIHost.exe,15.36,50.38,50.38,15.36,23
2026-09-16 23:32:15,27008,svchost.exe,12.48,3.43,,12.48,4
2026-09-16 23:32:15,27328,EpicOnlineServicesUserHelper.exe,14.88,59.93,59.93,14.88,11
2026-09-16 23:32:15,27392,ctfmon.exe,25.5,6.22,,25.5,14
2026-09-16 23:32:15,27432,chrome.exe,61.43,38.63,38.63,61.43,24
2026-09-16 23:32:15,27440,OpenConsole.exe,11.63,2.27,2.27,11.63,5
2026-09-16 23:32:15,27464,Code.exe,36.21,126.02,126.02,36.21,23
2026-09-16 23:32:15,27560,LockApp.exe,40.86,46.33,46.33,40.86,18
2026-09-16 23:32:15,27604,fontdrvhost.exe,7.69,3.7,,7.69,5
2026-09-16 23:32:15,27656,SearchProtocolHost.exe,17.34,9.3,,17.34,7
2026-09-16 23:32:15,27708,NVIDIA Overlay.exe,22.04,11.46,11.46,22.04,20
2026-09-16 23:32:15,27764,OpenConsole.exe,10.93,2.25,2.25,10.93,4
2026-09-16 23:32:15,27848,SearchFilterHost.exe,12.12,2.29,,12.12,1
2026-09-16 23:32:15,28084,nvsphelper64.exe,15.5,3.43,,15.5,6
2026-09-16 23:32:15,28256,AsMonitorControl.exe,1.49,1.24,,1.49,2
2026-09-16 23:32:15,28396,SearchFilterHost.exe,14.75,3.64,,14.75,6
2026-09-16 23:32:15,28908,brave.exe,54.11,64.16,64.16,54.11,21
2026-09-16 23:32:15,28968,svchost.exe,12.87,2.32,,12.87,3
2026-09-16 23:32:15,29264,BlueStacksServices.exe,17.01,13.3,13.3,17.01,9
2026-09-16 23:32:15,29308,explorer.exe,302.48,348.44,348.44,302.48,83
2026-09-16 23:32:15,29312,browserhost.exe,19.29,7.01,7.01,19.29,38
2026-09-16 23:32:15,29428,PSExpressBroker.exe,51.83,26.27,26.27,51.83,33
2026-09-16 23:32:15,29440,ArmouryCrate.exe,2.21,52.72,52.72,2.21,12
2026-09-16 23:32:15,29496,EOSOverlayRenderer-Win64-Shipping.exe,57.2,45.64,45.64,57.2,25
2026-09-16 23:32:15,29972,PhoneExperienceHost.exe,173.21,74.63,74.63,173.21,15
2026-09-16 23:32:15,30104,backgroundTaskHost.exe,60.68,24.33,24.33,60.68,6
2026-09-16 23:32:15,30132,SearchFilterHost.exe,12.91,3.05,,12.91,4
2026-09-16 23:32:15,30140,brave.exe,19.57,8.93,8.93,19.57,10
2026-09-16 23:32:15,30300,chrome.exe,44.43,60.19,60.19,44.43,14
2026-09-16 23:32:15,31284,brave.exe,250.45,304.79,304.79,250.45,49
2026-09-16 23:32:15,31432,brave.exe,20.31,10.1,10.1,20.31,11
2026-09-16 23:32:15,31500,brave.exe,8.95,2.38,2.38,8.95,7
2026-09-16 23:32:15,31520,brave.exe,51.03,19.43,19.43,51.03,20
2026-09-16 23:32:18,0,System Idle Process,0.01,0.06,,0.01,36
2026-09-16 23:32:18,4,System,4.34,0.05,,4.34,436
2026-09-16 23:32:18,188,,63.28,0.17,,63.28,0
2026-09-16 23:32:18,232,Registry,48.52,9.11,,48.52,4
2026-09-16 23:32:18,396,ArmouryCrate.UserSessionHelper.exe,38.91,35.93,,38.91,138
2026-09-16 23:32:18,704,GameInputSvc.exe,15.9,3.83,,15.9,7
2026-09-16 23:32:18,796,svchost.exe,27.81,10.37,,27.81,13
2026-09-16 23:32:18,828,smss.exe,1.32,1.14,,1.32,2
2026-09-16 23:32:18,1004,svchost.exe,11.06,7.41,,11.06,2
2026-09-16 23:32:18,1220,csrss.exe,7.08,2.43,,7.08,13
2026-09-16 23:32:18,1324,svchost.exe,12.3,4.08,,12.3,11
2026-09-16 23:32:18,1340,wininit.exe,9.4,1.81,,9.4,2
2026-09-16 23:32:18,1400,GameInputRedistService.exe,12.8,21.15,,12.8,10
2026-09-16 23:32:18,1408,services.exe,18.99,7.57,,18.99,10
2026-09-16 23:32:18,1428,LsaIso.exe,3.96,1.3,,3.96,1
2026-09-16 23:32:18,1436,lsass.exe,22.59,13.65,,22.59,11
2026-09-16 23:32:18,1448,FileCoAuth.exe,20.92,11.64,11.64,20.92,6
2026-09-16 23:32:18,1576,svchost.exe,39.16,17.95,,39.16,25
2026-09-16 23:32:18,1596,WUDFHost.exe,21.59,13.37,,21.59,20
2026-09-16 23:32:18,1628,fontdrvhost.exe,5.5,3.57,,5.5,5
2026-09-16 23:32:18,1704,svchost.exe,23.7,13.88,,23.7,12
2026-09-16 23:32:18,1760,svchost.exe,12.04,3.68,,12.04,6
2026-09-16 23:32:18,1768,dllhost.exe,20.91,2.78,2.78,20.91,4
2026-09-16 23:32:18,1812,WUDFHost.exe,14.35,4.5,,14.35,11
2026-09-16 23:32:18,1904,Adobe Crash Processor.exe,11.88,2.22,2.22,11.88,4
2026-09-16 23:32:18,2032,svchost.exe,6.76,1.41,,6.76,3
2026-09-16 23:32:18,2040,svchost.exe,6.59,2.39,,6.59,4
2026-09-16 23:32:18,2060,svchost.exe,10.26,2.86,,10.26,7
2026-09-16 23:32:18,2108,AsusCertService.exe,7.46,1.44,,7.46,4
2026-09-16 23:32:18,2156,svchost.exe,13.46,3.32,,13.46,6
2026-09-16 23:32:18,2176,svchost.exe,14.7,2.37,,14.7,3
2026-09-16 23:32:18,2300,svchost.exe,9.77,2.11,,9.77,3
2026-09-16 23:32:18,2308,IntelCpHDCPSvc.exe,7.03,1.44,,7.03,3
2026-09-16 23:32:18,2320,svchost.exe,11.62,3.19,,11.62,9
2026-09-16 23:32:18,2412,svchost.exe,22.57,8.74,,22.57,16
2026-09-16 23:32:18,2460,Code.exe,95.98,97.27,97.27,95.98,73
2026-09-16 23:32:18,2492,svchost.exe,13.73,3.17,,13.73,8
2026-09-16 23:32:18,2560,AsusOSD.exe,19.57,4.61,,19.57,3
2026-09-16 23:32:18,2580,SystemSettings.exe,130.45,140.15,140.15,130.45,45
2026-09-16 23:32:18,2624,Code.exe,48.48,105.55,105.55,48.48,31
2026-09-16 23:32:18,2680,svchost.exe,7.58,1.84,,7.58,3
2026-09-16 23:32:18,2964,svchost.exe,16.73,6.83,,16.73,8
2026-09-16 23:32:18,3004,NVDisplay.Container.exe,22.96,32.51,,22.96,39
2026-09-16 23:32:18,3040,python.exe,4.56,0.72,0.72,4.56,1
2026-09-16 23:32:18,3060,svchost.exe,7.23,1.47,,7.23,4
2026-09-16 23:32:18,3068,svchost.exe,20.13,17.47,,20.13,8
2026-09-16 23:32:18,3076,svchost.exe,10.07,2.1,,10.07,5
2026-09-16 23:32:18,3080,svchost.exe,8.74,3.77,,8.74,6
2026-09-16 23:32:18,3092,svchost.exe,13.48,2.57,,13.48,3
2026-09-16 23:32:18,3260,MemCompression,61.28,4.0,,61.28,58
2026-09-16 23:32:18,3316,svchost.exe,12.66,2.52,,12.66,3
2026-09-16 23:32:18,3324,svchost.exe,23.2,4.02,,23.2,8
2026-09-16 23:32:18,3340,brave.exe,66.19,28.32,28.32,66.19,21
2026-09-16 23:32:18,3420,svchost.exe,12.53,4.07,,12.53,3
2026-09-16 23:32:18,3428,svchost.exe,11.33,2.52,,11.33,7
2026-09-16 23:32:18,3444,svchost.exe,28.04,10.68,,28.04,8
2026-09-16 23:32:18,3476,WUDFHost.exe,11.76,2.9,,11.76,5
2026-09-16 23:32:18,3604,svchost.exe,24.34,5.44,,24.34,6
2026-09-16 23:32:18,3612,brave.exe,88.54,57.05,57.05,88.54,23
2026-09-16 23:32:18,3652,svchost.exe,10.66,2.0,,10.66,5
2026-09-16 23:32:18,3716,svchost.exe,8.75,1.66,,8.75,2
2026-09-16 23:32:18,3740,svchost.exe,8.31,1.96,,8.31,4
2026-09-16 23:32:18,3848,svchost.exe,26.94,25.66,,26.94,5
2026-09-16 23:32:18,3864,chrome.exe,383.03,347.13,347.13,383.03,30
2026-09-16 23:32:18,3872,svchost.exe,23.9,7.38,,23.9,15
2026-09-16 23:32:18,3904,AsusOptimization.exe,11.83,2.46,,11.83,10
2026-09-16 23:32:18,3912,svchost.exe,12.99,4.12,,12.99,6
2026-09-16 23:32:18,3996,VBoxSVC.exe,21.76,9.54,9.54,21.76,17
2026-09-16 23:32:18,4116,svchost.exe,9.13,2.11,,9.13,7
2026-09-16 23:32:18,4128,GlideXNearService.exe,14.05,3.94,,14.05,11
2026-09-16 23:32:18,4160,spoolsv.exe,13.24,8.84,,13.24,8
2026-09-16 23:32:19,4212,svchost.exe,24.04,14.64,,24.04,16
2026-09-16 23:32:19,4252,GameSDK.exe,8.35,1.84,,8.35,3
2026-09-16 23:32:19,4264,svchost.exe,24.43,12.78,,24.43,18
2026-09-16 23:32:19,4300,svchost.exe,17.62,3.97,,17.62,11
2026-09-16 23:32:19,4320,svchost.exe,9.52,1.93,,9.52,4
2026-09-16 23:32:19,4488,ArmouryCrateControlInterface.exe,11.87,2.46,,11.87,3
2026-09-16 23:32:19,4496,ArmouryCrate.Service.exe,35.79,62.64,,35.79,120
2026-09-16 23:32:19,4524,AdskLicensingService.exe,17.24,20.67,,17.24,13
2026-09-16 23:32:19,4532,AsusAppService.exe,7.93,5.72,,7.93,4
2026-09-16 23:32:19,4540,AsMsControl.exe,7.7,1.76,,7.7,1
2026-09-16 23:32:19,4636,AsusScreenXpertHostService.exe,5.02,5.27,,5.02,4
2026-09-16 23:32:19,4652,msedgewebview2.exe,13.14,8.62,8.62,13.14,10
2026-09-16 23:32:19,4656,AsusPTPService.exe,6.79,1.55,,6.79,4
2026-09-16 23:32:19,4668,AsusSoftwareManager.exe,21.12,4.55,,21.12,12
2026-09-16 23:32:19,4680,AsusSwitch.exe,9.41,2.1,,9.41,7
2026-09-16 23:32:19,4720,AggregatorHost.exe,12.73,2.95,,12.73,1
2026-09-16 23:32:19,4724,AsusSystemAnalysis.exe,19.05,5.39,,19.05,7
2026-09-16 23:32:19,4744,AsusSystemDiagnosis.exe,12.21,2.65,,12.21,2
2026-09-16 23:32:19,4752,AuraWallpaperService.exe,8.95,22.05,,8.95,8
2026-09-16 23:32:19,4808,GlideXRemoteService.exe,12.73,3.68,,12.73,5
2026-09-16 23:32:19,4832,svchost.exe,10.16,2.01,,10.16,5
2026-09-16 23:32:19,4848,AdskAccessServiceHost.exe,13.4,14.12,,13.4,8
2026-09-16 23:32:19,4864,svchost.exe,36.57,32.57,,36.57,12
2026-09-16 23:32:19,4900,DAX3API.exe,13.26,7.76,,13.26,10
2026-09-16 23:32:19,4916,svchost.exe,42.83,45.82,,42.83,18
2026-09-16 23:32:19,4936,ipfsvc.exe,6.76,1.68,,6.76,8
2026-09-16 23:32:19,4952,FNPLicensingService64.exe,10.47,3.31,,10.47,10
2026-09-16 23:32:19,5100,WMIRegistrationService.exe,15.2,3.18,,15.2,2
2026-09-16 23:32:19,5188,svchost.exe,27.4,20.05,,27.4,13
2026-09-16 23:32:19,5192,GlideXServiceExt.exe,6.81,3.31,,6.81,4
2026-09-16 23:32:19,5236,GlideXService.exe,18.89,6.01,,18.89,17
2026-09-16 23:32:19,5260,OneApp.IGCC.WinService.exe,12.56,32.48,,12.56,5
2026-09-16 23:32:19,5316,IntelAudioService.exe,12.48,39.45,,12.48,5
2026-09-16 23:32:19,5376,ipf_uf.exe,7.92,2.15,,7.92,5
2026-09-16 23:32:19,5452,jhi_service.exe,7.95,1.39,,7.95,2
2026-09-16 23:32:19,5472,svchost.exe,14.15,3.2,,14.15,6
2026-09-16 23:32:19,5612,MpDefenderCoreService.exe,23.8,12.61,,23.8,9
2026-09-16 23:32:19,5768,nvcontainer.exe,17.6,14.84,,17.6,27
2026-09-16 23:32:19,5840,RtkAudUService64.exe,13.31,26.66,,13.31,7
2026-09-16 23:32:19,5924,WmiPrvSE.exe,23.96,22.45,,23.96,5
2026-09-16 23:32:19,5956,ROGLiveService.exe,11.48,13.11,,11.48,36
2026-09-16 23:32:19,5968,RstMwService.exe,9.59,2.37,,9.59,9
2026-09-16 23:32:19,5976,RtkAudUService64.exe,11.32,31.35,,11.32,69
2026-09-16 23:32:19,5992,svchost.exe,10.18,1.87,,10.18,6
2026-09-16 23:32:19,6028,RtkBtManServ.exe,9.28,1.93,,9.28,3
2026-09-16 23:32:19,6036,svchost.exe,11.51,2.51,,11.51,6
2026-09-16 23:32:19,6116,ShellHost.exe,66.0,36.71,36.71,66.0,7
2026-09-16 23:32:19,6128,MsMpEng.exe,306.81,477.32,,306.81,56
2026-09-16 23:32:19,6152,svchost.exe,21.25,5.86,,21.25,8
2026-09-16 23:32:19,6172,Widgets.exe,37.9,10.21,10.21,37.9,9
2026-09-16 23:32:19,6180,WmiPrvSE.exe,38.61,26.46,,38.61,9
2026-09-16 23:32:19,6192,svchost.exe,6.97,1.51,,6.97,4
2026-09-16 23:32:19,6424,Code.exe,38.77,13.32,13.32,38.77,21
2026-09-16 23:32:19,6560,taskhostw.exe,28.24,7.96,,28.24,6
2026-09-16 23:32:19,6884,BraveCrashHandler.exe,2.46,1.79,,2.46,3
2026-09-16 23:32:19,6952,rlm.foundry.exe,10.14,3.91,,10.14,4
2026-09-16 23:32:19,7136,chrome.exe,22.02,9.13,9.13,22.02,12
2026-09-16 23:32:19,7224,python.exe,18.87,10.88,10.88,18.87,6
2026-09-16 23:32:19,7328,svchost.exe,11.6,2.62,,11.6,3
2026-09-16 23:32:19,7492,unsecapp.exe,10.12,1.78,,10.12,2
2026-09-16 23:32:19,7512,chrome.exe,161.44,262.26,262.26,161.44,25
2026-09-16 23:32:19,7764,ShellExperienceHost.exe,43.46,46.06,46.06,43.46,18
2026-09-16 23:32:19,7768,EOSOverlayRenderer-Win64-Shipping.exe,25.28,11.7,11.7,25.28,20
2026-09-16 23:32:19,8064,SearchIndexer.exe,62.71,291.64,,62.71,14
2026-09-16 23:32:19,8076,svchost.exe,14.84,1.89,1.89,14.84,4
2026-09-16 23:32:19,8080,brave.exe,358.46,309.06,309.06,358.46,25
2026-09-16 23:32:19,8088,svchost.exe,12.59,7.18,,12.59,5
2026-09-16 23:32:19,8276,uihost.exe,28.29,13.21,13.21,28.29,66
2026-09-16 23:32:19,8448,conhost.exe,7.12,1.24,,7.12,3
2026-09-16 23:32:19,8468,rlm.foundry.exe,10.2,3.72,,10.2,1
2026-09-16 23:32:19,8516,svchost.exe,15.09,3.74,,15.09,8
2026-09-16 23:32:19,8700,NVIDIA Overlay.exe,20.46,120.48,120.48,20.46,17
2026-09-16 23:32:19,8748,svchost.exe,19.87,5.8,,19.87,13
2026-09-16 23:32:19,9144,dllhost.exe,23.95,3.37,3.37,23.95,3
2026-09-16 23:32:19,9212,EOSOverlayRenderer-Win64-Shipping.exe,49.09,32.72,32.72,49.09,40
2026-09-16 23:32:19,9344,svchost.exe,5.51,1.07,,5.51,2
2026-09-16 23:32:19,9364,gamingservicesnet.exe,11.69,12.57,,11.69,39
2026-09-16 23:32:19,9592,NVIDIA Overlay.exe,46.9,138.65,138.65,46.9,86
2026-09-16 23:32:19,9604,mscopilot.exe,18.76,7.86,7.86,18.76,11
2026-09-16 23:32:19,9616,RuntimeBroker.exe,30.17,4.31,4.31,30.17,3
2026-09-16 23:32:19,9644,conhost.exe,10.61,1.66,1.66,10.61,3
2026-09-16 23:32:19,9664,svchost.exe,27.42,5.74,,27.42,7
2026-09-16 23:32:19,9712,svchost.exe,11.12,2.73,,11.12,9
2026-09-16 23:32:19,9972,svchost.exe,27.77,6.36,,27.77,6
2026-09-16 23:32:19,10068,msedgewebview2.exe,68.56,41.75,41.75,68.56,49
2026-09-16 23:32:19,10092,gamingservices.exe,24.66,9.13,,24.66,20
2026-09-16 23:32:19,10220,svchost.exe,9.13,1.93,,9.13,2
2026-09-16 23:32:19,10244,powershell.exe,44.71,70.5,70.5,44.71,9
2026-09-16 23:32:19,10312,svchost.exe,25.63,11.26,,25.63,13
2026-09-16 23:32:19,10556,svchost.exe,10.86,1.85,,10.86,4
2026-09-16 23:32:19,10592,svchost.exe,16.7,2.84,,16.7,2
2026-09-16 23:32:19,10668,svchost.exe,13.23,2.86,,13.23,5
2026-09-16 23:32:19,10672,brave.exe,83.67,49.82,49.82,83.67,22
2026-09-16 23:32:19,10684,OneDrive.exe,319.05,456.89,456.89,319.05,32
2026-09-16 23:32:19,10744,GameInputSvc.exe,7.04,1.4,,7.04,3
2026-09-16 23:32:19,10788,nvcontainer.exe,26.89,20.45,,26.89,19
2026-09-16 23:32:19,10904,asus_framework.exe,1.69,25.44,25.44,1.69,23
2026-09-16 23:32:19,10956,EpicOnlineServicesUserHelper.exe,56.1,77.2,77.2,56.1,13
2026-09-16 23:32:19,11056,BraveCrashHandler64.exe,2.24,1.77,,2.24,3
2026-09-16 23:32:19,11104,svchost.exe,23.3,11.45,,23.3,12
2026-09-16 23:32:19,11168,svchost.exe,16.14,3.18,,16.14,2
2026-09-16 23:32:20,11248,NgcIso.exe,4.49,1.36,,4.49,2
2026-09-16 23:32:20,11292,svchost.exe,25.75,6.71,,25.75,11
2026-09-16 23:32:20,11516,EOSOverlayRenderer-Win64-Shipping.exe,18.3,64.19,64.19,18.3,37
2026-09-16 23:32:20,11784,NisSrv.exe,13.02,4.39,,13.02,4
2026-09-16 23:32:20,11900,chrome.exe,176.64,126.27,126.27,176.64,48
2026-09-16 23:32:20,11952,SDXHelper.exe,19.39,20.0,20.0,19.39,13
2026-09-16 23:32:20,12096,audiodg.exe,40.46,130.82,,40.46,22
2026-09-16 23:32:20,12452,Code.exe,42.51,69.04,69.04,42.51,26
2026-09-16 23:32:20,12536,EOSOverlayRenderer-Win64-Shipping.exe,14.48,8.8,8.8,14.48,11
2026-09-16 23:32:20,12968,MoNotificationUx.exe,13.23,2.2,2.2,13.23,1
2026-09-16 23:32:20,13136,GameInputRedistService.exe,15.21,2.18,2.18,15.21,2
2026-09-16 23:32:20,13252,mscopilot_proxy.exe,20.15,3.04,3.04,20.15,2
2026-09-16 23:32:20,13292,LightingService.exe,25.69,12.21,,25.69,10
2026-09-16 23:32:20,13308,brave.exe,104.94,74.73,74.73,104.94,22
2026-09-16 23:32:20,13520,mscopilot.exe,13.46,2.8,2.8,13.46,8
2026-09-16 23:32:20,13828,VirtualBoxVM.exe,4002.98,4372.09,4372.09,4002.98,37
2026-09-16 23:32:20,13860,AdskAccessCore.exe,28.33,54.02,54.02,28.33,18
2026-09-16 23:32:20,14036,DefenderSessionHelper.exe,6.56,1.2,1.2,6.56,2
2026-09-16 23:32:20,14068,winlogon.exe,16.55,2.75,,16.55,4
2026-09-16 23:32:20,14164,nvcontainer.exe,39.94,36.25,36.25,39.94,56
2026-09-16 23:32:20,14308,conhost.exe,10.18,1.74,1.74,10.18,3
2026-09-16 23:32:20,14368,ApplicationFrameHost.exe,73.57,59.09,59.09,73.57,6
2026-09-16 23:32:20,14424,UserOOBEBroker.exe,12.17,2.02,2.02,12.17,3
2026-09-16 23:32:20,14432,WidgetService.exe,11.5,4.85,4.85,11.5,5
2026-09-16 23:32:20,14448,svchost.exe,24.49,7.96,,24.49,11
2026-09-16 23:32:20,14456,powershell.exe,75.06,68.17,68.17,75.06,12
2026-09-16 23:32:20,14552,svchost.exe,33.89,24.9,,33.89,28
2026-09-16 23:32:20,14712,svchost.exe,19.84,4.04,,19.84,4
2026-09-16 23:32:20,14772,svchost.exe,8.94,1.8,,8.94,1
2026-09-16 23:32:20,14880,svchost.exe,10.93,2.36,2.36,10.93,1
2026-09-16 23:32:20,14892,conhost.exe,7.38,1.21,,7.38,2
2026-09-16 23:32:20,14900,svchost.exe,29.73,11.23,11.23,29.73,10
2026-09-16 23:32:20,15096,chrome.exe,19.62,10.2,10.2,19.62,13
2026-09-16 23:32:20,15148,AdskAccessUIHost.exe,18.79,14.55,14.55,18.79,17
2026-09-16 23:32:20,15248,Code.exe,285.11,319.93,319.93,285.11,26
2026-09-16 23:32:20,15540,VBoxSDS.exe,17.4,4.76,,17.4,5
2026-09-16 23:32:20,15572,Code.exe,319.63,404.35,404.35,319.63,11
2026-09-16 23:32:20,15624,svchost.exe,16.32,4.2,,16.32,2
2026-09-16 23:32:20,15744,mscopilot.exe,131.07,40.14,40.14,131.07,56
2026-09-16 23:32:20,15848,pet.exe,8.79,4.09,4.09,8.79,13
2026-09-16 23:32:20,15928,svchost.exe,16.01,3.84,,16.01,12
2026-09-16 23:32:20,15952,NVIDIA Overlay.exe,26.85,48.48,48.48,26.85,26
2026-09-16 23:32:20,16080,msedgewebview2.exe,116.95,118.87,118.87,116.95,25
2026-09-16 23:32:20,16276,Code.exe,27.29,177.0,177.0,27.29,51
2026-09-16 23:32:20,16284,EpicWebHelper.exe,22.41,62.33,62.33,22.41,12
2026-09-16 23:32:20,16320,ASUSSmartDisplayControl.exe,3.02,2.33,,3.02,3
2026-09-16 23:32:20,16336,CrossDeviceResume.exe,20.64,38.64,38.64,20.64,7
2026-09-16 23:32:20,16652,VirtualBox.exe,31.52,90.42,90.42,31.52,12
2026-09-16 23:32:20,16700,mscopilot.exe,40.07,11.98,11.98,40.07,24
2026-09-16 23:32:20,16900,chrome.exe,51.1,20.41,20.41,51.1,22
2026-09-16 23:32:20,16944,dllhost.exe,12.35,2.61,2.61,12.35,2
2026-09-16 23:32:20,17000,mscopilot.exe,57.84,60.48,60.48,57.84,16
2026-09-16 23:32:20,17004,Code.exe,148.86,224.46,224.46,148.86,25
2026-09-16 23:32:20,17076,svchost.exe,18.84,3.54,3.54,18.84,3
2026-09-16 23:32:20,17308,SecurityHealthSystray.exe,12.51,1.87,1.87,12.51,1
2026-09-16 23:32:20,17328,brave.exe,223.52,105.55,105.55,223.52,45
2026-09-16 23:32:20,17364,svchost.exe,7.68,1.57,,7.68,5
2026-09-16 23:32:20,17504,chrome.exe,159.48,239.88,239.88,159.48,24
2026-09-16 23:32:20,17572,RuntimeBroker.exe,20.47,3.54,3.54,20.47,4
2026-09-16 23:32:20,17720,conhost.exe,7.63,1.16,1.16,7.63,2
2026-09-16 23:32:20,17728,svchost.exe,30.77,10.57,10.57,30.77,4
2026-09-16 23:32:20,17792,svchost.exe,7.53,1.31,1.31,7.53,3
2026-09-16 23:32:20,18216,NVIDIA Overlay.exe,13.94,9.14,9.14,13.94,10
2026-09-16 23:32:20,18400,SecurityHealthService.exe,15.18,8.37,,15.18,9
2026-09-16 23:32:20,18436,Code.exe,124.17,149.8,149.8,124.17,18
2026-09-16 23:32:20,18560,csrss.exe,8.68,3.64,,8.68,22
2026-09-16 23:32:20,18588,svchost.exe,7.41,1.67,,7.41,5
2026-09-16 23:32:20,18620,SearchFilterHost.exe,11.86,2.25,,11.86,4
2026-09-16 23:32:20,18724,svchost.exe,9.96,2.19,,9.96,6
2026-09-16 23:32:20,18908,svchost.exe,20.15,4.59,4.59,20.15,3
2026-09-16 23:32:20,19348,FileSyncHelper.exe,21.27,7.23,,21.27,4
2026-09-16 23:32:20,19396,svchost.exe,8.57,1.55,,8.57,2
2026-09-16 23:32:20,19528,svchost.exe,28.15,5.89,,28.15,5
2026-09-16 23:32:20,19584,dllhost.exe,22.59,3.12,3.12,22.59,2
2026-09-16 23:32:20,19604,Code.exe,43.49,87.57,87.57,43.49,24
2026-09-16 23:32:20,20004,AsHotplugCtrl.exe,1.25,1.31,,1.25,1
2026-09-16 23:32:20,20052,SearchFilterHost.exe,26.48,31.35,,26.48,3
2026-09-16 23:32:20,20152,AsusOptimizationStartupTask.exe,9.49,3.34,3.34,9.49,7
2026-09-16 23:32:20,20296,AsusSoftwareManagerAgent.exe,30.41,40.02,,30.41,8
2026-09-16 23:32:20,20520,AcPowerNotification.exe,19.8,56.29,,19.8,18
2026-09-16 23:32:20,20780,taskhostw.exe,21.7,6.48,6.48,21.7,9
2026-09-16 23:32:20,20800,msedgewebview2.exe,60.53,83.38,83.38,60.53,19
2026-09-16 23:32:20,20928,BlueStacksServices.exe,18.72,57.78,57.78,18.72,24
2026-09-16 23:32:20,21224,RuntimeBroker.exe,34.5,10.02,10.02,34.5,38
2026-09-16 23:32:20,21412,ipf_helper.exe,11.6,1.99,1.99,11.6,4
2026-09-16 23:32:20,21584,dwm.exe,96.05,240.08,,96.05,19
2026-09-16 23:32:20,21592,Code.exe,15.29,9.7,9.7,15.29,7
2026-09-16 23:32:20,21704,asus_framework.exe,18.47,78.32,,18.47,41
2026-09-16 23:32:20,21752,chrome.exe,64.89,43.45,43.45,64.89,25
2026-09-16 23:32:20,21756,EpicGamesLauncher.exe,57.51,288.33,288.33,57.51,91
2026-09-16 23:32:20,21788,BlueStacksServices.exe,11.64,20.77,20.77,11.64,15
2026-09-16 23:32:20,21892,EpicWebHelper.exe,23.17,29.5,29.5,23.17,8
2026-09-16 23:32:20,22072,StartMenuExperienceHost.exe,112.99,107.68,107.68,112.99,16
2026-09-16 23:32:20,22144,svchost.exe,23.62,4.7,4.7,23.62,7
2026-09-16 23:32:20,22200,asus_framework.exe,4.95,15.2,,4.95,14
2026-09-16 23:32:20,22424,svchost.exe,20.57,4.55,,20.57,9
2026-09-16 23:32:20,22608,RuntimeBroker.exe,21.39,6.06,6.06,21.39,3
2026-09-16 23:32:20,22628,brave.exe,245.25,178.82,178.82,245.25,22
2026-09-16 23:32:20,22648,AppActions.exe,14.8,12.0,12.0,14.8,7
2026-09-16 23:32:20,22656,nvcontainer.exe,11.24,11.07,11.07,11.24,17
2026-09-16 23:32:20,22788,servicehost.exe,38.57,36.4,,38.57,96
2026-09-16 23:32:20,22812,msedgewebview2.exe,12.34,2.89,2.89,12.34,8
2026-09-16 23:32:20,22924,RuntimeBroker.exe,13.79,2.36,2.36,13.79,2
2026-09-16 23:32:20,23148,CrossDeviceService.exe,35.04,20.69,20.69,35.04,13
2026-09-16 23:32:20,23248,svchost.exe,11.63,3.09,,11.63,6
2026-09-16 23:32:20,23324,sihost.exe,34.04,7.84,7.84,34.04,13
2026-09-16 23:32:20,23504,svchost.exe,7.21,1.5,,7.21,5
2026-09-16 23:32:20,23648,AdskAccessUIHost.exe,29.61,82.74,82.74,29.61,47
2026-09-16 23:32:20,23724,powershell.exe,48.52,70.55,70.55,48.52,9
2026-09-16 23:32:20,23828,RtkAudUService64.exe,13.74,30.01,30.01,13.74,12
2026-09-16 23:32:20,23872,chrome.exe,303.7,343.03,343.03,303.7,28
2026-09-16 23:32:20,24032,ArmourySocketServer.exe,0.95,4.91,,0.95,17
2026-09-16 23:32:20,24404,OfficeClickToRun.exe,22.69,36.93,,22.69,19
2026-09-16 23:32:20,24540,AdskIdentityManager.exe,17.34,8.97,8.97,17.34,22
2026-09-16 23:32:20,24604,AsusScreenXpertUI.exe,16.66,3.25,,16.66,3
2026-09-16 23:32:20,24648,dllhost.exe,16.48,2.16,2.16,16.48,3
2026-09-16 23:32:20,24688,ArmouryHtmlDebugServer.exe,1.05,1.31,,1.05,2
2026-09-16 23:32:20,24772,VirtualBoxVM.exe,5.63,3.07,3.07,5.63,1
2026-09-16 23:32:20,24904,AdskAccessUIHost.exe,20.53,63.63,63.63,20.53,13
2026-09-16 23:32:20,24980,NVDisplay.Container.exe,28.93,35.52,,28.93,28
2026-09-16 23:32:20,25160,OpenConsole.exe,11.31,2.23,2.23,11.31,4
2026-09-16 23:32:20,25244,cmd.exe,7.56,3.34,3.34,7.56,1
2026-09-16 23:32:20,25436,VirtualBoxVM.exe,9.34,2.29,2.29,9.34,1
2026-09-16 23:32:20,25476,msedgewebview2.exe,30.6,13.67,13.67,30.6,20
2026-09-16 23:32:20,25656,PSExpressCore.exe,77.45,90.33,90.33,77.45,26
2026-09-16 23:32:20,25788,brave.exe,112.56,59.98,59.98,112.56,22
2026-09-16 23:32:20,25880,SearchHost.exe,93.26,78.23,78.23,93.26,11
2026-09-16 23:32:20,25908,SearchFilterHost.exe,13.51,2.53,,13.51,5
2026-09-16 23:32:20,26072,RuntimeBroker.exe,50.98,15.75,15.75,50.98,14
2026-09-16 23:32:20,26128,svchost.exe,6.18,2.29,,6.18,3
2026-09-16 23:32:20,26444,chrome.exe,10.35,2.51,2.51,10.35,7
2026-09-16 23:32:20,26724,BlueStacksServices.exe,37.61,59.53,59.53,37.61,29
2026-09-16 23:32:20,26844,AdskAccessUIHost.exe,15.36,50.38,50.38,15.36,23
2026-09-16 23:32:20,27008,svchost.exe,12.48,3.43,,12.48,4
2026-09-16 23:32:20,27328,EpicOnlineServicesUserHelper.exe,14.88,59.93,59.93,14.88,11
2026-09-16 23:32:20,27392,ctfmon.exe,25.5,6.22,,25.5,14
2026-09-16 23:32:20,27432,chrome.exe,61.43,38.63,38.63,61.43,24
2026-09-16 23:32:20,27440,OpenConsole.exe,11.63,2.27,2.27,11.63,5
2026-09-16 23:32:20,27464,Code.exe,36.02,125.77,125.77,36.02,23
2026-09-16 23:32:20,27560,LockApp.exe,40.86,46.33,46.33,40.86,18
2026-09-16 23:32:20,27604,fontdrvhost.exe,7.69,3.7,,7.69,5
2026-09-16 23:32:20,27656,SearchProtocolHost.exe,17.35,9.3,,17.35,7
2026-09-16 23:32:20,27708,NVIDIA Overlay.exe,22.04,11.46,11.46,22.04,20
2026-09-16 23:32:20,27764,OpenConsole.exe,10.93,2.25,2.25,10.93,4
2026-09-16 23:32:20,27848,SearchFilterHost.exe,12.11,2.29,,12.11,1
2026-09-16 23:32:20,28084,nvsphelper64.exe,15.5,3.43,,15.5,6
2026-09-16 23:32:20,28256,AsMonitorControl.exe,1.49,1.24,,1.49,2
2026-09-16 23:32:20,28396,SearchFilterHost.exe,14.75,3.64,,14.75,6
2026-09-16 23:32:21,28908,brave.exe,54.11,64.16,64.16,54.11,21
2026-09-16 23:32:21,28968,svchost.exe,12.87,2.32,,12.87,3
2026-09-16 23:32:21,29264,BlueStacksServices.exe,17.01,13.3,13.3,17.01,9
2026-09-16 23:32:21,29308,explorer.exe,302.48,348.44,348.44,302.48,83
2026-09-16 23:32:21,29312,browserhost.exe,19.29,7.01,7.01,19.29,38
2026-09-16 23:32:21,29428,PSExpressBroker.exe,51.84,26.27,26.27,51.84,33
2026-09-16 23:32:21,29440,ArmouryCrate.exe,2.21,52.72,52.72,2.21,12
2026-09-16 23:32:21,29496,EOSOverlayRenderer-Win64-Shipping.exe,57.2,45.64,45.64,57.2,25
2026-09-16 23:32:21,29972,PhoneExperienceHost.exe,173.21,74.63,74.63,173.21,15
2026-09-16 23:32:21,30104,backgroundTaskHost.exe,60.68,24.33,24.33,60.68,6
2026-09-16 23:32:21,30132,SearchFilterHost.exe,12.91,3.05,,12.91,4
2026-09-16 23:32:21,30140,brave.exe,19.57,8.93,8.93,19.57,10
2026-09-16 23:32:21,30300,chrome.exe,44.43,60.19,60.19,44.43,14
2026-09-16 23:32:21,31284,brave.exe,250.45,304.79,304.79,250.45,49
2026-09-16 23:32:21,31432,brave.exe,20.31,10.1,10.1,20.31,11
2026-09-16 23:32:21,31500,brave.exe,8.95,2.38,2.38,8.95,7
2026-09-16 23:32:21,31520,brave.exe,51.03,19.43,19.43,51.03,20
2026-09-16 23:32:24,0,System Idle Process,0.01,0.06,,0.01,36
2026-09-16 23:32:24,4,System,4.34,0.05,,4.34,436
2026-09-16 23:32:24,188,,63.28,0.17,,63.28,0
2026-09-16 23:32:24,232,Registry,48.52,9.11,,48.52,4
2026-09-16 23:32:24,396,ArmouryCrate.UserSessionHelper.exe,38.91,35.93,,38.91,138
2026-09-16 23:32:24,704,GameInputSvc.exe,15.9,3.83,,15.9,7
2026-09-16 23:32:24,796,svchost.exe,27.81,10.37,,27.81,13
2026-09-16 23:32:24,828,smss.exe,1.32,1.14,,1.32,2
2026-09-16 23:32:24,1004,svchost.exe,11.06,7.41,,11.06,2
2026-09-16 23:32:24,1220,csrss.exe,7.08,2.43,,7.08,13
2026-09-16 23:32:24,1324,svchost.exe,12.3,4.08,,12.3,11
2026-09-16 23:32:24,1340,wininit.exe,9.4,1.81,,9.4,2
2026-09-16 23:32:24,1400,GameInputRedistService.exe,12.8,21.15,,12.8,10
2026-09-16 23:32:24,1408,services.exe,18.99,7.57,,18.99,10
2026-09-16 23:32:24,1428,LsaIso.exe,3.96,1.3,,3.96,1
2026-09-16 23:32:24,1436,lsass.exe,22.59,13.65,,22.59,11
2026-09-16 23:32:24,1448,FileCoAuth.exe,20.92,11.64,11.64,20.92,6
2026-09-16 23:32:24,1576,svchost.exe,39.16,17.95,,39.16,25
2026-09-16 23:32:24,1596,WUDFHost.exe,21.59,13.37,,21.59,20
2026-09-16 23:32:24,1628,fontdrvhost.exe,5.5,3.57,,5.5,5
2026-09-16 23:32:24,1704,svchost.exe,23.79,13.97,,23.79,12
2026-09-16 23:32:24,1760,svchost.exe,12.04,3.68,,12.04,6
2026-09-16 23:32:24,1768,dllhost.exe,20.91,2.78,2.78,20.91,4
2026-09-16 23:32:24,1812,WUDFHost.exe,14.35,4.5,,14.35,11
2026-09-16 23:32:24,1904,Adobe Crash Processor.exe,11.88,2.22,2.22,11.88,4
2026-09-16 23:32:24,2032,svchost.exe,6.76,1.41,,6.76,3
2026-09-16 23:32:24,2040,svchost.exe,6.59,2.39,,6.59,4
2026-09-16 23:32:24,2060,svchost.exe,10.26,2.86,,10.26,7
2026-09-16 23:32:24,2108,AsusCertService.exe,7.46,1.44,,7.46,4
2026-09-16 23:32:24,2156,svchost.exe,13.46,3.32,,13.46,6
2026-09-16 23:32:24,2176,svchost.exe,14.7,2.37,,14.7,3
2026-09-16 23:32:24,2300,svchost.exe,9.77,2.11,,9.77,3
2026-09-16 23:32:24,2308,IntelCpHDCPSvc.exe,7.03,1.44,,7.03,3
2026-09-16 23:32:24,2320,svchost.exe,11.62,3.19,,11.62,9
2026-09-16 23:32:24,2412,svchost.exe,22.59,8.77,,22.59,16
2026-09-16 23:32:24,2460,Code.exe,96.0,97.24,97.24,96.0,71
2026-09-16 23:32:24,2492,svchost.exe,13.73,3.17,,13.73,8
2026-09-16 23:32:24,2560,AsusOSD.exe,19.57,4.61,,19.57,3
2026-09-16 23:32:24,2580,SystemSettings.exe,130.45,140.15,140.15,130.45,45
2026-09-16 23:32:24,2624,Code.exe,48.26,105.32,105.32,48.26,31
2026-09-16 23:32:24,2680,svchost.exe,7.58,1.84,,7.58,3
2026-09-16 23:32:24,2964,svchost.exe,16.73,6.83,,16.73,8
2026-09-16 23:32:24,3004,NVDisplay.Container.exe,22.96,32.51,,22.96,39
2026-09-16 23:32:24,3040,python.exe,4.56,0.72,0.72,4.56,1
2026-09-16 23:32:24,3060,svchost.exe,7.25,1.48,,7.25,4
2026-09-16 23:32:24,3068,svchost.exe,20.13,17.47,,20.13,8
2026-09-16 23:32:24,3076,svchost.exe,10.07,2.1,,10.07,5
2026-09-16 23:32:24,3080,svchost.exe,8.79,3.82,,8.79,6
2026-09-16 23:32:24,3092,svchost.exe,13.48,2.57,,13.48,3
2026-09-16 23:32:24,3260,MemCompression,61.32,4.0,,61.32,58
2026-09-16 23:32:24,3316,svchost.exe,12.66,2.52,,12.66,3
2026-09-16 23:32:24,3324,svchost.exe,23.2,4.02,,23.2,8
2026-09-16 23:32:24,3340,brave.exe,66.19,28.32,28.32,66.19,21
2026-09-16 23:32:24,3420,svchost.exe,12.53,4.07,,12.53,3
2026-09-16 23:32:24,3428,svchost.exe,11.33,2.52,,11.33,7
2026-09-16 23:32:24,3444,svchost.exe,27.98,10.68,,27.98,8
2026-09-16 23:32:24,3476,WUDFHost.exe,11.76,2.9,,11.76,5
2026-09-16 23:32:24,3604,svchost.exe,24.11,5.44,,24.11,6
2026-09-16 23:32:24,3612,brave.exe,88.32,56.8,56.8,88.32,23
2026-09-16 23:32:24,3652,svchost.exe,10.66,2.0,,10.66,5
2026-09-16 23:32:24,3716,svchost.exe,8.74,1.66,,8.74,2
2026-09-16 23:32:24,3740,svchost.exe,8.31,1.96,,8.31,4
2026-09-16 23:32:24,3848,svchost.exe,26.82,25.66,,26.82,5
2026-09-16 23:32:24,3864,chrome.exe,383.29,347.44,347.44,383.29,30
2026-09-16 23:32:24,3872,svchost.exe,23.86,7.38,,23.86,15
2026-09-16 23:32:24,3904,AsusOptimization.exe,11.83,2.46,,11.83,10
2026-09-16 23:32:24,3912,svchost.exe,12.91,4.12,,12.91,6
2026-09-16 23:32:24,3996,VBoxSVC.exe,21.71,9.49,9.49,21.71,17
2026-09-16 23:32:24,4116,svchost.exe,9.13,2.11,,9.13,7
2026-09-16 23:32:24,4128,GlideXNearService.exe,13.91,3.94,,13.91,11
2026-09-16 23:32:24,4160,spoolsv.exe,13.07,8.84,,13.07,8
2026-09-16 23:32:24,4212,svchost.exe,23.65,14.64,,23.65,16
2026-09-16 23:32:24,4252,GameSDK.exe,8.35,1.84,,8.35,3
2026-09-16 23:32:24,4264,svchost.exe,25.35,13.97,,25.35,19
2026-09-16 23:32:24,4300,svchost.exe,17.62,3.97,,17.62,11
2026-09-16 23:32:24,4320,svchost.exe,9.5,1.93,,9.5,4
2026-09-16 23:32:24,4488,ArmouryCrateControlInterface.exe,11.86,2.46,,11.86,3
2026-09-16 23:32:24,4496,ArmouryCrate.Service.exe,34.68,62.64,,34.68,120
2026-09-16 23:32:24,4524,AdskLicensingService.exe,17.24,20.67,,17.24,13
2026-09-16 23:32:24,4532,AsusAppService.exe,7.84,5.72,,7.84,4
2026-09-16 23:32:24,4540,AsMsControl.exe,7.66,1.76,,7.66,1
2026-09-16 23:32:25,4636,AsusScreenXpertHostService.exe,4.93,5.27,,4.93,4
2026-09-16 23:32:25,4652,msedgewebview2.exe,13.14,8.62,8.62,13.14,10
2026-09-16 23:32:25,4656,AsusPTPService.exe,6.79,1.55,,6.79,4
2026-09-16 23:32:25,4668,AsusSoftwareManager.exe,21.12,4.55,,21.12,12
2026-09-16 23:32:25,4680,AsusSwitch.exe,9.41,2.1,,9.41,7
2026-09-16 23:32:25,4720,AggregatorHost.exe,12.73,2.95,,12.73,1
2026-09-16 23:32:25,4724,AsusSystemAnalysis.exe,19.05,5.39,,19.05,7
2026-09-16 23:32:25,4744,AsusSystemDiagnosis.exe,12.21,2.65,,12.21,2
2026-09-16 23:32:25,4752,AuraWallpaperService.exe,8.93,22.05,,8.93,8
2026-09-16 23:32:25,4808,GlideXRemoteService.exe,12.73,3.68,,12.73,5
2026-09-16 23:32:25,4832,svchost.exe,10.12,2.01,,10.12,5
2026-09-16 23:32:25,4848,AdskAccessServiceHost.exe,12.76,14.12,,12.76,8
2026-09-16 23:32:25,4864,svchost.exe,36.56,32.64,,36.56,12
2026-09-16 23:32:25,4900,DAX3API.exe,13.19,7.76,,13.19,10
2026-09-16 23:32:25,4916,svchost.exe,41.8,45.82,,41.8,18
2026-09-16 23:32:25,4936,ipfsvc.exe,6.76,1.68,,6.76,8
2026-09-16 23:32:25,4952,FNPLicensingService64.exe,10.47,3.31,,10.47,10
2026-09-16 23:32:25,5100,WMIRegistrationService.exe,15.2,3.18,,15.2,2
2026-09-16 23:32:25,5188,svchost.exe,27.44,20.12,,27.44,13
2026-09-16 23:32:25,5192,GlideXServiceExt.exe,6.81,3.31,,6.81,4
2026-09-16 23:32:25,5236,GlideXService.exe,18.82,6.01,,18.82,17
2026-09-16 23:32:25,5260,OneApp.IGCC.WinService.exe,12.54,32.48,,12.54,5
2026-09-16 23:32:25,5316,IntelAudioService.exe,12.43,39.45,,12.43,5
2026-09-16 23:32:25,5376,ipf_uf.exe,7.92,2.15,,7.92,5
2026-09-16 23:32:25,5452,jhi_service.exe,7.95,1.39,,7.95,2
2026-09-16 23:32:25,5472,svchost.exe,14.08,3.2,,14.08,6
2026-09-16 23:32:25,5612,MpDefenderCoreService.exe,23.79,12.61,,23.79,9
2026-09-16 23:32:25,5768,nvcontainer.exe,17.58,14.84,,17.58,27
2026-09-16 23:32:25,5840,RtkAudUService64.exe,13.22,26.66,,13.22,7
2026-09-16 23:32:25,5924,WmiPrvSE.exe,23.86,22.45,,23.86,5
2026-09-16 23:32:25,5956,ROGLiveService.exe,11.23,13.11,,11.23,36
2026-09-16 23:32:25,5968,RstMwService.exe,9.59,2.37,,9.59,9
2026-09-16 23:32:25,5976,RtkAudUService64.exe,11.31,31.35,,11.31,69
2026-09-16 23:32:25,5992,svchost.exe,10.18,1.87,,10.18,6
2026-09-16 23:32:25,6028,RtkBtManServ.exe,9.28,1.93,,9.28,3
2026-09-16 23:32:25,6036,svchost.exe,11.51,2.51,,11.51,6
2026-09-16 23:32:25,6116,ShellHost.exe,66.0,36.71,36.71,66.0,7
2026-09-16 23:32:25,6128,MsMpEng.exe,293.66,478.47,,293.66,56
2026-09-16 23:32:25,6152,svchost.exe,21.16,5.86,,21.16,8
2026-09-16 23:32:25,6172,Widgets.exe,36.2,10.21,10.21,36.2,9
2026-09-16 23:32:25,6180,WmiPrvSE.exe,41.35,29.45,,41.35,9
2026-09-16 23:32:25,6192,svchost.exe,6.97,1.51,,6.97,4
2026-09-16 23:32:25,6424,Code.exe,38.53,13.32,13.32,38.53,21
2026-09-16 23:32:25,6560,taskhostw.exe,28.24,7.96,,28.24,6
2026-09-16 23:32:25,6884,BraveCrashHandler.exe,2.46,1.79,,2.46,3
2026-09-16 23:32:25,6952,rlm.foundry.exe,10.14,3.91,,10.14,4
2026-09-16 23:32:25,7136,chrome.exe,21.96,9.13,9.13,21.96,12
2026-09-16 23:32:25,7224,python.exe,18.87,10.88,10.88,18.87,6
2026-09-16 23:32:25,7328,svchost.exe,11.59,2.62,,11.59,3
2026-09-16 23:32:25,7492,unsecapp.exe,10.12,1.78,,10.12,2
2026-09-16 23:32:25,7512,chrome.exe,159.65,262.51,262.51,159.65,25
2026-09-16 23:32:25,7764,ShellExperienceHost.exe,43.46,46.06,46.06,43.46,18
2026-09-16 23:32:25,7768,EOSOverlayRenderer-Win64-Shipping.exe,25.26,11.7,11.7,25.26,20
2026-09-16 23:32:25,8064,SearchIndexer.exe,61.97,291.66,,61.97,14
2026-09-16 23:32:25,8076,svchost.exe,14.82,1.89,1.89,14.82,4
2026-09-16 23:32:25,8080,brave.exe,343.04,309.06,309.06,343.04,25
2026-09-16 23:32:25,8088,svchost.exe,12.56,7.18,,12.56,5
2026-09-16 23:32:25,8276,uihost.exe,28.27,13.21,13.21,28.27,66
2026-09-16 23:32:25,8448,conhost.exe,7.12,1.24,,7.12,3
2026-09-16 23:32:25,8468,rlm.foundry.exe,10.2,3.72,,10.2,1
2026-09-16 23:32:25,8516,svchost.exe,15.09,3.74,,15.09,8
2026-09-16 23:32:25,8700,NVIDIA Overlay.exe,20.45,120.48,120.48,20.45,17
2026-09-16 23:32:25,8748,svchost.exe,19.89,5.84,,19.89,13
2026-09-16 23:32:25,9144,dllhost.exe,23.94,3.37,3.37,23.94,3
2026-09-16 23:32:25,9212,EOSOverlayRenderer-Win64-Shipping.exe,48.54,32.72,32.72,48.54,40
2026-09-16 23:32:25,9344,svchost.exe,5.51,1.07,,5.51,2
2026-09-16 23:32:25,9364,gamingservicesnet.exe,11.68,12.57,,11.68,39
2026-09-16 23:32:25,9592,NVIDIA Overlay.exe,46.39,138.65,138.65,46.39,86
2026-09-16 23:32:25,9604,mscopilot.exe,17.89,7.86,7.86,17.89,11
2026-09-16 23:32:25,9616,RuntimeBroker.exe,30.11,4.31,4.31,30.11,3
2026-09-16 23:32:25,9644,conhost.exe,10.61,1.66,1.66,10.61,3
2026-09-16 23:32:25,9664,svchost.exe,27.38,5.74,,27.38,7
2026-09-16 23:32:25,9712,svchost.exe,11.12,2.73,,11.12,9
2026-09-16 23:32:25,9972,svchost.exe,27.73,6.34,,27.73,6
2026-09-16 23:32:25,10068,msedgewebview2.exe,68.54,41.75,41.75,68.54,49
2026-09-16 23:32:25,10092,gamingservices.exe,24.51,9.04,,24.51,20
2026-09-16 23:32:25,10220,svchost.exe,9.12,1.93,,9.12,2
2026-09-16 23:32:25,10244,powershell.exe,44.46,70.5,70.5,44.46,9
2026-09-16 23:32:25,10312,svchost.exe,25.62,11.26,,25.62,13
2026-09-16 23:32:25,10556,svchost.exe,10.86,1.85,,10.86,4
2026-09-16 23:32:25,10592,svchost.exe,16.62,2.84,,16.62,2
2026-09-16 23:32:25,10668,svchost.exe,13.2,2.86,,13.2,5
2026-09-16 23:32:25,10672,brave.exe,77.21,49.82,49.82,77.21,22
2026-09-16 23:32:25,10684,OneDrive.exe,112.2,456.89,456.89,112.2,32
2026-09-16 23:32:25,10744,GameInputSvc.exe,7.04,1.4,,7.04,3
2026-09-16 23:32:25,10788,nvcontainer.exe,26.89,20.45,,26.89,19
2026-09-16 23:32:25,10904,asus_framework.exe,1.65,25.44,25.44,1.65,23
2026-09-16 23:32:25,10956,EpicOnlineServicesUserHelper.exe,56.06,77.2,77.2,56.06,13
2026-09-16 23:32:25,11056,BraveCrashHandler64.exe,2.24,1.77,,2.24,3
2026-09-16 23:32:25,11104,svchost.exe,22.71,11.45,,22.71,12
2026-09-16 23:32:25,11168,svchost.exe,16.12,3.18,,16.12,2
2026-09-16 23:32:25,11248,NgcIso.exe,4.5,1.38,,4.5,3
2026-09-16 23:32:25,11292,svchost.exe,25.7,6.71,,25.7,11
2026-09-16 23:32:25,11516,EOSOverlayRenderer-Win64-Shipping.exe,18.27,64.19,64.19,18.27,37
2026-09-16 23:32:26,11784,NisSrv.exe,13.02,4.39,,13.02,4
2026-09-16 23:32:26,11900,chrome.exe,172.56,126.27,126.27,172.56,48
2026-09-16 23:32:26,11952,SDXHelper.exe,16.32,20.0,20.0,16.32,13
2026-09-16 23:32:26,12096,audiodg.exe,40.45,130.82,,40.45,22
2026-09-16 23:32:26,12452,Code.exe,42.01,69.04,69.04,42.01,26
2026-09-16 23:32:26,12536,EOSOverlayRenderer-Win64-Shipping.exe,14.47,8.8,8.8,14.47,11
2026-09-16 23:32:26,12968,MoNotificationUx.exe,13.21,2.2,2.2,13.21,1
2026-09-16 23:32:26,13136,GameInputRedistService.exe,15.21,2.18,2.18,15.21,2
2026-09-16 23:32:26,13252,mscopilot_proxy.exe,20.14,3.04,3.04,20.14,2
2026-09-16 23:32:26,13292,LightingService.exe,25.67,12.21,,25.67,10
2026-09-16 23:32:26,13308,brave.exe,104.54,74.73,74.73,104.54,22
2026-09-16 23:32:26,13520,mscopilot.exe,13.07,2.8,2.8,13.07,8
2026-09-16 23:32:26,13828,VirtualBoxVM.exe,4003.2,4372.32,4372.32,4003.2,37
2026-09-16 23:32:26,13860,AdskAccessCore.exe,27.57,54.02,54.02,27.57,18
2026-09-16 23:32:26,14036,DefenderSessionHelper.exe,6.56,1.2,1.2,6.56,2
2026-09-16 23:32:26,14068,winlogon.exe,16.54,2.75,,16.54,4
2026-09-16 23:32:26,14164,nvcontainer.exe,37.91,36.25,36.25,37.91,56
2026-09-16 23:32:26,14308,conhost.exe,10.18,1.74,1.74,10.18,3
2026-09-16 23:32:26,14368,ApplicationFrameHost.exe,73.54,59.09,59.09,73.54,6
2026-09-16 23:32:26,14424,UserOOBEBroker.exe,12.17,2.02,2.02,12.17,3
2026-09-16 23:32:26,14432,WidgetService.exe,11.45,4.85,4.85,11.45,5
2026-09-16 23:32:26,14448,svchost.exe,24.45,7.97,,24.45,11
2026-09-16 23:32:26,14456,powershell.exe,73.68,68.17,68.17,73.68,12
2026-09-16 23:32:26,14552,svchost.exe,33.86,24.9,,33.86,28
2026-09-16 23:32:26,14712,svchost.exe,19.51,4.04,,19.51,4
2026-09-16 23:32:26,14772,svchost.exe,8.94,1.8,,8.94,1
2026-09-16 23:32:26,14880,svchost.exe,10.8,2.41,2.41,10.8,2
2026-09-16 23:32:26,14892,conhost.exe,7.38,1.21,,7.38,2
2026-09-16 23:32:26,14900,svchost.exe,29.76,11.27,11.27,29.76,10
2026-09-16 23:32:26,15096,chrome.exe,19.55,10.2,10.2,19.55,13
2026-09-16 23:32:26,15148,AdskAccessUIHost.exe,18.77,14.55,14.55,18.77,17
2026-09-16 23:32:26,15248,Code.exe,280.59,319.02,319.02,280.59,26
2026-09-16 23:32:26,15540,VBoxSDS.exe,17.32,4.76,,17.32,5
2026-09-16 23:32:26,15572,Code.exe,318.01,404.35,404.35,318.01,11
2026-09-16 23:32:26,15624,svchost.exe,16.31,4.2,,16.31,2
2026-09-16 23:32:26,15744,mscopilot.exe,119.45,40.14,40.14,119.45,56
2026-09-16 23:32:26,15848,pet.exe,8.79,4.09,4.09,8.79,13
2026-09-16 23:32:26,15928,svchost.exe,15.98,3.84,,15.98,12
2026-09-16 23:32:26,15952,NVIDIA Overlay.exe,26.57,48.48,48.48,26.57,26
2026-09-16 23:32:26,16080,msedgewebview2.exe,116.71,118.87,118.87,116.71,25
2026-09-16 23:32:26,16276,Code.exe,26.29,177.0,177.0,26.29,51
2026-09-16 23:32:26,16284,EpicWebHelper.exe,22.29,62.33,62.33,22.29,12
2026-09-16 23:32:26,16320,ASUSSmartDisplayControl.exe,3.02,2.33,,3.02,3
2026-09-16 23:32:26,16336,CrossDeviceResume.exe,20.54,38.64,38.64,20.54,7
2026-09-16 23:32:26,16652,VirtualBox.exe,31.61,90.54,90.54,31.61,12
2026-09-16 23:32:26,16700,mscopilot.exe,39.1,11.97,11.97,39.1,24
2026-09-16 23:32:26,16900,chrome.exe,50.91,20.39,20.39,50.91,22
2026-09-16 23:32:26,16944,dllhost.exe,12.33,2.61,2.61,12.33,2
2026-09-16 23:32:26,17000,mscopilot.exe,40.35,60.48,60.48,40.35,16
2026-09-16 23:32:26,17004,Code.exe,148.41,224.54,224.54,148.41,25
2026-09-16 23:32:26,17076,svchost.exe,18.83,3.54,3.54,18.83,3
2026-09-16 23:32:26,17308,SecurityHealthSystray.exe,12.42,1.87,1.87,12.42,1
2026-09-16 23:32:26,17328,brave.exe,218.68,105.55,105.55,218.68,45
2026-09-16 23:32:26,17364,svchost.exe,7.68,1.57,,7.68,5
2026-09-16 23:32:26,17504,chrome.exe,154.0,239.88,239.88,154.0,24
2026-09-16 23:32:26,17572,RuntimeBroker.exe,20.47,3.54,3.54,20.47,4
2026-09-16 23:32:26,17720,conhost.exe,7.63,1.16,1.16,7.63,2
2026-09-16 23:32:26,17728,svchost.exe,30.77,10.57,10.57,30.77,4
2026-09-16 23:32:26,17792,svchost.exe,7.55,1.36,1.36,7.55,4
2026-09-16 23:32:26,18216,NVIDIA Overlay.exe,13.91,9.14,9.14,13.91,10
2026-09-16 23:32:26,18400,SecurityHealthService.exe,14.8,8.37,,14.8,9
2026-09-16 23:32:26,18436,Code.exe,117.49,148.98,148.98,117.49,18
2026-09-16 23:32:26,18560,csrss.exe,8.67,3.64,,8.67,22
2026-09-16 23:32:26,18588,svchost.exe,7.41,1.67,,7.41,5
2026-09-16 23:32:26,18620,SearchFilterHost.exe,11.77,2.25,,11.77,4
2026-09-16 23:32:26,18724,svchost.exe,9.88,2.19,,9.88,6
2026-09-16 23:32:26,18908,svchost.exe,20.17,4.65,4.65,20.17,4
2026-09-16 23:32:26,19348,FileSyncHelper.exe,21.22,7.23,,21.22,4
2026-09-16 23:32:26,19396,svchost.exe,8.51,1.55,,8.51,2
2026-09-16 23:32:26,19528,svchost.exe,28.12,5.89,,28.12,5
2026-09-16 23:32:26,19584,dllhost.exe,22.56,3.18,3.18,22.56,3
2026-09-16 23:32:26,19604,Code.exe,42.32,87.57,87.57,42.32,24
2026-09-16 23:32:26,20004,AsHotplugCtrl.exe,1.25,1.31,,1.25,1
2026-09-16 23:32:26,20052,SearchFilterHost.exe,25.92,31.35,,25.92,3
2026-09-16 23:32:26,20152,AsusOptimizationStartupTask.exe,9.49,3.34,3.34,9.49,7
2026-09-16 23:32:26,20296,AsusSoftwareManagerAgent.exe,28.73,40.09,,28.73,9
2026-09-16 23:32:26,20520,AcPowerNotification.exe,18.2,56.36,,18.2,19
2026-09-16 23:32:26,20780,taskhostw.exe,21.68,6.48,6.48,21.68,9
2026-09-16 23:32:26,20800,msedgewebview2.exe,60.33,83.38,83.38,60.33,19
2026-09-16 23:32:26,20928,BlueStacksServices.exe,18.66,57.78,57.78,18.66,24
2026-09-16 23:32:26,21224,RuntimeBroker.exe,34.37,10.02,10.02,34.37,38
2026-09-16 23:32:26,21412,ipf_helper.exe,11.6,1.99,1.99,11.6,4
2026-09-16 23:32:26,21584,dwm.exe,95.34,240.08,,95.34,19
2026-09-16 23:32:26,21592,Code.exe,15.27,9.7,9.7,15.27,7
2026-09-16 23:32:26,21704,asus_framework.exe,17.85,78.32,,17.85,41
2026-09-16 23:32:26,21752,chrome.exe,62.39,43.45,43.45,62.39,25
2026-09-16 23:32:26,21756,EpicGamesLauncher.exe,57.02,289.34,289.34,57.02,91
2026-09-16 23:32:26,21788,BlueStacksServices.exe,11.61,20.77,20.77,11.61,15
2026-09-16 23:32:26,21892,EpicWebHelper.exe,22.97,29.5,29.5,22.97,8
2026-09-16 23:32:26,22072,StartMenuExperienceHost.exe,112.75,107.68,107.68,112.75,16
2026-09-16 23:32:26,22144,svchost.exe,23.61,4.7,4.7,23.61,7
2026-09-16 23:32:26,22200,asus_framework.exe,4.61,15.2,,4.61,14
2026-09-16 23:32:26,22424,svchost.exe,20.54,4.55,,20.54,9
2026-09-16 23:32:26,22608,RuntimeBroker.exe,21.29,6.06,6.06,21.29,3
2026-09-16 23:32:26,22628,brave.exe,244.61,178.82,178.82,244.61,22
2026-09-16 23:32:26,22648,AppActions.exe,14.79,12.0,12.0,14.79,7
2026-09-16 23:32:26,22656,nvcontainer.exe,11.24,11.07,11.07,11.24,17
2026-09-16 23:32:26,22788,servicehost.exe,38.52,36.4,,38.52,96
2026-09-16 23:32:26,22812,msedgewebview2.exe,12.34,2.89,2.89,12.34,8
2026-09-16 23:32:26,22924,RuntimeBroker.exe,13.79,2.36,2.36,13.79,2
2026-09-16 23:32:26,23148,CrossDeviceService.exe,33.32,20.69,20.69,33.32,13
2026-09-16 23:32:26,23248,svchost.exe,11.61,3.09,,11.61,6
2026-09-16 23:32:26,23324,sihost.exe,33.94,7.84,7.84,33.94,13
2026-09-16 23:32:26,23504,svchost.exe,7.21,1.5,,7.21,5
2026-09-16 23:32:26,23648,AdskAccessUIHost.exe,29.43,82.74,82.74,29.43,47
2026-09-16 23:32:26,23724,powershell.exe,47.88,70.55,70.55,47.88,9
2026-09-16 23:32:26,23828,RtkAudUService64.exe,13.74,30.01,30.01,13.74,12
2026-09-16 23:32:26,23872,chrome.exe,150.67,343.03,343.03,150.67,28
2026-09-16 23:32:26,24032,ArmourySocketServer.exe,0.95,4.91,,0.95,17
2026-09-16 23:32:26,24404,OfficeClickToRun.exe,22.32,36.93,,22.32,19
2026-09-16 23:32:26,24540,AdskIdentityManager.exe,17.23,8.97,8.97,17.23,22
2026-09-16 23:32:27,24604,AsusScreenXpertUI.exe,16.66,3.25,,16.66,3
2026-09-16 23:32:27,24648,dllhost.exe,16.41,2.16,2.16,16.41,3
2026-09-16 23:32:27,24688,ArmouryHtmlDebugServer.exe,1.05,1.31,,1.05,2
2026-09-16 23:32:27,24772,VirtualBoxVM.exe,5.63,3.07,3.07,5.63,1
2026-09-16 23:32:27,24904,AdskAccessUIHost.exe,20.47,63.63,63.63,20.47,13
2026-09-16 23:32:27,24980,NVDisplay.Container.exe,28.93,35.52,,28.93,28
2026-09-16 23:32:27,25160,OpenConsole.exe,11.3,2.23,2.23,11.3,4
2026-09-16 23:32:27,25244,cmd.exe,7.56,3.34,3.34,7.56,1
2026-09-16 23:32:27,25436,VirtualBoxVM.exe,9.34,2.29,2.29,9.34,1
2026-09-16 23:32:27,25476,msedgewebview2.exe,30.59,13.67,13.67,30.59,20
2026-09-16 23:32:27,25656,PSExpressCore.exe,69.15,90.32,90.32,69.15,26
2026-09-16 23:32:27,25788,brave.exe,112.2,59.98,59.98,112.2,22
2026-09-16 23:32:27,25880,SearchHost.exe,93.23,78.23,78.23,93.23,11
2026-09-16 23:32:27,25908,SearchFilterHost.exe,13.46,2.53,,13.46,5
2026-09-16 23:32:27,26072,RuntimeBroker.exe,50.95,15.75,15.75,50.95,14
2026-09-16 23:32:27,26128,svchost.exe,6.18,2.29,,6.18,3
2026-09-16 23:32:27,26444,chrome.exe,10.23,2.51,2.51,10.23,7
2026-09-16 23:32:27,26724,BlueStacksServices.exe,37.16,59.53,59.53,37.16,29
2026-09-16 23:32:27,26844,AdskAccessUIHost.exe,15.36,50.38,50.38,15.36,23
2026-09-16 23:32:27,27008,svchost.exe,12.48,3.43,,12.48,4
2026-09-16 23:32:27,27328,EpicOnlineServicesUserHelper.exe,14.88,59.93,59.93,14.88,11
2026-09-16 23:32:27,27392,ctfmon.exe,25.48,6.22,,25.48,14
2026-09-16 23:32:27,27432,chrome.exe,57.36,38.63,38.63,57.36,24
2026-09-16 23:32:27,27440,OpenConsole.exe,11.61,2.27,2.27,11.61,5
2026-09-16 23:32:27,27464,Code.exe,35.73,125.85,125.85,35.73,23
2026-09-16 23:32:27,27560,LockApp.exe,40.86,46.33,46.33,40.86,18
2026-09-16 23:32:27,27604,fontdrvhost.exe,7.69,3.7,,7.69,5
2026-09-16 23:32:27,27656,SearchProtocolHost.exe,16.68,9.3,,16.68,7
2026-09-16 23:32:27,27708,NVIDIA Overlay.exe,21.98,11.46,11.46,21.98,20
2026-09-16 23:32:27,27764,OpenConsole.exe,10.86,2.25,2.25,10.86,4
2026-09-16 23:32:27,27848,SearchFilterHost.exe,11.9,2.29,,11.9,1
2026-09-16 23:32:27,28084,nvsphelper64.exe,15.5,3.43,,15.5,6
2026-09-16 23:32:27,28256,AsMonitorControl.exe,1.49,1.24,,1.49,2
2026-09-16 23:32:27,28396,SearchFilterHost.exe,14.58,3.64,,14.58,6
2026-09-16 23:32:27,28908,brave.exe,47.05,64.16,64.16,47.05,21
2026-09-16 23:32:27,28968,svchost.exe,12.84,2.32,,12.84,3
2026-09-16 23:32:27,29264,BlueStacksServices.exe,16.96,13.3,13.3,16.96,9
2026-09-16 23:32:27,29308,explorer.exe,296.38,348.44,348.44,296.38,83
2026-09-16 23:32:27,29312,browserhost.exe,19.29,7.01,7.01,19.29,38
2026-09-16 23:32:27,29428,PSExpressBroker.exe,50.71,26.27,26.27,50.71,33
2026-09-16 23:32:27,29440,ArmouryCrate.exe,2.21,52.72,52.72,2.21,12
2026-09-16 23:32:27,29496,EOSOverlayRenderer-Win64-Shipping.exe,57.16,45.64,45.64,57.16,25
2026-09-16 23:32:27,29972,PhoneExperienceHost.exe,173.21,74.63,74.63,173.21,15
2026-09-16 23:32:27,30104,backgroundTaskHost.exe,60.3,24.33,24.33,60.3,6
2026-09-16 23:32:27,30132,SearchFilterHost.exe,12.72,3.05,,12.72,4
2026-09-16 23:32:27,30140,brave.exe,19.17,8.93,8.93,19.17,10
2026-09-16 23:32:27,30300,chrome.exe,39.68,60.19,60.19,39.68,14
2026-09-16 23:32:27,31284,brave.exe,227.35,304.79,304.79,227.35,49
2026-09-16 23:32:27,31432,brave.exe,20.13,10.1,10.1,20.13,11
2026-09-16 23:32:27,31500,brave.exe,8.86,2.38,2.38,8.86,7
2026-09-16 23:32:27,31520,brave.exe,50.63,19.41,19.41,50.63,19
2026-09-16 23:32:30,0,System Idle Process,0.01,0.06,,0.01,36
2026-09-16 23:32:30,4,System,4.34,0.05,,4.34,436
2026-09-16 23:32:30,188,,63.28,0.17,,63.28,0
2026-09-16 23:32:30,232,Registry,48.5,9.11,,48.5,4
2026-09-16 23:32:30,396,ArmouryCrate.UserSessionHelper.exe,37.71,35.93,,37.71,138
2026-09-16 23:32:30,704,GameInputSvc.exe,15.89,3.83,,15.89,7
2026-09-16 23:32:30,796,svchost.exe,26.9,10.37,,26.9,13
2026-09-16 23:32:30,828,smss.exe,1.32,1.14,,1.32,2
2026-09-16 23:32:30,1004,svchost.exe,9.06,7.41,,9.06,2
2026-09-16 23:32:30,1220,csrss.exe,7.08,2.43,,7.08,13
2026-09-16 23:32:30,1324,svchost.exe,12.12,4.08,,12.12,11
2026-09-16 23:32:30,1340,wininit.exe,9.4,1.81,,9.4,2
2026-09-16 23:32:30,1400,GameInputRedistService.exe,12.75,21.15,,12.75,10
2026-09-16 23:32:30,1408,services.exe,18.98,7.57,,18.98,10
2026-09-16 23:32:30,1428,LsaIso.exe,3.92,1.3,,3.92,1
2026-09-16 23:32:30,1436,lsass.exe,22.43,13.65,,22.43,11
2026-09-16 23:32:30,1448,FileCoAuth.exe,20.6,11.64,11.64,20.6,6
2026-09-16 23:32:30,1576,svchost.exe,38.99,17.95,,38.99,25
2026-09-16 23:32:30,1596,WUDFHost.exe,21.58,13.37,,21.58,20
2026-09-16 23:32:30,1628,fontdrvhost.exe,5.46,3.57,,5.46,5
2026-09-16 23:32:30,1704,svchost.exe,23.53,13.94,,23.53,12
2026-09-16 23:32:30,1760,svchost.exe,12.04,3.68,,12.04,6
2026-09-16 23:32:30,1768,dllhost.exe,20.9,2.78,2.78,20.9,4
2026-09-16 23:32:30,1812,WUDFHost.exe,14.35,4.5,,14.35,11
2026-09-16 23:32:30,1904,Adobe Crash Processor.exe,11.88,2.22,2.22,11.88,4
2026-09-16 23:32:30,2032,svchost.exe,6.76,1.41,,6.76,3
2026-09-16 23:32:30,2040,svchost.exe,6.56,2.39,,6.56,4
2026-09-16 23:32:30,2060,svchost.exe,10.21,2.86,,10.21,7
2026-09-16 23:32:30,2108,AsusCertService.exe,7.46,1.44,,7.46,4
2026-09-16 23:32:30,2156,svchost.exe,13.45,3.32,,13.45,6
2026-09-16 23:32:30,2176,svchost.exe,14.66,2.37,,14.66,3
2026-09-16 23:32:30,2300,svchost.exe,9.74,2.11,,9.74,3
2026-09-16 23:32:30,2308,IntelCpHDCPSvc.exe,7.03,1.44,,7.03,3
2026-09-16 23:32:30,2320,svchost.exe,11.62,3.19,,11.62,9
2026-09-16 23:32:30,2412,svchost.exe,22.23,8.75,,22.23,16
2026-09-16 23:32:30,2460,Code.exe,95.75,97.38,97.38,95.75,71
2026-09-16 23:32:30,2492,svchost.exe,13.6,3.17,,13.6,8
2026-09-16 23:32:30,2560,AsusOSD.exe,19.57,4.61,,19.57,3
2026-09-16 23:32:30,2580,SystemSettings.exe,130.45,140.15,140.15,130.45,45
2026-09-16 23:32:30,2624,Code.exe,47.8,105.47,105.47,47.8,31
2026-09-16 23:32:30,2680,svchost.exe,7.57,1.84,,7.57,3
2026-09-16 23:32:30,2964,svchost.exe,16.73,6.83,,16.73,8
2026-09-16 23:32:30,3004,NVDisplay.Container.exe,22.91,32.51,,22.91,39
2026-09-16 23:32:30,3040,python.exe,4.56,0.72,0.72,4.56,1
2026-09-16 23:32:30,3060,svchost.exe,7.23,1.47,,7.23,4
2026-09-16 23:32:30,3068,svchost.exe,19.99,17.47,,19.99,8
2026-09-16 23:32:30,3076,svchost.exe,10.07,2.1,,10.07,5
2026-09-16 23:32:30,3080,svchost.exe,8.71,3.7,,8.71,5
2026-09-16 23:32:30,3092,svchost.exe,13.47,2.57,,13.47,3
2026-09-16 23:32:30,3260,MemCompression,224.25,4.0,,224.25,58
2026-09-16 23:32:30,3316,svchost.exe,12.66,2.52,,12.66,3
2026-09-16 23:32:30,3324,svchost.exe,23.21,4.02,,23.21,8
2026-09-16 23:32:30,3340,brave.exe,66.18,28.32,28.32,66.18,21
2026-09-16 23:32:30,3420,svchost.exe,12.53,4.07,,12.53,3
2026-09-16 23:32:30,3428,svchost.exe,11.33,2.52,,11.33,7
2026-09-16 23:32:30,3444,svchost.exe,27.98,10.68,,27.98,8
2026-09-16 23:32:30,3476,WUDFHost.exe,11.54,2.9,,11.54,5
2026-09-16 23:32:30,3604,svchost.exe,24.11,5.44,,24.11,6
2026-09-16 23:32:30,3612,brave.exe,85.28,56.8,56.8,85.28,23
2026-09-16 23:32:30,3652,svchost.exe,10.66,2.0,,10.66,5
2026-09-16 23:32:30,3716,svchost.exe,8.74,1.66,,8.74,2
2026-09-16 23:32:30,3740,svchost.exe,8.31,1.96,,8.31,4
2026-09-16 23:32:30,3848,svchost.exe,26.82,25.66,,26.82,5
2026-09-16 23:32:30,3864,chrome.exe,374.06,347.44,347.44,374.06,30
2026-09-16 23:32:30,3872,svchost.exe,23.86,7.38,,23.86,15
2026-09-16 23:32:31,3904,AsusOptimization.exe,11.83,2.46,,11.83,10
2026-09-16 23:32:31,3912,svchost.exe,12.91,4.12,,12.91,6
2026-09-16 23:32:31,3996,VBoxSVC.exe,21.75,9.52,9.52,21.75,17
2026-09-16 23:32:31,4116,svchost.exe,9.13,2.11,,9.13,7
2026-09-16 23:32:31,4128,GlideXNearService.exe,13.91,3.94,,13.91,11
2026-09-16 23:32:31,4160,spoolsv.exe,13.07,8.84,,13.07,8
2026-09-16 23:32:31,4212,svchost.exe,23.65,14.64,,23.65,16
2026-09-16 23:32:31,4252,GameSDK.exe,8.35,1.84,,8.35,3
2026-09-16 23:32:31,4264,svchost.exe,23.85,12.47,,23.85,19
2026-09-16 23:32:31,4300,svchost.exe,17.62,3.97,,17.62,11
2026-09-16 23:32:31,4320,svchost.exe,9.5,1.93,,9.5,4
2026-09-16 23:32:31,4488,ArmouryCrateControlInterface.exe,11.86,2.46,,11.86,3
2026-09-16 23:32:31,4496,ArmouryCrate.Service.exe,34.68,62.64,,34.68,120
2026-09-16 23:32:31,4524,AdskLicensingService.exe,17.24,20.67,,17.24,13
2026-09-16 23:32:31,4532,AsusAppService.exe,7.84,5.72,,7.84,4
2026-09-16 23:32:31,4540,AsMsControl.exe,7.66,1.76,,7.66,1
2026-09-16 23:32:31,4636,AsusScreenXpertHostService.exe,4.93,5.27,,4.93,4
2026-09-16 23:32:31,4652,msedgewebview2.exe,13.14,8.62,8.62,13.14,10
2026-09-16 23:32:31,4656,AsusPTPService.exe,6.79,1.55,,6.79,4
2026-09-16 23:32:31,4668,AsusSoftwareManager.exe,21.12,4.55,,21.12,12
2026-09-16 23:32:31,4680,AsusSwitch.exe,9.41,2.1,,9.41,7
2026-09-16 23:32:31,4720,AggregatorHost.exe,12.73,2.95,,12.73,1
2026-09-16 23:32:31,4724,AsusSystemAnalysis.exe,19.05,5.39,,19.05,7
2026-09-16 23:32:31,4744,AsusSystemDiagnosis.exe,12.21,2.65,,12.21,2
2026-09-16 23:32:31,4752,AuraWallpaperService.exe,8.93,22.05,,8.93,8
2026-09-16 23:32:31,4808,GlideXRemoteService.exe,12.73,3.68,,12.73,5
2026-09-16 23:32:31,4832,svchost.exe,10.12,2.01,,10.12,5
2026-09-16 23:32:31,4848,AdskAccessServiceHost.exe,12.76,14.12,,12.76,8
2026-09-16 23:32:31,4864,svchost.exe,36.49,32.57,,36.49,12
2026-09-16 23:32:31,4900,DAX3API.exe,13.19,7.76,,13.19,10
2026-09-16 23:32:31,4916,svchost.exe,41.89,45.71,,41.89,18
2026-09-16 23:32:31,4936,ipfsvc.exe,6.76,1.68,,6.76,8
2026-09-16 23:32:31,4952,FNPLicensingService64.exe,10.47,3.31,,10.47,10
2026-09-16 23:32:31,5100,WMIRegistrationService.exe,15.2,3.18,,15.2,2
2026-09-16 23:32:31,5188,svchost.exe,27.18,19.86,,27.18,13
2026-09-16 23:32:31,5192,GlideXServiceExt.exe,6.81,3.31,,6.81,4
2026-09-16 23:32:31,5236,GlideXService.exe,18.82,6.01,,18.82,17
2026-09-16 23:32:31,5260,OneApp.IGCC.WinService.exe,12.55,32.53,,12.55,6
2026-09-16 23:32:31,5316,IntelAudioService.exe,12.43,39.45,,12.43,5
2026-09-16 23:32:31,5376,ipf_uf.exe,7.92,2.15,,7.92,5
2026-09-16 23:32:31,5452,jhi_service.exe,7.95,1.39,,7.95,2
2026-09-16 23:32:31,5472,svchost.exe,14.08,3.2,,14.08,6
2026-09-16 23:32:31,5612,MpDefenderCoreService.exe,23.79,12.61,,23.79,9
2026-09-16 23:32:31,5768,nvcontainer.exe,17.58,14.84,,17.58,27
2026-09-16 23:32:31,5840,RtkAudUService64.exe,13.22,26.66,,13.22,7
2026-09-16 23:32:31,5924,WmiPrvSE.exe,23.86,22.45,,23.86,5
2026-09-16 23:32:31,5956,ROGLiveService.exe,11.23,13.11,,11.23,36
2026-09-16 23:32:31,5968,RstMwService.exe,9.59,2.37,,9.59,9
2026-09-16 23:32:31,5976,RtkAudUService64.exe,11.31,31.35,,11.31,69
2026-09-16 23:32:31,5992,svchost.exe,10.18,1.87,,10.18,6
2026-09-16 23:32:31,6028,RtkBtManServ.exe,9.28,1.93,,9.28,3
2026-09-16 23:32:31,6036,svchost.exe,11.51,2.51,,11.51,6
2026-09-16 23:32:31,6116,ShellHost.exe,66.0,36.71,36.71,66.0,7
2026-09-16 23:32:31,6128,MsMpEng.exe,294.02,478.82,,294.02,56
2026-09-16 23:32:31,6152,svchost.exe,21.16,5.86,,21.16,8
2026-09-16 23:32:31,6172,Widgets.exe,36.2,10.21,10.21,36.2,9
2026-09-16 23:32:31,6180,WmiPrvSE.exe,41.35,29.46,,41.35,9
2026-09-16 23:32:31,6192,svchost.exe,6.97,1.51,,6.97,4
2026-09-16 23:32:31,6424,Code.exe,38.53,13.32,13.32,38.53,21
2026-09-16 23:32:31,6560,taskhostw.exe,28.24,7.96,,28.24,6
2026-09-16 23:32:31,6884,BraveCrashHandler.exe,2.46,1.79,,2.46,3
2026-09-16 23:32:31,6952,rlm.foundry.exe,10.14,3.91,,10.14,4
2026-09-16 23:32:31,7136,chrome.exe,21.96,9.13,9.13,21.96,12
2026-09-16 23:32:31,7224,python.exe,18.87,10.88,10.88,18.87,6
2026-09-16 23:32:31,7328,svchost.exe,11.59,2.62,,11.59,3
2026-09-16 23:32:31,7492,unsecapp.exe,10.14,1.81,,10.14,3
2026-09-16 23:32:31,7512,chrome.exe,158.65,261.51,261.51,158.65,25
2026-09-16 23:32:31,7764,ShellExperienceHost.exe,43.46,46.06,46.06,43.46,18
2026-09-16 23:32:31,7768,EOSOverlayRenderer-Win64-Shipping.exe,25.26,11.7,11.7,25.26,20
2026-09-16 23:32:31,8064,SearchIndexer.exe,61.95,291.64,,61.95,14
2026-09-16 23:32:31,8076,svchost.exe,14.82,1.89,1.89,14.82,4
2026-09-16 23:32:31,8080,brave.exe,343.04,309.06,309.06,343.04,25
2026-09-16 23:32:31,8088,svchost.exe,12.56,7.18,,12.56,5
2026-09-16 23:32:31,8276,uihost.exe,28.27,13.21,13.21,28.27,66
2026-09-16 23:32:31,8448,conhost.exe,7.12,1.24,,7.12,3
2026-09-16 23:32:31,8468,rlm.foundry.exe,10.2,3.72,,10.2,1
2026-09-16 23:32:31,8516,svchost.exe,15.11,3.84,,15.11,9
2026-09-16 23:32:31,8700,NVIDIA Overlay.exe,20.45,120.48,120.48,20.45,17
2026-09-16 23:32:31,8748,svchost.exe,19.92,5.92,,19.92,14
2026-09-16 23:32:31,9144,dllhost.exe,23.94,3.37,3.37,23.94,3
2026-09-16 23:32:31,9212,EOSOverlayRenderer-Win64-Shipping.exe,48.54,32.72,32.72,48.54,40
2026-09-16 23:32:31,9344,svchost.exe,5.51,1.07,,5.51,2
2026-09-16 23:32:31,9364,gamingservicesnet.exe,11.68,12.57,,11.68,39
2026-09-16 23:32:31,9592,NVIDIA Overlay.exe,46.39,138.65,138.65,46.39,86
2026-09-16 23:32:31,9604,mscopilot.exe,17.89,7.86,7.86,17.89,11
2026-09-16 23:32:31,9616,RuntimeBroker.exe,30.11,4.31,4.31,30.11,3
2026-09-16 23:32:31,9644,conhost.exe,10.61,1.66,1.66,10.61,3
2026-09-16 23:32:31,9664,svchost.exe,22.84,5.64,,22.84,7
2026-09-16 23:32:31,9712,svchost.exe,11.12,2.73,,11.12,9
2026-09-16 23:32:31,9972,svchost.exe,27.74,6.35,,27.74,6
2026-09-16 23:32:31,10068,msedgewebview2.exe,68.54,41.75,41.75,68.54,49
2026-09-16 23:32:31,10092,gamingservices.exe,24.51,9.04,,24.51,20
2026-09-16 23:32:31,10220,svchost.exe,9.12,1.93,,9.12,2
2026-09-16 23:32:31,10244,powershell.exe,44.46,70.5,70.5,44.46,9
2026-09-16 23:32:31,10312,svchost.exe,25.62,11.26,,25.62,13
2026-09-16 23:32:31,10556,svchost.exe,10.96,2.02,,10.96,6
2026-09-16 23:32:31,10592,svchost.exe,16.64,2.9,,16.64,3
2026-09-16 23:32:31,10668,svchost.exe,13.2,2.86,,13.2,5
2026-09-16 23:32:31,10672,brave.exe,77.21,49.82,49.82,77.21,22
2026-09-16 23:32:31,10684,OneDrive.exe,112.2,456.89,456.89,112.2,32
2026-09-16 23:32:31,10744,GameInputSvc.exe,7.04,1.4,,7.04,3
2026-09-16 23:32:31,10788,nvcontainer.exe,26.89,20.45,,26.89,19
2026-09-16 23:32:31,10904,asus_framework.exe,1.64,25.44,25.44,1.64,23
2026-09-16 23:32:31,10956,EpicOnlineServicesUserHelper.exe,56.06,77.2,77.2,56.06,13
2026-09-16 23:32:31,11056,BraveCrashHandler64.exe,2.24,1.77,,2.24,3
2026-09-16 23:32:31,11104,svchost.exe,22.71,11.45,,22.71,12
2026-09-16 23:32:31,11168,svchost.exe,16.12,3.18,,16.12,2
2026-09-16 23:32:32,11248,NgcIso.exe,4.5,1.38,,4.5,3
2026-09-16 23:32:32,11292,svchost.exe,25.7,6.71,,25.7,11
2026-09-16 23:32:32,11516,EOSOverlayRenderer-Win64-Shipping.exe,18.27,64.19,64.19,18.27,37
2026-09-16 23:32:32,11784,NisSrv.exe,13.02,4.39,,13.02,4
2026-09-16 23:32:32,11900,chrome.exe,172.56,126.27,126.27,172.56,48
2026-09-16 23:32:32,11952,SDXHelper.exe,16.32,20.0,20.0,16.32,13
2026-09-16 23:32:32,12096,audiodg.exe,40.45,130.82,,40.45,22
2026-09-16 23:32:32,12452,Code.exe,42.02,69.04,69.04,42.02,26
2026-09-16 23:32:32,12536,EOSOverlayRenderer-Win64-Shipping.exe,14.47,8.8,8.8,14.47,11
2026-09-16 23:32:32,12968,MoNotificationUx.exe,13.21,2.2,2.2,13.21,1
2026-09-16 23:32:32,13136,GameInputRedistService.exe,15.21,2.18,2.18,15.21,2
2026-09-16 23:32:32,13252,mscopilot_proxy.exe,20.14,3.04,3.04,20.14,2
2026-09-16 23:32:32,13292,LightingService.exe,25.67,12.21,,25.67,10
2026-09-16 23:32:32,13308,brave.exe,104.54,74.73,74.73,104.54,22
2026-09-16 23:32:32,13520,mscopilot.exe,13.07,2.8,2.8,13.07,8
2026-09-16 23:32:32,13828,VirtualBoxVM.exe,4002.98,4372.1,4372.1,4002.98,37
2026-09-16 23:32:32,13860,AdskAccessCore.exe,27.57,54.02,54.02,27.57,18
2026-09-16 23:32:32,14036,DefenderSessionHelper.exe,6.56,1.2,1.2,6.56,2
2026-09-16 23:32:32,14068,winlogon.exe,16.54,2.75,,16.54,4
2026-09-16 23:32:32,14164,nvcontainer.exe,37.91,36.25,36.25,37.91,56
2026-09-16 23:32:32,14308,conhost.exe,10.18,1.74,1.74,10.18,3
2026-09-16 23:32:32,14368,ApplicationFrameHost.exe,73.54,59.09,59.09,73.54,6
2026-09-16 23:32:32,14424,UserOOBEBroker.exe,12.17,2.02,2.02,12.17,3
2026-09-16 23:32:32,14432,WidgetService.exe,11.45,4.85,4.85,11.45,5
2026-09-16 23:32:32,14448,svchost.exe,24.49,8.05,,24.49,12
2026-09-16 23:32:32,14456,powershell.exe,73.68,68.17,68.17,73.68,12
2026-09-16 23:32:32,14552,svchost.exe,33.86,24.9,,33.86,28
2026-09-16 23:32:32,14712,svchost.exe,19.51,4.04,,19.51,4
2026-09-16 23:32:32,14772,svchost.exe,8.94,1.8,,8.94,1
2026-09-16 23:32:32,14880,svchost.exe,10.8,2.41,2.41,10.8,2
2026-09-16 23:32:32,14892,conhost.exe,7.38,1.21,,7.38,2
2026-09-16 23:32:32,14900,svchost.exe,29.76,11.27,11.27,29.76,10
2026-09-16 23:32:32,15096,chrome.exe,19.55,10.2,10.2,19.55,13
2026-09-16 23:32:32,15148,AdskAccessUIHost.exe,18.77,14.55,14.55,18.77,17
2026-09-16 23:32:32,15248,Code.exe,282.45,321.03,321.03,282.45,26
2026-09-16 23:32:32,15540,VBoxSDS.exe,17.32,4.76,,17.32,5
2026-09-16 23:32:32,15572,Code.exe,318.01,404.35,404.35,318.01,11
2026-09-16 23:32:32,15624,svchost.exe,16.31,4.2,,16.31,2
2026-09-16 23:32:32,15744,mscopilot.exe,119.45,40.14,40.14,119.45,56
2026-09-16 23:32:32,15848,pet.exe,8.79,4.09,4.09,8.79,13
2026-09-16 23:32:32,15928,svchost.exe,15.98,3.84,,15.98,12
2026-09-16 23:32:32,15952,NVIDIA Overlay.exe,26.57,48.48,48.48,26.57,26
2026-09-16 23:32:32,16080,msedgewebview2.exe,116.71,118.87,118.87,116.71,25
2026-09-16 23:32:32,16276,Code.exe,26.29,177.0,177.0,26.29,51
2026-09-16 23:32:32,16284,EpicWebHelper.exe,22.29,62.33,62.33,22.29,12
2026-09-16 23:32:32,16320,ASUSSmartDisplayControl.exe,3.02,2.33,,3.02,3
2026-09-16 23:32:32,16336,CrossDeviceResume.exe,20.54,38.64,38.64,20.54,7
2026-09-16 23:32:32,16652,VirtualBox.exe,31.49,90.42,90.42,31.49,12
2026-09-16 23:32:32,16700,mscopilot.exe,39.12,11.98,11.98,39.12,24
2026-09-16 23:32:32,16900,chrome.exe,50.91,20.39,20.39,50.91,22
2026-09-16 23:32:32,16944,dllhost.exe,12.33,2.61,2.61,12.33,2
2026-09-16 23:32:32,17000,mscopilot.exe,40.35,60.48,60.48,40.35,16
2026-09-16 23:32:32,17004,Code.exe,148.34,224.46,224.46,148.34,25
2026-09-16 23:32:32,17076,svchost.exe,18.83,3.54,3.54,18.83,3
2026-09-16 23:32:32,17308,SecurityHealthSystray.exe,12.42,1.87,1.87,12.42,1
2026-09-16 23:32:32,17328,brave.exe,218.68,105.55,105.55,218.68,45
2026-09-16 23:32:32,17364,svchost.exe,7.68,1.57,,7.68,5
2026-09-16 23:32:32,17504,chrome.exe,154.0,239.88,239.88,154.0,24
2026-09-16 23:32:32,17572,RuntimeBroker.exe,20.47,3.54,3.54,20.47,4
2026-09-16 23:32:32,17720,conhost.exe,7.63,1.16,1.16,7.63,2
2026-09-16 23:32:32,17728,svchost.exe,30.77,10.57,10.57,30.77,4
2026-09-16 23:32:32,17792,svchost.exe,7.55,1.36,1.36,7.55,4
2026-09-16 23:32:32,18216,NVIDIA Overlay.exe,13.91,9.14,9.14,13.91,10
2026-09-16 23:32:32,18400,SecurityHealthService.exe,14.8,8.37,,14.8,9
2026-09-16 23:32:32,18436,Code.exe,117.49,148.98,148.98,117.49,18
2026-09-16 23:32:32,18560,csrss.exe,8.67,3.64,,8.67,22
2026-09-16 23:32:32,18588,svchost.exe,7.41,1.67,,7.41,5
2026-09-16 23:32:32,18620,SearchFilterHost.exe,11.77,2.25,,11.77,4
2026-09-16 23:32:32,18724,svchost.exe,9.88,2.19,,9.88,6
2026-09-16 23:32:32,18908,svchost.exe,20.17,4.65,4.65,20.17,4
2026-09-16 23:32:32,19348,FileSyncHelper.exe,21.22,7.23,,21.22,4
2026-09-16 23:32:32,19396,svchost.exe,8.51,1.55,,8.51,2
2026-09-16 23:32:32,19528,svchost.exe,28.12,5.89,,28.12,5
2026-09-16 23:32:32,19584,dllhost.exe,22.56,3.18,3.18,22.56,3
2026-09-16 23:32:32,19604,Code.exe,42.32,87.57,87.57,42.32,24
2026-09-16 23:32:32,20004,AsHotplugCtrl.exe,1.25,1.31,,1.25,1
2026-09-16 23:32:32,20052,SearchFilterHost.exe,25.91,31.35,,25.91,3
2026-09-16 23:32:32,20152,AsusOptimizationStartupTask.exe,9.49,3.34,3.34,9.49,7
2026-09-16 23:32:32,20296,AsusSoftwareManagerAgent.exe,28.73,40.09,,28.73,9
2026-09-16 23:32:32,20520,AcPowerNotification.exe,18.21,56.36,,18.21,19
2026-09-16 23:32:32,20780,taskhostw.exe,21.68,6.48,6.48,21.68,9
2026-09-16 23:32:32,20800,msedgewebview2.exe,60.33,83.38,83.38,60.33,19
2026-09-16 23:32:32,20928,BlueStacksServices.exe,18.66,57.78,57.78,18.66,24
2026-09-16 23:32:32,21224,RuntimeBroker.exe,34.37,10.02,10.02,34.37,38
2026-09-16 23:32:32,21412,ipf_helper.exe,11.6,1.99,1.99,11.6,4
2026-09-16 23:32:32,21584,dwm.exe,95.32,240.06,,95.32,19
2026-09-16 23:32:32,21592,Code.exe,15.27,9.7,9.7,15.27,7
2026-09-16 23:32:32,21704,asus_framework.exe,17.84,78.32,,17.84,41
2026-09-16 23:32:32,21752,chrome.exe,62.39,43.45,43.45,62.39,25
2026-09-16 23:32:32,21756,EpicGamesLauncher.exe,57.02,289.34,289.34,57.02,91
2026-09-16 23:32:32,21788,BlueStacksServices.exe,11.61,20.77,20.77,11.61,15
2026-09-16 23:32:32,21892,EpicWebHelper.exe,22.97,29.5,29.5,22.97,8
2026-09-16 23:32:32,22072,StartMenuExperienceHost.exe,112.75,107.68,107.68,112.75,16
2026-09-16 23:32:32,22144,svchost.exe,23.61,4.7,4.7,23.61,7
2026-09-16 23:32:32,22200,asus_framework.exe,4.6,15.2,,4.6,14
2026-09-16 23:32:32,22424,svchost.exe,20.54,4.55,,20.54,9
2026-09-16 23:32:32,22608,RuntimeBroker.exe,21.29,6.06,6.06,21.29,3
2026-09-16 23:32:32,22628,brave.exe,244.61,178.82,178.82,244.61,22
2026-09-16 23:32:32,22648,AppActions.exe,14.79,12.0,12.0,14.79,7
2026-09-16 23:32:32,22656,nvcontainer.exe,11.24,11.07,11.07,11.24,17
2026-09-16 23:32:32,22788,servicehost.exe,38.52,36.4,,38.52,96
2026-09-16 23:32:32,22812,msedgewebview2.exe,12.34,2.89,2.89,12.34,8
2026-09-16 23:32:32,22924,RuntimeBroker.exe,13.8,2.43,2.43,13.8,3
2026-09-16 23:32:32,23148,CrossDeviceService.exe,33.32,20.69,20.69,33.32,13
2026-09-16 23:32:32,23248,svchost.exe,11.61,3.09,,11.61,6
2026-09-16 23:32:32,23324,sihost.exe,33.94,7.84,7.84,33.94,13
2026-09-16 23:32:32,23504,svchost.exe,7.21,1.5,,7.21,5
2026-09-16 23:32:32,23648,AdskAccessUIHost.exe,29.43,82.74,82.74,29.43,47
2026-09-16 23:32:32,23724,powershell.exe,47.88,70.55,70.55,47.88,9
2026-09-16 23:32:32,23828,RtkAudUService64.exe,13.74,30.01,30.01,13.74,12
2026-09-16 23:32:32,23872,chrome.exe,150.67,343.03,343.03,150.67,28
2026-09-16 23:32:32,24032,ArmourySocketServer.exe,0.95,4.91,,0.95,17
2026-09-16 23:32:32,24404,OfficeClickToRun.exe,22.32,36.93,,22.32,19
2026-09-16 23:32:32,24540,AdskIdentityManager.exe,17.23,8.97,8.97,17.23,22
2026-09-16 23:32:32,24604,AsusScreenXpertUI.exe,16.66,3.25,,16.66,3
2026-09-16 23:32:32,24648,dllhost.exe,16.41,2.16,2.16,16.41,3
2026-09-16 23:32:32,24688,ArmouryHtmlDebugServer.exe,1.05,1.31,,1.05,2
2026-09-16 23:32:32,24772,VirtualBoxVM.exe,5.63,3.07,3.07,5.63,1
2026-09-16 23:32:32,24904,AdskAccessUIHost.exe,20.49,63.66,63.66,20.49,14
2026-09-16 23:32:32,24980,NVDisplay.Container.exe,28.93,35.52,,28.93,28
2026-09-16 23:32:32,25160,OpenConsole.exe,11.3,2.23,2.23,11.3,4
2026-09-16 23:32:32,25244,cmd.exe,7.56,3.34,3.34,7.56,1
2026-09-16 23:32:32,25436,VirtualBoxVM.exe,9.34,2.29,2.29,9.34,1
2026-09-16 23:32:32,25476,msedgewebview2.exe,30.59,13.67,13.67,30.59,20
2026-09-16 23:32:32,25656,PSExpressCore.exe,69.18,90.35,90.35,69.18,26
2026-09-16 23:32:32,25788,brave.exe,112.2,59.98,59.98,112.2,22
2026-09-16 23:32:32,25880,SearchHost.exe,93.23,78.23,78.23,93.23,11
2026-09-16 23:32:32,25908,SearchFilterHost.exe,13.43,2.53,,13.43,5
2026-09-16 23:32:32,26072,RuntimeBroker.exe,50.95,15.75,15.75,50.95,14
2026-09-16 23:32:32,26128,svchost.exe,6.18,2.29,,6.18,3
2026-09-16 23:32:32,26444,chrome.exe,10.23,2.51,2.51,10.23,7
2026-09-16 23:32:32,26724,BlueStacksServices.exe,37.21,59.53,59.53,37.21,29
2026-09-16 23:32:32,26844,AdskAccessUIHost.exe,15.36,50.38,50.38,15.36,23
2026-09-16 23:32:32,27008,svchost.exe,12.48,3.43,,12.48,4
2026-09-16 23:32:32,27328,EpicOnlineServicesUserHelper.exe,14.88,59.93,59.93,14.88,11
2026-09-16 23:32:32,27392,ctfmon.exe,25.48,6.22,,25.48,14
2026-09-16 23:32:32,27432,chrome.exe,57.36,38.63,38.63,57.36,24
2026-09-16 23:32:32,27440,OpenConsole.exe,11.61,2.27,2.27,11.61,5
2026-09-16 23:32:32,27464,Code.exe,35.74,125.85,125.85,35.74,23
2026-09-16 23:32:32,27560,LockApp.exe,40.86,46.33,46.33,40.86,18
2026-09-16 23:32:32,27604,fontdrvhost.exe,7.69,3.7,,7.69,5
2026-09-16 23:32:32,27656,SearchProtocolHost.exe,16.68,9.3,,16.68,7
2026-09-16 23:32:32,27708,NVIDIA Overlay.exe,21.98,11.46,11.46,21.98,20
2026-09-16 23:32:32,27764,OpenConsole.exe,10.86,2.25,2.25,10.86,4
2026-09-16 23:32:32,27848,SearchFilterHost.exe,11.92,2.34,,11.92,2
2026-09-16 23:32:32,28084,nvsphelper64.exe,15.5,3.43,,15.5,6
2026-09-16 23:32:32,28256,AsMonitorControl.exe,1.49,1.24,,1.49,2
2026-09-16 23:32:32,28396,SearchFilterHost.exe,14.53,3.64,,14.53,6
2026-09-16 23:32:33,28908,brave.exe,47.05,64.16,64.16,47.05,21
2026-09-16 23:32:33,28968,svchost.exe,12.84,2.32,,12.84,3
2026-09-16 23:32:33,29264,BlueStacksServices.exe,16.96,13.3,13.3,16.96,9
2026-09-16 23:32:33,29308,explorer.exe,291.09,342.38,342.38,291.09,83
2026-09-16 23:32:33,29312,browserhost.exe,19.29,7.01,7.01,19.29,38
2026-09-16 23:32:33,29428,PSExpressBroker.exe,50.67,26.2,26.2,50.67,31
2026-09-16 23:32:33,29440,ArmouryCrate.exe,2.21,52.72,52.72,2.21,12
2026-09-16 23:32:33,29496,EOSOverlayRenderer-Win64-Shipping.exe,57.16,45.64,45.64,57.16,25
2026-09-16 23:32:33,29972,PhoneExperienceHost.exe,173.22,74.63,74.63,173.22,15
2026-09-16 23:32:33,30104,backgroundTaskHost.exe,60.3,24.33,24.33,60.3,6
2026-09-16 23:32:33,30132,SearchFilterHost.exe,12.72,3.05,,12.72,4
2026-09-16 23:32:33,30140,brave.exe,19.17,8.93,8.93,19.17,10
2026-09-16 23:32:33,30300,chrome.exe,39.68,60.19,60.19,39.68,14
2026-09-16 23:32:33,31284,brave.exe,227.35,304.79,304.79,227.35,49
2026-09-16 23:32:33,31432,brave.exe,20.13,10.1,10.1,20.13,11
2026-09-16 23:32:33,31500,brave.exe,8.86,2.38,2.38,8.86,7
2026-09-16 23:32:33,31520,brave.exe,50.61,19.39,19.39,50.61,19
2026-09-16 23:32:36,0,System Idle Process,0.01,0.06,,0.01,36
2026-09-16 23:32:36,4,System,4.34,0.05,,4.34,436
2026-09-16 23:32:36,188,,63.28,0.17,,63.28,0
2026-09-16 23:32:36,232,Registry,48.49,9.11,,48.49,4
2026-09-16 23:32:36,396,ArmouryCrate.UserSessionHelper.exe,37.71,35.93,,37.71,138
2026-09-16 23:32:36,704,GameInputSvc.exe,15.89,3.83,,15.89,7
2026-09-16 23:32:36,796,svchost.exe,27.11,10.59,,27.11,13
2026-09-16 23:32:36,828,smss.exe,1.32,1.14,,1.32,2
2026-09-16 23:32:36,1004,svchost.exe,9.06,7.41,,9.06,2
2026-09-16 23:32:36,1220,csrss.exe,7.08,2.43,,7.08,13
2026-09-16 23:32:36,1324,svchost.exe,12.11,4.06,,12.11,11
2026-09-16 23:32:36,1340,wininit.exe,9.4,1.81,,9.4,2
2026-09-16 23:32:36,1400,GameInputRedistService.exe,12.75,21.15,,12.75,10
2026-09-16 23:32:36,1408,services.exe,18.98,7.57,,18.98,10
2026-09-16 23:32:36,1428,LsaIso.exe,3.92,1.3,,3.92,1
2026-09-16 23:32:36,1436,lsass.exe,22.44,13.66,,22.44,11
2026-09-16 23:32:36,1448,FileCoAuth.exe,20.6,11.64,11.64,20.6,6
2026-09-16 23:32:36,1576,svchost.exe,39.01,17.96,,39.01,25
2026-09-16 23:32:36,1596,WUDFHost.exe,21.58,13.37,,21.58,20
2026-09-16 23:32:36,1628,fontdrvhost.exe,5.46,3.57,,5.46,5
2026-09-16 23:32:36,1704,svchost.exe,23.69,14.07,,23.69,12
2026-09-16 23:32:36,1760,svchost.exe,12.04,3.68,,12.04,6
2026-09-16 23:32:36,1768,dllhost.exe,20.9,2.78,2.78,20.9,4
2026-09-16 23:32:36,1812,WUDFHost.exe,14.35,4.5,,14.35,11
2026-09-16 23:32:36,1904,Adobe Crash Processor.exe,11.88,2.22,2.22,11.88,4
2026-09-16 23:32:36,2032,svchost.exe,6.76,1.41,,6.76,3
2026-09-16 23:32:36,2040,svchost.exe,6.56,2.39,,6.56,4
2026-09-16 23:32:36,2060,svchost.exe,10.21,2.86,,10.21,7
2026-09-16 23:32:36,2108,AsusCertService.exe,7.46,1.44,,7.46,4
2026-09-16 23:32:36,2156,svchost.exe,13.45,3.32,,13.45,6
2026-09-16 23:32:36,2176,svchost.exe,14.66,2.37,,14.66,3
2026-09-16 23:32:36,2300,svchost.exe,9.74,2.11,,9.74,3
2026-09-16 23:32:36,2308,IntelCpHDCPSvc.exe,7.03,1.44,,7.03,3
2026-09-16 23:32:36,2320,svchost.exe,11.62,3.19,,11.62,9
2026-09-16 23:32:36,2412,svchost.exe,22.24,8.84,,22.24,18
2026-09-16 23:32:36,2460,Code.exe,95.88,97.51,97.51,95.88,71
2026-09-16 23:32:36,2492,svchost.exe,13.6,3.17,,13.6,8
2026-09-16 23:32:36,2560,AsusOSD.exe,19.57,4.61,,19.57,3
2026-09-16 23:32:36,2580,SystemSettings.exe,130.45,140.15,140.15,130.45,45
2026-09-16 23:32:36,2624,Code.exe,47.66,105.3,105.3,47.66,31
2026-09-16 23:32:36,2680,svchost.exe,7.57,1.84,,7.57,3
2026-09-16 23:32:36,2964,svchost.exe,16.73,6.83,,16.73,8
2026-09-16 23:32:36,3004,NVDisplay.Container.exe,22.91,32.51,,22.91,39
2026-09-16 23:32:36,3040,python.exe,4.56,0.72,0.72,4.56,1
2026-09-16 23:32:36,3060,svchost.exe,7.23,1.47,,7.23,4
2026-09-16 23:32:36,3068,svchost.exe,19.99,17.47,,19.99,8
2026-09-16 23:32:36,3076,svchost.exe,10.07,2.1,,10.07,5
2026-09-16 23:32:36,3080,svchost.exe,8.71,3.7,,8.71,5
2026-09-16 23:32:36,3092,svchost.exe,13.47,2.57,,13.47,3
2026-09-16 23:32:36,3260,MemCompression,224.37,4.0,,224.37,58
2026-09-16 23:32:36,3316,svchost.exe,12.66,2.52,,12.66,3
2026-09-16 23:32:36,3324,svchost.exe,23.21,4.02,,23.21,8
2026-09-16 23:32:36,3340,brave.exe,66.18,28.32,28.32,66.18,21
2026-09-16 23:32:36,3420,svchost.exe,12.53,4.07,,12.53,3
2026-09-16 23:32:36,3428,svchost.exe,11.33,2.52,,11.33,7
2026-09-16 23:32:36,3444,svchost.exe,27.98,10.68,,27.98,8
2026-09-16 23:32:36,3476,WUDFHost.exe,11.54,2.9,,11.54,5
2026-09-16 23:32:36,3604,svchost.exe,24.11,5.44,,24.11,6
2026-09-16 23:32:36,3612,brave.exe,85.28,56.8,56.8,85.28,23
2026-09-16 23:32:36,3652,svchost.exe,10.66,2.0,,10.66,5
2026-09-16 23:32:36,3716,svchost.exe,8.74,1.66,,8.74,2
2026-09-16 23:32:36,3740,svchost.exe,8.31,1.96,,8.31,4
2026-09-16 23:32:36,3848,svchost.exe,26.82,25.66,,26.82,5
2026-09-16 23:32:36,3864,chrome.exe,374.06,347.44,347.44,374.06,30
2026-09-16 23:32:36,3872,svchost.exe,23.91,7.42,,23.91,15
2026-09-16 23:32:36,3904,AsusOptimization.exe,11.83,2.46,,11.83,10
2026-09-16 23:32:36,3912,svchost.exe,12.91,4.12,,12.91,6
2026-09-16 23:32:36,3996,VBoxSVC.exe,21.75,9.52,9.52,21.75,17
2026-09-16 23:32:36,4116,svchost.exe,9.13,2.11,,9.13,7
2026-09-16 23:32:36,4128,GlideXNearService.exe,13.91,3.94,,13.91,11
2026-09-16 23:32:36,4160,spoolsv.exe,13.07,8.84,,13.07,8
2026-09-16 23:32:36,4212,svchost.exe,23.65,14.64,,23.65,16
2026-09-16 23:32:36,4252,GameSDK.exe,8.35,1.84,,8.35,3
2026-09-16 23:32:36,4264,svchost.exe,24.08,12.7,,24.08,19
2026-09-16 23:32:36,4300,svchost.exe,17.62,3.97,,17.62,11
2026-09-16 23:32:36,4320,svchost.exe,9.5,1.93,,9.5,4
2026-09-16 23:32:36,4488,ArmouryCrateControlInterface.exe,11.86,2.46,,11.86,3
2026-09-16 23:32:36,4496,ArmouryCrate.Service.exe,34.68,62.64,,34.68,120
2026-09-16 23:32:36,4524,AdskLicensingService.exe,17.24,20.67,,17.24,13
2026-09-16 23:32:36,4532,AsusAppService.exe,7.84,5.72,,7.84,4
2026-09-16 23:32:36,4540,AsMsControl.exe,7.66,1.76,,7.66,1
2026-09-16 23:32:36,4636,AsusScreenXpertHostService.exe,4.93,5.27,,4.93,4
2026-09-16 23:32:37,4652,msedgewebview2.exe,13.14,8.62,8.62,13.14,10
2026-09-16 23:32:37,4656,AsusPTPService.exe,6.79,1.55,,6.79,4
2026-09-16 23:32:37,4668,AsusSoftwareManager.exe,21.12,4.55,,21.12,12
2026-09-16 23:32:37,4680,AsusSwitch.exe,9.41,2.1,,9.41,7
2026-09-16 23:32:37,4720,AggregatorHost.exe,12.73,2.95,,12.73,1
2026-09-16 23:32:37,4724,AsusSystemAnalysis.exe,19.05,5.39,,19.05,7
2026-09-16 23:32:37,4744,AsusSystemDiagnosis.exe,12.21,2.65,,12.21,2
2026-09-16 23:32:37,4752,AuraWallpaperService.exe,8.93,22.05,,8.93,8
2026-09-16 23:32:37,4808,GlideXRemoteService.exe,12.73,3.68,,12.73,5
2026-09-16 23:32:37,4832,svchost.exe,10.12,2.01,,10.12,5
2026-09-16 23:32:37,4848,AdskAccessServiceHost.exe,12.76,14.12,,12.76,8
2026-09-16 23:32:37,4864,svchost.exe,36.48,32.56,,36.48,12
2026-09-16 23:32:37,4900,DAX3API.exe,13.19,7.76,,13.19,10
2026-09-16 23:32:37,4916,svchost.exe,41.89,45.71,,41.89,18
2026-09-16 23:32:37,4936,ipfsvc.exe,6.76,1.68,,6.76,8
2026-09-16 23:32:37,4952,FNPLicensingService64.exe,10.47,3.31,,10.47,10
2026-09-16 23:32:37,5100,WMIRegistrationService.exe,15.2,3.18,,15.2,2
2026-09-16 23:32:37,5188,svchost.exe,27.19,19.88,,27.19,13
2026-09-16 23:32:37,5192,GlideXServiceExt.exe,6.81,3.31,,6.81,4
2026-09-16 23:32:37,5236,GlideXService.exe,18.82,6.01,,18.82,17
2026-09-16 23:32:37,5260,OneApp.IGCC.WinService.exe,12.55,32.53,,12.55,6
2026-09-16 23:32:37,5316,IntelAudioService.exe,12.43,39.45,,12.43,5
2026-09-16 23:32:37,5376,ipf_uf.exe,7.92,2.15,,7.92,5
2026-09-16 23:32:37,5452,jhi_service.exe,7.95,1.39,,7.95,2
2026-09-16 23:32:37,5472,svchost.exe,14.08,3.2,,14.08,6
2026-09-16 23:32:37,5612,MpDefenderCoreService.exe,23.79,12.61,,23.79,9
2026-09-16 23:32:37,5768,nvcontainer.exe,17.58,14.84,,17.58,27
2026-09-16 23:32:37,5840,RtkAudUService64.exe,13.22,26.66,,13.22,7
2026-09-16 23:32:37,5924,WmiPrvSE.exe,23.86,22.45,,23.86,5
2026-09-16 23:32:37,5956,ROGLiveService.exe,11.23,13.11,,11.23,36
2026-09-16 23:32:37,5968,RstMwService.exe,9.59,2.37,,9.59,9
2026-09-16 23:32:37,5976,RtkAudUService64.exe,11.31,31.35,,11.31,69
2026-09-16 23:32:37,5992,svchost.exe,10.18,1.87,,10.18,6
2026-09-16 23:32:37,6028,RtkBtManServ.exe,9.28,1.93,,9.28,3
2026-09-16 23:32:37,6036,svchost.exe,11.51,2.51,,11.51,6
2026-09-16 23:32:37,6116,ShellHost.exe,66.0,36.71,36.71,66.0,7
2026-09-16 23:32:37,6128,MsMpEng.exe,291.77,476.06,,291.77,56
2026-09-16 23:32:37,6152,svchost.exe,21.16,5.86,,21.16,8
2026-09-16 23:32:37,6172,Widgets.exe,36.2,10.21,10.21,36.2,9
2026-09-16 23:32:37,6180,WmiPrvSE.exe,38.53,26.43,,38.53,9
2026-09-16 23:32:37,6192,svchost.exe,6.97,1.51,,6.97,4
2026-09-16 23:32:37,6424,Code.exe,38.53,13.32,13.32,38.53,21
2026-09-16 23:32:37,6560,taskhostw.exe,28.24,7.96,,28.24,6
2026-09-16 23:32:37,6884,BraveCrashHandler.exe,2.46,1.79,,2.46,3
2026-09-16 23:32:37,6952,rlm.foundry.exe,10.14,3.91,,10.14,4
2026-09-16 23:32:37,7136,chrome.exe,21.96,9.12,9.12,21.96,12
2026-09-16 23:32:37,7224,python.exe,18.82,10.79,10.79,18.82,3
2026-09-16 23:32:37,7328,svchost.exe,11.59,2.62,,11.59,3
2026-09-16 23:32:37,7492,unsecapp.exe,10.14,1.81,,10.14,3
2026-09-16 23:32:37,7512,chrome.exe,158.64,261.7,261.7,158.64,25
2026-09-16 23:32:37,7764,ShellExperienceHost.exe,43.46,46.06,46.06,43.46,18
2026-09-16 23:32:37,7768,EOSOverlayRenderer-Win64-Shipping.exe,25.34,11.81,11.81,25.34,20
2026-09-16 23:32:37,8064,SearchIndexer.exe,64.35,293.92,,64.35,14
2026-09-16 23:32:37,8076,svchost.exe,14.8,1.83,1.83,14.8,3
2026-09-16 23:32:37,8080,brave.exe,343.04,309.06,309.06,343.04,25
2026-09-16 23:32:37,8088,svchost.exe,12.59,7.24,,12.59,6
2026-09-16 23:32:37,8276,uihost.exe,28.27,13.21,13.21,28.27,66
2026-09-16 23:32:37,8448,conhost.exe,7.12,1.24,,7.12,3
2026-09-16 23:32:37,8468,rlm.foundry.exe,10.2,3.72,,10.2,1
2026-09-16 23:32:37,8516,svchost.exe,15.11,3.84,,15.11,9
2026-09-16 23:32:37,8700,NVIDIA Overlay.exe,20.45,120.48,120.48,20.45,17
2026-09-16 23:32:37,8748,svchost.exe,19.91,5.91,,19.91,14
2026-09-16 23:32:37,9144,dllhost.exe,23.94,3.37,3.37,23.94,3
2026-09-16 23:32:37,9212,EOSOverlayRenderer-Win64-Shipping.exe,48.83,33.01,33.01,48.83,40
2026-09-16 23:32:37,9344,svchost.exe,5.51,1.07,,5.51,2
2026-09-16 23:32:37,9364,gamingservicesnet.exe,11.68,12.57,,11.68,39
2026-09-16 23:32:37,9592,NVIDIA Overlay.exe,46.39,138.65,138.65,46.39,86
2026-09-16 23:32:37,9604,mscopilot.exe,17.89,7.86,7.86,17.89,11
2026-09-16 23:32:37,9616,RuntimeBroker.exe,30.11,4.31,4.31,30.11,3
2026-09-16 23:32:37,9644,conhost.exe,10.61,1.66,1.66,10.61,3
2026-09-16 23:32:37,9664,svchost.exe,22.84,5.64,,22.84,7
2026-09-16 23:32:37,9712,svchost.exe,11.12,2.73,,11.12,9
2026-09-16 23:32:37,9972,svchost.exe,27.74,6.36,,27.74,6
2026-09-16 23:32:37,10068,msedgewebview2.exe,68.54,41.75,41.75,68.54,49
2026-09-16 23:32:37,10092,gamingservices.exe,24.64,9.18,,24.64,20
2026-09-16 23:32:37,10220,svchost.exe,9.12,1.93,,9.12,2
2026-09-16 23:32:37,10244,powershell.exe,44.46,70.5,70.5,44.46,9
2026-09-16 23:32:37,10312,svchost.exe,25.62,11.26,,25.62,13
2026-09-16 23:32:37,10556,svchost.exe,10.96,2.02,,10.96,6
2026-09-16 23:32:37,10592,svchost.exe,16.64,2.9,,16.64,3
2026-09-16 23:32:37,10668,svchost.exe,13.2,2.86,,13.2,5
2026-09-16 23:32:37,10672,brave.exe,77.21,49.82,49.82,77.21,22
2026-09-16 23:32:37,10684,OneDrive.exe,112.25,456.92,456.92,112.25,33
2026-09-16 23:32:37,10744,GameInputSvc.exe,7.04,1.4,,7.04,3
2026-09-16 23:32:37,10788,nvcontainer.exe,26.89,20.45,,26.89,19
2026-09-16 23:32:37,10904,asus_framework.exe,1.63,25.44,25.44,1.63,23
2026-09-16 23:32:37,10956,EpicOnlineServicesUserHelper.exe,56.06,77.2,77.2,56.06,13
2026-09-16 23:32:37,11056,BraveCrashHandler64.exe,2.24,1.77,,2.24,3
2026-09-16 23:32:37,11104,svchost.exe,22.71,11.45,,22.71,12
2026-09-16 23:32:37,11168,svchost.exe,16.12,3.18,,16.12,2
2026-09-16 23:32:38,11248,NgcIso.exe,4.5,1.38,,4.5,3
2026-09-16 23:32:38,11292,svchost.exe,25.7,6.71,,25.7,11
2026-09-16 23:32:38,11516,EOSOverlayRenderer-Win64-Shipping.exe,18.27,64.19,64.19,18.27,37
2026-09-16 23:32:38,11784,NisSrv.exe,13.02,4.39,,13.02,4
2026-09-16 23:32:38,11900,chrome.exe,172.57,126.27,126.27,172.57,48
2026-09-16 23:32:38,11952,SDXHelper.exe,16.26,20.0,20.0,16.26,13
2026-09-16 23:32:38,12096,audiodg.exe,40.45,130.82,,40.45,22
2026-09-16 23:32:38,12452,Code.exe,42.02,69.04,69.04,42.02,26
2026-09-16 23:32:38,12536,EOSOverlayRenderer-Win64-Shipping.exe,14.47,8.8,8.8,14.47,11
2026-09-16 23:32:38,12968,MoNotificationUx.exe,13.21,2.2,2.2,13.21,1
2026-09-16 23:32:38,13136,GameInputRedistService.exe,15.21,2.18,2.18,15.21,2
2026-09-16 23:32:38,13252,mscopilot_proxy.exe,20.14,3.04,3.04,20.14,2
2026-09-16 23:32:38,13292,LightingService.exe,25.67,12.21,,25.67,10
2026-09-16 23:32:38,13308,brave.exe,104.54,74.73,74.73,104.54,22
2026-09-16 23:32:38,13520,mscopilot.exe,13.07,2.8,2.8,13.07,8
2026-09-16 23:32:38,13828,VirtualBoxVM.exe,4003.0,4372.1,4372.1,4003.0,37
2026-09-16 23:32:38,13860,AdskAccessCore.exe,27.59,54.06,54.06,27.59,19
2026-09-16 23:32:38,14036,DefenderSessionHelper.exe,6.56,1.2,1.2,6.56,2
2026-09-16 23:32:38,14068,winlogon.exe,16.54,2.75,,16.54,4
2026-09-16 23:32:38,14164,nvcontainer.exe,37.91,36.25,36.25,37.91,56
2026-09-16 23:32:38,14308,conhost.exe,10.18,1.74,1.74,10.18,3
2026-09-16 23:32:38,14368,ApplicationFrameHost.exe,73.54,59.09,59.09,73.54,6
2026-09-16 23:32:38,14424,UserOOBEBroker.exe,12.17,2.02,2.02,12.17,3
2026-09-16 23:32:38,14432,WidgetService.exe,11.45,4.85,4.85,11.45,5
2026-09-16 23:32:38,14448,svchost.exe,24.49,8.05,,24.49,12
2026-09-16 23:32:38,14456,powershell.exe,73.68,68.17,68.17,73.68,12
2026-09-16 23:32:38,14552,svchost.exe,33.86,24.9,,33.86,28
2026-09-16 23:32:38,14712,svchost.exe,19.51,4.04,,19.51,4
2026-09-16 23:32:38,14772,svchost.exe,8.94,1.8,,8.94,1
2026-09-16 23:32:38,14880,svchost.exe,10.8,2.41,2.41,10.8,2
2026-09-16 23:32:38,14892,conhost.exe,7.38,1.21,,7.38,2
2026-09-16 23:32:38,14900,svchost.exe,29.77,11.34,11.34,29.77,10
2026-09-16 23:32:38,15096,chrome.exe,19.55,10.2,10.2,19.55,13
2026-09-16 23:32:38,15148,AdskAccessUIHost.exe,18.77,14.55,14.55,18.77,17
2026-09-16 23:32:38,15248,Code.exe,283.63,322.28,322.28,283.63,26
2026-09-16 23:32:38,15540,VBoxSDS.exe,17.32,4.76,,17.32,5
2026-09-16 23:32:38,15572,Code.exe,318.01,404.35,404.35,318.01,11
2026-09-16 23:32:38,15624,svchost.exe,16.31,4.2,,16.31,2
2026-09-16 23:32:38,15744,mscopilot.exe,119.45,40.14,40.14,119.45,56
2026-09-16 23:32:38,15848,pet.exe,8.79,4.09,4.09,8.79,13
2026-09-16 23:32:38,15928,svchost.exe,15.98,3.84,,15.98,12
2026-09-16 23:32:38,15952,NVIDIA Overlay.exe,26.57,48.48,48.48,26.57,26
2026-09-16 23:32:38,16080,msedgewebview2.exe,116.71,118.87,118.87,116.71,25
2026-09-16 23:32:38,16276,Code.exe,26.29,177.0,177.0,26.29,51
2026-09-16 23:32:38,16284,EpicWebHelper.exe,22.29,62.33,62.33,22.29,12
2026-09-16 23:32:38,16320,ASUSSmartDisplayControl.exe,3.02,2.33,,3.02,3
2026-09-16 23:32:38,16336,CrossDeviceResume.exe,20.54,38.64,38.64,20.54,7
2026-09-16 23:32:38,16652,VirtualBox.exe,31.5,90.42,90.42,31.5,12
2026-09-16 23:32:38,16700,mscopilot.exe,39.07,11.89,11.89,39.07,22
2026-09-16 23:32:38,16900,chrome.exe,50.91,20.39,20.39,50.91,22
2026-09-16 23:32:38,16944,dllhost.exe,12.33,2.61,2.61,12.33,2
2026-09-16 23:32:38,17000,mscopilot.exe,40.36,60.48,60.48,40.36,16
2026-09-16 23:32:38,17004,Code.exe,148.43,224.54,224.54,148.43,25
2026-09-16 23:32:38,17056,dllhost.exe,10.09,1.91,1.91,10.09,7
2026-09-16 23:32:38,17076,svchost.exe,18.83,3.54,3.54,18.83,3
2026-09-16 23:32:38,17308,SecurityHealthSystray.exe,12.42,1.87,1.87,12.42,1
2026-09-16 23:32:38,17328,brave.exe,218.68,105.55,105.55,218.68,45
2026-09-16 23:32:38,17364,svchost.exe,7.68,1.57,,7.68,5
2026-09-16 23:32:38,17504,chrome.exe,154.0,239.88,239.88,154.0,24
2026-09-16 23:32:38,17572,RuntimeBroker.exe,20.47,3.54,3.54,20.47,4
2026-09-16 23:32:38,17720,conhost.exe,7.63,1.16,1.16,7.63,2
2026-09-16 23:32:38,17728,svchost.exe,30.77,10.57,10.57,30.77,4
2026-09-16 23:32:38,17792,svchost.exe,7.55,1.36,1.36,7.55,4
2026-09-16 23:32:38,18216,NVIDIA Overlay.exe,13.91,9.14,9.14,13.91,10
2026-09-16 23:32:38,18400,SecurityHealthService.exe,14.8,8.37,,14.8,9
2026-09-16 23:32:38,18436,Code.exe,117.5,149.01,149.01,117.5,19
2026-09-16 23:32:38,18560,csrss.exe,8.7,3.66,,8.7,22
2026-09-16 23:32:38,18588,svchost.exe,7.41,1.67,,7.41,5
2026-09-16 23:32:38,18620,SearchFilterHost.exe,11.77,2.25,,11.77,4
2026-09-16 23:32:38,18724,svchost.exe,9.88,2.19,,9.88,6
2026-09-16 23:32:38,18908,svchost.exe,20.17,4.65,4.65,20.17,4
2026-09-16 23:32:38,19348,FileSyncHelper.exe,21.22,7.23,,21.22,4
2026-09-16 23:32:38,19396,svchost.exe,8.51,1.55,,8.51,2
2026-09-16 23:32:38,19528,svchost.exe,28.12,5.89,,28.12,5
2026-09-16 23:32:38,19584,dllhost.exe,22.56,3.18,3.18,22.56,3
2026-09-16 23:32:38,19604,Code.exe,42.32,87.57,87.57,42.32,24
2026-09-16 23:32:38,20004,AsHotplugCtrl.exe,1.25,1.31,,1.25,1
2026-09-16 23:32:38,20052,SearchFilterHost.exe,25.91,31.35,,25.91,3
2026-09-16 23:32:38,20152,AsusOptimizationStartupTask.exe,9.49,3.34,3.34,9.49,7
2026-09-16 23:32:38,20296,AsusSoftwareManagerAgent.exe,28.73,40.09,,28.73,9
2026-09-16 23:32:38,20520,AcPowerNotification.exe,18.28,56.37,,18.28,19
2026-09-16 23:32:38,20780,taskhostw.exe,21.68,6.48,6.48,21.68,9
2026-09-16 23:32:38,20800,msedgewebview2.exe,60.33,83.38,83.38,60.33,19
2026-09-16 23:32:38,20928,BlueStacksServices.exe,18.68,57.81,57.81,18.68,25
2026-09-16 23:32:38,21224,RuntimeBroker.exe,34.51,10.32,10.32,34.51,42
2026-09-16 23:32:38,21412,ipf_helper.exe,11.6,1.99,1.99,11.6,4
2026-09-16 23:32:38,21584,dwm.exe,95.38,240.12,,95.38,19
2026-09-16 23:32:38,21592,Code.exe,15.27,9.7,9.7,15.27,7
2026-09-16 23:32:38,21704,asus_framework.exe,17.88,78.31,,17.88,41
2026-09-16 23:32:38,21752,chrome.exe,62.4,43.45,43.45,62.4,25
2026-09-16 23:32:38,21756,EpicGamesLauncher.exe,57.02,289.34,289.34,57.02,91
2026-09-16 23:32:38,21788,BlueStacksServices.exe,11.61,20.77,20.77,11.61,15
2026-09-16 23:32:38,21892,EpicWebHelper.exe,22.97,29.5,29.5,22.97,8
2026-09-16 23:32:38,22072,StartMenuExperienceHost.exe,112.75,107.68,107.68,112.75,16
2026-09-16 23:32:38,22144,svchost.exe,23.61,4.7,4.7,23.61,7
2026-09-16 23:32:38,22200,asus_framework.exe,4.59,15.2,,4.59,14
2026-09-16 23:32:38,22424,svchost.exe,20.54,4.55,,20.54,9
2026-09-16 23:32:38,22608,RuntimeBroker.exe,21.29,6.06,6.06,21.29,3
2026-09-16 23:32:38,22628,brave.exe,244.61,178.82,178.82,244.61,22
2026-09-16 23:32:38,22648,AppActions.exe,14.79,12.0,12.0,14.79,7
2026-09-16 23:32:38,22656,nvcontainer.exe,11.24,11.07,11.07,11.24,17
2026-09-16 23:32:38,22788,servicehost.exe,38.52,36.4,,38.52,96
2026-09-16 23:32:38,22812,msedgewebview2.exe,12.34,2.89,2.89,12.34,8
2026-09-16 23:32:38,22924,RuntimeBroker.exe,13.8,2.43,2.43,13.8,3
2026-09-16 23:32:38,23148,CrossDeviceService.exe,33.32,20.69,20.69,33.32,13
2026-09-16 23:32:38,23248,svchost.exe,11.61,3.09,,11.61,6
2026-09-16 23:32:38,23324,sihost.exe,33.97,7.88,7.88,33.97,13
2026-09-16 23:32:38,23504,svchost.exe,7.21,1.5,,7.21,5
2026-09-16 23:32:38,23648,AdskAccessUIHost.exe,29.44,82.74,82.74,29.44,47
2026-09-16 23:32:38,23724,powershell.exe,47.88,70.55,70.55,47.88,9
2026-09-16 23:32:38,23828,RtkAudUService64.exe,13.72,30.01,30.01,13.72,12
2026-09-16 23:32:38,23872,chrome.exe,150.74,343.04,343.04,150.74,28
2026-09-16 23:32:38,24032,ArmourySocketServer.exe,0.95,4.91,,0.95,17
2026-09-16 23:32:38,24404,OfficeClickToRun.exe,22.32,36.93,,22.32,19
2026-09-16 23:32:38,24540,AdskIdentityManager.exe,17.23,8.97,8.97,17.23,22
2026-09-16 23:32:38,24604,AsusScreenXpertUI.exe,16.66,3.25,,16.66,3
2026-09-16 23:32:38,24648,dllhost.exe,16.41,2.16,2.16,16.41,3
2026-09-16 23:32:38,24688,ArmouryHtmlDebugServer.exe,1.05,1.31,,1.05,2
2026-09-16 23:32:38,24772,VirtualBoxVM.exe,5.63,3.07,3.07,5.63,1
2026-09-16 23:32:38,24904,AdskAccessUIHost.exe,20.49,63.66,63.66,20.49,14
2026-09-16 23:32:38,24980,NVDisplay.Container.exe,28.93,35.52,,28.93,28
2026-09-16 23:32:38,25160,OpenConsole.exe,11.3,2.23,2.23,11.3,4
2026-09-16 23:32:38,25244,cmd.exe,7.56,3.34,3.34,7.56,1
2026-09-16 23:32:38,25436,VirtualBoxVM.exe,9.34,2.29,2.29,9.34,1
2026-09-16 23:32:38,25476,msedgewebview2.exe,30.59,13.67,13.67,30.59,20
2026-09-16 23:32:38,25656,PSExpressCore.exe,69.15,90.32,90.32,69.15,26
2026-09-16 23:32:38,25788,brave.exe,112.2,59.98,59.98,112.2,22
2026-09-16 23:32:38,25880,SearchHost.exe,93.23,78.23,78.23,93.23,11
2026-09-16 23:32:38,25908,SearchFilterHost.exe,13.43,2.53,,13.43,5
2026-09-16 23:32:38,26072,RuntimeBroker.exe,50.97,15.82,15.82,50.97,15
2026-09-16 23:32:38,26128,svchost.exe,6.18,2.29,,6.18,3
2026-09-16 23:32:38,26444,chrome.exe,10.23,2.51,2.51,10.23,7
2026-09-16 23:32:38,26724,BlueStacksServices.exe,36.54,59.75,59.75,36.54,29
2026-09-16 23:32:38,26844,AdskAccessUIHost.exe,15.36,50.38,50.38,15.36,23
2026-09-16 23:32:38,27008,svchost.exe,12.48,3.43,,12.48,4
2026-09-16 23:32:38,27328,EpicOnlineServicesUserHelper.exe,14.88,59.93,59.93,14.88,11
2026-09-16 23:32:38,27392,ctfmon.exe,25.48,6.22,,25.48,14
2026-09-16 23:32:38,27432,chrome.exe,57.36,38.63,38.63,57.36,24
2026-09-16 23:32:38,27440,OpenConsole.exe,11.61,2.27,2.27,11.61,5
2026-09-16 23:32:38,27464,Code.exe,35.75,125.85,125.85,35.75,23
2026-09-16 23:32:38,27560,LockApp.exe,40.86,46.33,46.33,40.86,18
2026-09-16 23:32:38,27604,fontdrvhost.exe,7.69,3.7,,7.69,5
2026-09-16 23:32:39,27656,SearchProtocolHost.exe,17.26,9.45,,17.26,7
2026-09-16 23:32:39,27708,NVIDIA Overlay.exe,22.06,11.54,11.54,22.06,20
2026-09-16 23:32:39,27764,OpenConsole.exe,10.86,2.25,2.25,10.86,4
2026-09-16 23:32:39,27848,SearchFilterHost.exe,11.91,2.34,,11.91,2
2026-09-16 23:32:39,28084,nvsphelper64.exe,15.5,3.43,,15.5,6
2026-09-16 23:32:39,28256,AsMonitorControl.exe,1.49,1.24,,1.49,2
2026-09-16 23:32:39,28396,SearchFilterHost.exe,14.42,3.64,,14.42,6
2026-09-16 23:32:39,28908,brave.exe,47.05,64.16,64.16,47.05,21
2026-09-16 23:32:39,28968,svchost.exe,12.84,2.32,,12.84,3
2026-09-16 23:32:39,29264,BlueStacksServices.exe,16.96,13.3,13.3,16.96,9
2026-09-16 23:32:39,29308,explorer.exe,301.46,353.09,353.09,301.46,84
2026-09-16 23:32:39,29312,browserhost.exe,19.29,7.01,7.01,19.29,38
2026-09-16 23:32:39,29428,PSExpressBroker.exe,50.74,26.27,26.27,50.74,31
2026-09-16 23:32:39,29440,ArmouryCrate.exe,2.21,52.72,52.72,2.21,12
2026-09-16 23:32:39,29496,EOSOverlayRenderer-Win64-Shipping.exe,61.97,52.82,52.82,61.97,26
2026-09-16 23:32:39,29972,PhoneExperienceHost.exe,173.22,74.63,74.63,173.22,15
2026-09-16 23:32:39,30104,backgroundTaskHost.exe,60.3,24.33,24.33,60.3,6
2026-09-16 23:32:39,30132,SearchFilterHost.exe,13.34,3.79,,13.34,4
2026-09-16 23:32:39,30140,brave.exe,19.17,8.93,8.93,19.17,10
2026-09-16 23:32:39,30300,chrome.exe,39.68,60.19,60.19,39.68,14
2026-09-16 23:32:39,31284,brave.exe,227.35,304.79,304.79,227.35,49
2026-09-16 23:32:39,31432,brave.exe,20.13,10.1,10.1,20.13,11
2026-09-16 23:32:39,31500,brave.exe,8.86,2.38,2.38,8.86,7
2026-09-16 23:32:39,31520,brave.exe,50.68,19.45,19.45,50.68,19
2026-09-16 23:32:42,0,System Idle Process,0.01,0.06,,0.01,36
2026-09-16 23:32:42,4,System,4.34,0.05,,4.34,436
2026-09-16 23:32:42,188,,63.28,0.17,,63.28,0
2026-09-16 23:32:42,232,Registry,48.49,9.12,,48.49,4
2026-09-16 23:32:42,396,ArmouryCrate.UserSessionHelper.exe,37.71,35.93,,37.71,138
2026-09-16 23:32:42,704,GameInputSvc.exe,15.89,3.83,,15.89,7
2026-09-16 23:32:42,796,svchost.exe,26.9,10.37,,26.9,13
2026-09-16 23:32:42,828,smss.exe,1.32,1.14,,1.32,2
2026-09-16 23:32:42,1004,svchost.exe,9.06,7.41,,9.06,2
2026-09-16 23:32:42,1220,csrss.exe,7.08,2.43,,7.08,13
2026-09-16 23:32:42,1324,svchost.exe,12.12,4.08,,12.12,11
2026-09-16 23:32:42,1340,wininit.exe,9.4,1.81,,9.4,2
2026-09-16 23:32:42,1400,GameInputRedistService.exe,12.75,21.15,,12.75,10
2026-09-16 23:32:42,1408,services.exe,18.98,7.57,,18.98,10
2026-09-16 23:32:42,1428,LsaIso.exe,3.92,1.3,,3.92,1
2026-09-16 23:32:42,1436,lsass.exe,22.43,13.65,,22.43,11
2026-09-16 23:32:42,1448,FileCoAuth.exe,20.61,11.64,11.64,20.61,6
2026-09-16 23:32:42,1576,svchost.exe,39.01,17.97,,39.01,25
2026-09-16 23:32:42,1596,WUDFHost.exe,21.58,13.37,,21.58,20
2026-09-16 23:32:42,1628,fontdrvhost.exe,5.46,3.57,,5.46,5
2026-09-16 23:32:42,1704,svchost.exe,23.45,13.84,,23.45,12
2026-09-16 23:32:42,1760,svchost.exe,12.04,3.68,,12.04,6
2026-09-16 23:32:42,1768,dllhost.exe,20.9,2.78,2.78,20.9,4
2026-09-16 23:32:42,1812,WUDFHost.exe,14.35,4.5,,14.35,11
2026-09-16 23:32:42,1904,Adobe Crash Processor.exe,11.88,2.22,2.22,11.88,4
2026-09-16 23:32:42,2032,svchost.exe,6.76,1.41,,6.76,3
2026-09-16 23:32:42,2040,svchost.exe,6.56,2.39,,6.56,4
2026-09-16 23:32:42,2060,svchost.exe,10.21,2.86,,10.21,7
2026-09-16 23:32:42,2108,AsusCertService.exe,7.46,1.44,,7.46,4
2026-09-16 23:32:42,2156,svchost.exe,13.45,3.32,,13.45,6
2026-09-16 23:32:42,2176,svchost.exe,14.66,2.37,,14.66,3
2026-09-16 23:32:42,2300,svchost.exe,9.74,2.11,,9.74,3
2026-09-16 23:32:42,2308,IntelCpHDCPSvc.exe,7.03,1.44,,7.03,3
2026-09-16 23:32:42,2320,svchost.exe,11.62,3.19,,11.62,9
2026-09-16 23:32:42,2412,svchost.exe,22.34,8.94,,22.34,18
2026-09-16 23:32:42,2460,Code.exe,96.35,98.21,98.21,96.35,71
2026-09-16 23:32:42,2492,svchost.exe,13.6,3.17,,13.6,8
2026-09-16 23:32:42,2560,AsusOSD.exe,19.57,4.61,,19.57,3
2026-09-16 23:32:42,2580,SystemSettings.exe,130.45,140.15,140.15,130.45,45
2026-09-16 23:32:42,2624,Code.exe,47.89,105.54,105.54,47.89,31
2026-09-16 23:32:42,2680,svchost.exe,7.57,1.84,,7.57,3
2026-09-16 23:32:42,2964,svchost.exe,16.73,6.83,,16.73,8
2026-09-16 23:32:42,3004,NVDisplay.Container.exe,22.91,32.51,,22.91,39
2026-09-16 23:32:42,3040,python.exe,4.56,0.72,0.72,4.56,1
2026-09-16 23:32:42,3060,svchost.exe,7.23,1.47,,7.23,4
2026-09-16 23:32:42,3068,svchost.exe,19.99,17.47,,19.99,8
2026-09-16 23:32:42,3076,svchost.exe,10.07,2.1,,10.07,5
2026-09-16 23:32:42,3080,svchost.exe,8.71,3.7,,8.71,5
2026-09-16 23:32:42,3092,svchost.exe,13.47,2.57,,13.47,3
2026-09-16 23:32:42,3260,MemCompression,224.45,4.0,,224.45,58
2026-09-16 23:32:42,3316,svchost.exe,12.66,2.52,,12.66,3
2026-09-16 23:32:42,3324,svchost.exe,23.21,4.02,,23.21,8
2026-09-16 23:32:42,3340,brave.exe,66.18,28.32,28.32,66.18,21
2026-09-16 23:32:42,3420,svchost.exe,12.53,4.07,,12.53,3
2026-09-16 23:32:42,3428,svchost.exe,11.33,2.52,,11.33,7
2026-09-16 23:32:42,3444,svchost.exe,27.98,10.68,,27.98,8
2026-09-16 23:32:42,3476,WUDFHost.exe,11.54,2.9,,11.54,5
2026-09-16 23:32:42,3604,svchost.exe,24.11,5.44,,24.11,6
2026-09-16 23:32:42,3612,brave.exe,85.28,56.8,56.8,85.28,23
2026-09-16 23:32:42,3652,svchost.exe,10.66,2.0,,10.66,5
2026-09-16 23:32:42,3716,svchost.exe,8.74,1.66,,8.74,2
2026-09-16 23:32:42,3740,svchost.exe,8.31,1.96,,8.31,4
2026-09-16 23:32:42,3848,svchost.exe,26.82,25.65,,26.82,5
2026-09-16 23:32:42,3864,chrome.exe,378.09,352.99,352.99,378.09,30
2026-09-16 23:32:42,3872,svchost.exe,23.89,7.41,,23.89,15
2026-09-16 23:32:42,3904,AsusOptimization.exe,11.83,2.46,,11.83,10
2026-09-16 23:32:42,3912,svchost.exe,12.91,4.12,,12.91,6
2026-09-16 23:32:42,3996,VBoxSVC.exe,21.75,9.52,9.52,21.75,17
2026-09-16 23:32:42,4116,svchost.exe,9.13,2.11,,9.13,7
2026-09-16 23:32:42,4128,GlideXNearService.exe,13.91,3.94,,13.91,11
2026-09-16 23:32:42,4160,spoolsv.exe,13.07,8.84,,13.07,8
2026-09-16 23:32:42,4212,svchost.exe,23.65,14.64,,23.65,16
2026-09-16 23:32:42,4252,GameSDK.exe,8.35,1.84,,8.35,3
2026-09-16 23:32:42,4264,svchost.exe,23.91,12.49,,23.91,18
2026-09-16 23:32:42,4300,svchost.exe,17.62,3.97,,17.62,11
2026-09-16 23:32:43,4320,svchost.exe,9.5,1.93,,9.5,4
2026-09-16 23:32:43,4488,ArmouryCrateControlInterface.exe,11.86,2.46,,11.86,3
2026-09-16 23:32:43,4496,ArmouryCrate.Service.exe,34.68,62.64,,34.68,120
2026-09-16 23:32:43,4524,AdskLicensingService.exe,17.24,20.67,,17.24,13
2026-09-16 23:32:43,4532,AsusAppService.exe,7.84,5.72,,7.84,4
2026-09-16 23:32:43,4540,AsMsControl.exe,7.66,1.76,,7.66,1
2026-09-16 23:32:43,4636,AsusScreenXpertHostService.exe,4.93,5.27,,4.93,4
2026-09-16 23:32:43,4652,msedgewebview2.exe,13.14,8.62,8.62,13.14,10
2026-09-16 23:32:43,4656,AsusPTPService.exe,6.79,1.55,,6.79,4
2026-09-16 23:32:43,4668,AsusSoftwareManager.exe,21.12,4.55,,21.12,12
2026-09-16 23:32:43,4680,AsusSwitch.exe,9.41,2.1,,9.41,7
2026-09-16 23:32:43,4720,AggregatorHost.exe,12.73,2.95,,12.73,1
2026-09-16 23:32:43,4724,AsusSystemAnalysis.exe,19.05,5.39,,19.05,7
2026-09-16 23:32:43,4744,AsusSystemDiagnosis.exe,12.21,2.65,,12.21,2
2026-09-16 23:32:43,4752,AuraWallpaperService.exe,8.93,22.05,,8.93,8
2026-09-16 23:32:43,4808,GlideXRemoteService.exe,12.73,3.68,,12.73,5
2026-09-16 23:32:43,4832,svchost.exe,10.12,2.01,,10.12,5
2026-09-16 23:32:43,4848,AdskAccessServiceHost.exe,12.76,14.12,,12.76,8
2026-09-16 23:32:43,4864,svchost.exe,36.49,32.57,,36.49,12
2026-09-16 23:32:43,4900,DAX3API.exe,13.19,7.76,,13.19,10
2026-09-16 23:32:43,4916,svchost.exe,41.89,45.71,,41.89,18
2026-09-16 23:32:43,4936,ipfsvc.exe,6.76,1.68,,6.76,8
2026-09-16 23:32:43,4952,FNPLicensingService64.exe,10.47,3.31,,10.47,10
2026-09-16 23:32:43,5100,WMIRegistrationService.exe,15.2,3.18,,15.2,2
2026-09-16 23:32:43,5188,svchost.exe,27.2,19.89,,27.2,13
2026-09-16 23:32:43,5192,GlideXServiceExt.exe,6.81,3.31,,6.81,4
2026-09-16 23:32:43,5236,GlideXService.exe,18.82,6.01,,18.82,17
2026-09-16 23:32:43,5260,OneApp.IGCC.WinService.exe,12.55,32.53,,12.55,6
2026-09-16 23:32:43,5316,IntelAudioService.exe,12.43,39.45,,12.43,5
2026-09-16 23:32:43,5376,ipf_uf.exe,7.92,2.15,,7.92,5
2026-09-16 23:32:43,5452,jhi_service.exe,7.95,1.39,,7.95,2
2026-09-16 23:32:43,5472,svchost.exe,14.08,3.2,,14.08,6
2026-09-16 23:32:43,5612,MpDefenderCoreService.exe,23.79,12.61,,23.79,9
2026-09-16 23:32:43,5768,nvcontainer.exe,17.58,14.84,,17.58,27
2026-09-16 23:32:43,5840,RtkAudUService64.exe,13.22,26.66,,13.22,7
2026-09-16 23:32:43,5924,WmiPrvSE.exe,23.86,22.45,,23.86,5
2026-09-16 23:32:43,5956,ROGLiveService.exe,11.23,13.11,,11.23,36
2026-09-16 23:32:43,5968,RstMwService.exe,9.59,2.37,,9.59,9
2026-09-16 23:32:43,5976,RtkAudUService64.exe,11.31,31.35,,11.31,69
2026-09-16 23:32:43,5992,svchost.exe,10.18,1.87,,10.18,6
2026-09-16 23:32:43,6028,RtkBtManServ.exe,9.28,1.93,,9.28,3
2026-09-16 23:32:43,6036,svchost.exe,11.51,2.51,,11.51,6
2026-09-16 23:32:43,6116,ShellHost.exe,65.98,36.68,36.68,65.98,6
2026-09-16 23:32:43,6128,MsMpEng.exe,279.78,476.66,,279.78,56
2026-09-16 23:32:43,6152,svchost.exe,21.16,5.86,,21.16,8
2026-09-16 23:32:43,6172,Widgets.exe,36.2,10.21,10.21,36.2,9
2026-09-16 23:32:43,6180,WmiPrvSE.exe,41.36,29.45,,41.36,9
2026-09-16 23:32:43,6192,svchost.exe,6.97,1.51,,6.97,4
2026-09-16 23:32:43,6424,Code.exe,38.53,13.32,13.32,38.53,21
2026-09-16 23:32:43,6560,taskhostw.exe,28.24,7.96,,28.24,6
2026-09-16 23:32:43,6884,BraveCrashHandler.exe,2.46,1.79,,2.46,3
2026-09-16 23:32:43,6952,rlm.foundry.exe,10.14,3.91,,10.14,4
2026-09-16 23:32:43,7136,chrome.exe,21.96,9.12,9.12,21.96,12
2026-09-16 23:32:43,7224,python.exe,18.82,10.79,10.79,18.82,3
2026-09-16 23:32:43,7328,svchost.exe,11.59,2.62,,11.59,3
2026-09-16 23:32:43,7492,unsecapp.exe,10.14,1.81,,10.14,3
2026-09-16 23:32:43,7512,chrome.exe,157.66,260.7,260.7,157.66,25
2026-09-16 23:32:43,7764,ShellExperienceHost.exe,43.46,46.06,46.06,43.46,18
2026-09-16 23:32:43,7768,EOSOverlayRenderer-Win64-Shipping.exe,25.28,11.71,11.71,25.28,20
2026-09-16 23:32:43,8064,SearchIndexer.exe,64.27,293.84,,64.27,14
2026-09-16 23:32:43,8076,svchost.exe,14.82,1.88,1.88,14.82,4
2026-09-16 23:32:43,8080,brave.exe,343.04,309.06,309.06,343.04,25
2026-09-16 23:32:43,8088,svchost.exe,12.59,7.24,,12.59,6
2026-09-16 23:32:43,8276,uihost.exe,28.27,13.21,13.21,28.27,66
2026-09-16 23:32:43,8448,conhost.exe,7.12,1.24,,7.12,3
2026-09-16 23:32:43,8468,rlm.foundry.exe,10.2,3.72,,10.2,1
2026-09-16 23:32:43,8516,svchost.exe,15.11,3.84,,15.11,9
2026-09-16 23:32:43,8700,NVIDIA Overlay.exe,20.45,120.48,120.48,20.45,17
2026-09-16 23:32:43,8748,svchost.exe,19.91,5.91,,19.91,14
2026-09-16 23:32:43,9144,dllhost.exe,23.94,3.37,3.37,23.94,3
2026-09-16 23:32:43,9212,EOSOverlayRenderer-Win64-Shipping.exe,48.54,32.72,32.72,48.54,40
2026-09-16 23:32:43,9344,svchost.exe,5.51,1.07,,5.51,2
2026-09-16 23:32:43,9364,gamingservicesnet.exe,11.68,12.57,,11.68,39
2026-09-16 23:32:43,9592,NVIDIA Overlay.exe,46.39,138.65,138.65,46.39,86
2026-09-16 23:32:43,9604,mscopilot.exe,17.89,7.86,7.86,17.89,11
2026-09-16 23:32:43,9616,RuntimeBroker.exe,30.11,4.31,4.31,30.11,3
2026-09-16 23:32:43,9644,conhost.exe,10.61,1.66,1.66,10.61,3
2026-09-16 23:32:43,9664,svchost.exe,22.84,5.64,,22.84,7
2026-09-16 23:32:43,9712,svchost.exe,11.12,2.73,,11.12,9
2026-09-16 23:32:43,9972,svchost.exe,27.75,6.37,,27.75,6
2026-09-16 23:32:43,10068,msedgewebview2.exe,68.54,41.75,41.75,68.54,49
2026-09-16 23:32:43,10092,gamingservices.exe,24.51,9.04,,24.51,20
2026-09-16 23:32:43,10220,svchost.exe,9.12,1.93,,9.12,2
2026-09-16 23:32:43,10244,powershell.exe,44.46,70.5,70.5,44.46,9
2026-09-16 23:32:43,10312,svchost.exe,25.62,11.26,,25.62,13
2026-09-16 23:32:43,10556,svchost.exe,10.96,2.02,,10.96,6
2026-09-16 23:32:43,10592,svchost.exe,16.64,2.9,,16.64,3
2026-09-16 23:32:43,10668,svchost.exe,13.2,2.86,,13.2,5
2026-09-16 23:32:43,10672,brave.exe,77.21,49.82,49.82,77.21,22
2026-09-16 23:32:43,10684,OneDrive.exe,112.25,456.92,456.92,112.25,33
2026-09-16 23:32:43,10744,GameInputSvc.exe,7.04,1.4,,7.04,3
2026-09-16 23:32:43,10788,nvcontainer.exe,26.89,20.45,,26.89,19
2026-09-16 23:32:43,10904,asus_framework.exe,1.62,25.44,25.44,1.62,23
2026-09-16 23:32:43,10956,EpicOnlineServicesUserHelper.exe,56.06,77.2,77.2,56.06,13
2026-09-16 23:32:43,11056,BraveCrashHandler64.exe,2.24,1.77,,2.24,3
2026-09-16 23:32:43,11104,svchost.exe,22.71,11.45,,22.71,12
2026-09-16 23:32:43,11168,svchost.exe,16.12,3.18,,16.12,2
2026-09-16 23:32:43,11248,NgcIso.exe,4.5,1.38,,4.5,3
2026-09-16 23:32:43,11292,svchost.exe,25.7,6.71,,25.7,11
2026-09-16 23:32:43,11516,EOSOverlayRenderer-Win64-Shipping.exe,18.27,64.19,64.19,18.27,37
2026-09-16 23:32:43,11784,NisSrv.exe,13.02,4.39,,13.02,4
2026-09-16 23:32:44,11900,chrome.exe,172.57,126.27,126.27,172.57,48
2026-09-16 23:32:44,11952,SDXHelper.exe,16.25,20.0,20.0,16.25,13
2026-09-16 23:32:44,12096,audiodg.exe,40.45,130.82,,40.45,22
2026-09-16 23:32:44,12452,Code.exe,42.02,69.04,69.04,42.02,26
2026-09-16 23:32:44,12536,EOSOverlayRenderer-Win64-Shipping.exe,14.47,8.8,8.8,14.47,11
2026-09-16 23:32:44,12968,MoNotificationUx.exe,13.21,2.2,2.2,13.21,1
2026-09-16 23:32:44,13136,GameInputRedistService.exe,15.21,2.18,2.18,15.21,2
2026-09-16 23:32:44,13252,mscopilot_proxy.exe,20.14,3.04,3.04,20.14,2
2026-09-16 23:32:44,13292,LightingService.exe,25.67,12.21,,25.67,10
2026-09-16 23:32:44,13308,brave.exe,104.54,74.73,74.73,104.54,22
2026-09-16 23:32:44,13520,mscopilot.exe,13.07,2.8,2.8,13.07,8
2026-09-16 23:32:44,13828,VirtualBoxVM.exe,4003.0,4372.1,4372.1,4003.0,37
2026-09-16 23:32:44,13860,AdskAccessCore.exe,27.57,54.02,54.02,27.57,18
2026-09-16 23:32:44,14036,DefenderSessionHelper.exe,6.56,1.2,1.2,6.56,2
2026-09-16 23:32:44,14068,winlogon.exe,16.54,2.75,,16.54,4
2026-09-16 23:32:44,14164,nvcontainer.exe,37.91,36.25,36.25,37.91,56
2026-09-16 23:32:44,14308,conhost.exe,10.18,1.74,1.74,10.18,3
2026-09-16 23:32:44,14368,ApplicationFrameHost.exe,73.54,59.09,59.09,73.54,6
2026-09-16 23:32:44,14424,UserOOBEBroker.exe,12.17,2.02,2.02,12.17,3
2026-09-16 23:32:44,14432,WidgetService.exe,11.45,4.85,4.85,11.45,5
2026-09-16 23:32:44,14448,svchost.exe,24.49,8.05,,24.49,12
2026-09-16 23:32:44,14456,powershell.exe,73.68,68.17,68.17,73.68,12
2026-09-16 23:32:44,14552,svchost.exe,33.86,24.9,,33.86,28
2026-09-16 23:32:44,14712,svchost.exe,19.54,4.12,,19.54,5
2026-09-16 23:32:44,14772,svchost.exe,8.94,1.8,,8.94,1
2026-09-16 23:32:44,14880,svchost.exe,10.8,2.41,2.41,10.8,2
2026-09-16 23:32:44,14892,conhost.exe,7.38,1.21,,7.38,2
2026-09-16 23:32:44,14900,svchost.exe,29.79,11.37,11.37,29.79,10
2026-09-16 23:32:44,15096,chrome.exe,19.55,10.2,10.2,19.55,13
2026-09-16 23:32:44,15148,AdskAccessUIHost.exe,18.77,14.55,14.55,18.77,17
2026-09-16 23:32:44,15248,Code.exe,287.9,326.77,326.77,287.9,26
2026-09-16 23:32:44,15540,VBoxSDS.exe,17.32,4.76,,17.32,5
2026-09-16 23:32:44,15572,Code.exe,318.01,404.35,404.35,318.01,11
2026-09-16 23:32:44,15624,svchost.exe,16.31,4.2,,16.31,2
2026-09-16 23:32:44,15744,mscopilot.exe,119.45,40.14,40.14,119.45,56
2026-09-16 23:32:44,15848,pet.exe,8.79,4.09,4.09,8.79,13
2026-09-16 23:32:44,15928,svchost.exe,15.98,3.84,,15.98,12
2026-09-16 23:32:44,15952,NVIDIA Overlay.exe,26.57,48.48,48.48,26.57,26
2026-09-16 23:32:44,16080,msedgewebview2.exe,116.71,118.87,118.87,116.71,25
2026-09-16 23:32:44,16276,Code.exe,26.29,177.0,177.0,26.29,51
2026-09-16 23:32:44,16284,EpicWebHelper.exe,22.29,62.33,62.33,22.29,12
2026-09-16 23:32:44,16320,ASUSSmartDisplayControl.exe,3.02,2.33,,3.02,3
2026-09-16 23:32:44,16336,CrossDeviceResume.exe,20.54,38.64,38.64,20.54,7
2026-09-16 23:32:44,16652,VirtualBox.exe,31.62,90.54,90.54,31.62,12
2026-09-16 23:32:44,16700,mscopilot.exe,39.07,11.89,11.89,39.07,22
2026-09-16 23:32:44,16900,chrome.exe,50.91,20.39,20.39,50.91,22
2026-09-16 23:32:44,16944,dllhost.exe,12.33,2.61,2.61,12.33,2
2026-09-16 23:32:44,17000,mscopilot.exe,40.36,60.48,60.48,40.36,16
2026-09-16 23:32:44,17004,Code.exe,148.36,224.46,224.46,148.36,25
2026-09-16 23:32:44,17076,svchost.exe,18.83,3.54,3.54,18.83,3
2026-09-16 23:32:44,17308,SecurityHealthSystray.exe,12.42,1.87,1.87,12.42,1
2026-09-16 23:32:44,17328,brave.exe,218.82,105.71,105.71,218.82,45
2026-09-16 23:32:44,17364,svchost.exe,7.68,1.57,,7.68,5
2026-09-16 23:32:44,17504,chrome.exe,152.16,238.16,238.16,152.16,24
2026-09-16 23:32:44,17572,RuntimeBroker.exe,20.47,3.54,3.54,20.47,4
2026-09-16 23:32:44,17720,conhost.exe,7.63,1.16,1.16,7.63,2
2026-09-16 23:32:44,17728,svchost.exe,30.77,10.57,10.57,30.77,4
2026-09-16 23:32:44,17792,svchost.exe,7.55,1.36,1.36,7.55,4
2026-09-16 23:32:44,18216,NVIDIA Overlay.exe,13.91,9.14,9.14,13.91,10
2026-09-16 23:32:44,18400,SecurityHealthService.exe,14.8,8.37,,14.8,9
2026-09-16 23:32:44,18436,Code.exe,131.73,163.98,163.98,131.73,19
2026-09-16 23:32:44,18560,csrss.exe,8.67,3.64,,8.67,22
2026-09-16 23:32:44,18588,svchost.exe,7.41,1.67,,7.41,5
2026-09-16 23:32:44,18620,SearchFilterHost.exe,11.77,2.25,,11.77,4
2026-09-16 23:32:44,18724,svchost.exe,9.88,2.19,,9.88,6
2026-09-16 23:32:44,18908,svchost.exe,20.17,4.65,4.65,20.17,4
2026-09-16 23:32:44,19348,FileSyncHelper.exe,21.22,7.23,,21.22,4
2026-09-16 23:32:44,19396,svchost.exe,8.51,1.55,,8.51,2
2026-09-16 23:32:44,19528,svchost.exe,28.12,5.89,,28.12,5
2026-09-16 23:32:44,19584,dllhost.exe,22.56,3.18,3.18,22.56,3
2026-09-16 23:32:44,19604,Code.exe,42.32,87.57,87.57,42.32,24
2026-09-16 23:32:44,20004,AsHotplugCtrl.exe,1.25,1.31,,1.25,1
2026-09-16 23:32:44,20052,SearchFilterHost.exe,25.9,31.35,,25.9,3
2026-09-16 23:32:44,20152,AsusOptimizationStartupTask.exe,9.49,3.34,3.34,9.49,7
2026-09-16 23:32:44,20296,AsusSoftwareManagerAgent.exe,28.71,40.04,,28.71,8
2026-09-16 23:32:44,20520,AcPowerNotification.exe,18.25,56.29,,18.25,18
2026-09-16 23:32:44,20780,taskhostw.exe,21.68,6.48,6.48,21.68,9
2026-09-16 23:32:44,20800,msedgewebview2.exe,60.33,83.38,83.38,60.33,19
2026-09-16 23:32:44,20928,BlueStacksServices.exe,18.68,57.81,57.81,18.68,25
2026-09-16 23:32:44,21224,RuntimeBroker.exe,34.51,10.32,10.32,34.51,42
2026-09-16 23:32:44,21412,ipf_helper.exe,11.6,1.99,1.99,11.6,4
2026-09-16 23:32:44,21584,dwm.exe,96.09,240.31,,96.09,19
2026-09-16 23:32:44,21592,Code.exe,15.27,9.7,9.7,15.27,7
2026-09-16 23:32:44,21704,asus_framework.exe,17.88,78.31,,17.88,41
2026-09-16 23:32:44,21752,chrome.exe,62.4,43.45,43.45,62.4,25
2026-09-16 23:32:44,21756,EpicGamesLauncher.exe,57.02,289.34,289.34,57.02,91
2026-09-16 23:32:44,21788,BlueStacksServices.exe,11.61,20.77,20.77,11.61,15
2026-09-16 23:32:44,21892,EpicWebHelper.exe,22.97,29.5,29.5,22.97,8
2026-09-16 23:32:44,22072,StartMenuExperienceHost.exe,112.75,107.68,107.68,112.75,16
2026-09-16 23:32:44,22144,svchost.exe,23.61,4.7,4.7,23.61,7
2026-09-16 23:32:44,22200,asus_framework.exe,4.54,15.2,,4.54,14
2026-09-16 23:32:44,22424,svchost.exe,20.53,4.55,,20.53,9
2026-09-16 23:32:44,22608,RuntimeBroker.exe,21.29,6.06,6.06,21.29,3
2026-09-16 23:32:44,22628,brave.exe,244.61,178.82,178.82,244.61,22
2026-09-16 23:32:44,22648,AppActions.exe,14.79,12.0,12.0,14.79,7
2026-09-16 23:32:44,22656,nvcontainer.exe,11.24,11.07,11.07,11.24,17
2026-09-16 23:32:44,22788,servicehost.exe,38.52,36.4,,38.52,96
2026-09-16 23:32:44,22812,msedgewebview2.exe,12.34,2.89,2.89,12.34,8
2026-09-16 23:32:44,22924,RuntimeBroker.exe,13.8,2.43,2.43,13.8,3
2026-09-16 23:32:44,23148,CrossDeviceService.exe,33.32,20.69,20.69,33.32,13
2026-09-16 23:32:44,23248,svchost.exe,11.61,3.09,,11.61,6
2026-09-16 23:32:44,23324,sihost.exe,33.97,7.88,7.88,33.97,13
2026-09-16 23:32:44,23504,svchost.exe,7.21,1.5,,7.21,5
2026-09-16 23:32:44,23648,AdskAccessUIHost.exe,29.44,82.74,82.74,29.44,47
2026-09-16 23:32:44,23724,powershell.exe,47.88,70.55,70.55,47.88,9
2026-09-16 23:32:44,23828,RtkAudUService64.exe,13.72,30.01,30.01,13.72,12
2026-09-16 23:32:44,23872,chrome.exe,150.74,343.04,343.04,150.74,28
2026-09-16 23:32:44,24032,ArmourySocketServer.exe,0.95,4.91,,0.95,17
2026-09-16 23:32:44,24404,OfficeClickToRun.exe,22.32,36.93,,22.32,19
2026-09-16 23:32:44,24540,AdskIdentityManager.exe,17.23,8.97,8.97,17.23,22
2026-09-16 23:32:44,24604,AsusScreenXpertUI.exe,16.66,3.25,,16.66,3
2026-09-16 23:32:44,24648,dllhost.exe,16.41,2.16,2.16,16.41,3
2026-09-16 23:32:44,24688,ArmouryHtmlDebugServer.exe,1.05,1.31,,1.05,2
2026-09-16 23:32:44,24772,VirtualBoxVM.exe,5.63,3.07,3.07,5.63,1
2026-09-16 23:32:44,24904,AdskAccessUIHost.exe,20.49,63.66,63.66,20.49,14
2026-09-16 23:32:44,24980,NVDisplay.Container.exe,28.93,35.52,,28.93,28
2026-09-16 23:32:44,25160,OpenConsole.exe,11.3,2.23,2.23,11.3,4
2026-09-16 23:32:44,25244,cmd.exe,7.56,3.34,3.34,7.56,1
2026-09-16 23:32:44,25436,VirtualBoxVM.exe,9.34,2.29,2.29,9.34,1
2026-09-16 23:32:44,25476,msedgewebview2.exe,30.59,13.67,13.67,30.59,20
2026-09-16 23:32:44,25656,PSExpressCore.exe,69.15,90.32,90.32,69.15,26
2026-09-16 23:32:44,25788,brave.exe,112.2,59.98,59.98,112.2,22
2026-09-16 23:32:44,25880,SearchHost.exe,93.23,78.23,78.23,93.23,11
2026-09-16 23:32:44,25908,SearchFilterHost.exe,13.43,2.53,,13.43,5
2026-09-16 23:32:45,26072,RuntimeBroker.exe,50.97,15.82,15.82,50.97,15
2026-09-16 23:32:45,26128,svchost.exe,6.18,2.29,,6.18,3
2026-09-16 23:32:45,26444,chrome.exe,10.23,2.51,2.51,10.23,7
2026-09-16 23:32:45,26724,BlueStacksServices.exe,36.6,59.75,59.75,36.6,29
2026-09-16 23:32:45,26844,AdskAccessUIHost.exe,15.36,50.38,50.38,15.36,23
2026-09-16 23:32:45,27008,svchost.exe,12.48,3.43,,12.48,4
2026-09-16 23:32:45,27328,EpicOnlineServicesUserHelper.exe,14.88,59.93,59.93,14.88,11
2026-09-16 23:32:45,27392,ctfmon.exe,25.48,6.22,,25.48,14
2026-09-16 23:32:45,27432,chrome.exe,57.36,38.63,38.63,57.36,24
2026-09-16 23:32:45,27440,OpenConsole.exe,11.6,2.25,2.25,11.6,4
2026-09-16 23:32:45,27464,Code.exe,35.7,125.77,125.77,35.7,23
2026-09-16 23:32:45,27560,LockApp.exe,40.86,46.33,46.33,40.86,18
2026-09-16 23:32:45,27604,fontdrvhost.exe,7.69,3.7,,7.69,5
2026-09-16 23:32:45,27656,SearchProtocolHost.exe,17.23,9.45,,17.23,7
2026-09-16 23:32:45,27708,NVIDIA Overlay.exe,22.01,11.48,11.48,22.01,20
2026-09-16 23:32:45,27764,OpenConsole.exe,10.86,2.25,2.25,10.86,4
2026-09-16 23:32:45,27848,SearchFilterHost.exe,11.91,2.34,,11.91,2
2026-09-16 23:32:45,28084,nvsphelper64.exe,15.5,3.43,,15.5,6
2026-09-16 23:32:45,28256,AsMonitorControl.exe,1.49,1.24,,1.49,2
2026-09-16 23:32:45,28396,SearchFilterHost.exe,14.42,3.64,,14.42,6
2026-09-16 23:32:45,28908,brave.exe,47.05,64.16,64.16,47.05,21
2026-09-16 23:32:45,28968,svchost.exe,12.84,2.32,,12.84,3
2026-09-16 23:32:45,29264,BlueStacksServices.exe,16.96,13.3,13.3,16.96,9
2026-09-16 23:32:45,29308,explorer.exe,294.83,346.57,346.57,294.83,84
2026-09-16 23:32:45,29312,browserhost.exe,19.29,7.01,7.01,19.29,38
2026-09-16 23:32:45,29428,PSExpressBroker.exe,50.73,26.27,26.27,50.73,33
2026-09-16 23:32:45,29440,ArmouryCrate.exe,2.21,52.72,52.72,2.21,12
2026-09-16 23:32:45,29496,EOSOverlayRenderer-Win64-Shipping.exe,59.22,49.97,49.97,59.22,26
2026-09-16 23:32:45,29972,PhoneExperienceHost.exe,173.52,74.94,74.94,173.52,18
2026-09-16 23:32:45,30104,backgroundTaskHost.exe,60.3,24.33,24.33,60.3,6
2026-09-16 23:32:45,30132,SearchFilterHost.exe,13.34,3.79,,13.34,4
2026-09-16 23:32:45,30140,brave.exe,19.17,8.93,8.93,19.17,10
2026-09-16 23:32:45,30300,chrome.exe,39.68,60.19,60.19,39.68,14
2026-09-16 23:32:45,31284,brave.exe,227.35,304.79,304.79,227.35,49
2026-09-16 23:32:45,31432,brave.exe,20.13,10.1,10.1,20.13,11
2026-09-16 23:32:45,31500,brave.exe,8.86,2.38,2.38,8.86,7
2026-09-16 23:32:45,31520,brave.exe,50.61,19.39,19.39,50.61,19
2026-09-16 23:32:48,0,System Idle Process,0.01,0.06,,0.01,36
2026-09-16 23:32:48,4,System,4.34,0.05,,4.34,436
2026-09-16 23:32:48,188,,63.28,0.17,,63.28,0
2026-09-16 23:32:48,232,Registry,48.49,9.12,,48.49,4
2026-09-16 23:32:48,396,ArmouryCrate.UserSessionHelper.exe,37.79,35.93,,37.79,138
2026-09-16 23:32:48,704,GameInputSvc.exe,15.89,3.83,,15.89,7
2026-09-16 23:32:48,796,svchost.exe,26.9,10.37,,26.9,13
2026-09-16 23:32:48,828,smss.exe,1.32,1.14,,1.32,2
2026-09-16 23:32:48,1004,svchost.exe,9.05,7.41,,9.05,2
2026-09-16 23:32:48,1220,csrss.exe,7.08,2.43,,7.08,13
2026-09-16 23:32:48,1324,svchost.exe,12.12,4.08,,12.12,11
2026-09-16 23:32:48,1340,wininit.exe,9.4,1.81,,9.4,2
2026-09-16 23:32:48,1400,GameInputRedistService.exe,12.75,21.15,,12.75,10
2026-09-16 23:32:48,1408,services.exe,18.98,7.57,,18.98,10
2026-09-16 23:32:48,1428,LsaIso.exe,3.92,1.3,,3.92,1
2026-09-16 23:32:48,1436,lsass.exe,22.43,13.65,,22.43,11
2026-09-16 23:32:48,1448,FileCoAuth.exe,20.61,11.64,11.64,20.61,6
2026-09-16 23:32:48,1576,svchost.exe,39.01,17.96,,39.01,25
2026-09-16 23:32:48,1596,WUDFHost.exe,21.58,13.37,,21.58,20
2026-09-16 23:32:48,1628,fontdrvhost.exe,5.46,3.57,,5.46,5
2026-09-16 23:32:48,1704,svchost.exe,23.77,14.18,,23.77,12
2026-09-16 23:32:48,1760,svchost.exe,12.04,3.68,,12.04,6
2026-09-16 23:32:48,1768,dllhost.exe,20.9,2.78,2.78,20.9,4
2026-09-16 23:32:48,1812,WUDFHost.exe,14.35,4.5,,14.35,11
2026-09-16 23:32:48,1904,Adobe Crash Processor.exe,11.88,2.22,2.22,11.88,4
2026-09-16 23:32:48,2032,svchost.exe,6.71,1.36,,6.71,3
2026-09-16 23:32:48,2040,svchost.exe,6.56,2.39,,6.56,4
2026-09-16 23:32:48,2060,svchost.exe,10.19,2.84,,10.19,7
2026-09-16 23:32:48,2108,AsusCertService.exe,7.46,1.44,,7.46,4
2026-09-16 23:32:48,2156,svchost.exe,13.45,3.32,,13.45,6
2026-09-16 23:32:48,2176,svchost.exe,14.66,2.37,,14.66,3
2026-09-16 23:32:48,2300,svchost.exe,9.74,2.11,,9.74,3
2026-09-16 23:32:48,2308,IntelCpHDCPSvc.exe,7.03,1.44,,7.03,3
2026-09-16 23:32:48,2320,svchost.exe,11.62,3.19,,11.62,9
2026-09-16 23:32:48,2412,svchost.exe,22.24,8.84,,22.24,18
2026-09-16 23:32:48,2460,Code.exe,96.34,98.06,98.06,96.34,71
2026-09-16 23:32:48,2492,svchost.exe,13.6,3.17,,13.6,8
2026-09-16 23:32:48,2560,AsusOSD.exe,19.57,4.61,,19.57,3
2026-09-16 23:32:48,2580,SystemSettings.exe,130.45,140.15,140.15,130.45,45
2026-09-16 23:32:48,2624,Code.exe,47.73,105.39,105.39,47.73,31
2026-09-16 23:32:48,2680,svchost.exe,7.57,1.84,,7.57,3
2026-09-16 23:32:48,2964,svchost.exe,16.73,6.83,,16.73,8
2026-09-16 23:32:48,3004,NVDisplay.Container.exe,22.91,32.51,,22.91,39
2026-09-16 23:32:48,3040,python.exe,4.56,0.72,0.72,4.56,1
2026-09-16 23:32:48,3060,svchost.exe,7.23,1.47,,7.23,4
2026-09-16 23:32:48,3068,svchost.exe,19.99,17.47,,19.99,8
2026-09-16 23:32:48,3076,svchost.exe,10.07,2.1,,10.07,5
2026-09-16 23:32:48,3080,svchost.exe,8.71,3.7,,8.71,5
2026-09-16 23:32:48,3092,svchost.exe,13.47,2.57,,13.47,3
2026-09-16 23:32:48,3260,MemCompression,224.46,4.0,,224.46,58
2026-09-16 23:32:48,3316,svchost.exe,12.66,2.52,,12.66,3
2026-09-16 23:32:48,3324,svchost.exe,23.21,4.02,,23.21,8
2026-09-16 23:32:48,3340,brave.exe,66.18,28.32,28.32,66.18,21
2026-09-16 23:32:48,3420,svchost.exe,12.53,4.07,,12.53,3
2026-09-16 23:32:48,3428,svchost.exe,11.33,2.52,,11.33,7
2026-09-16 23:32:48,3444,svchost.exe,27.98,10.68,,27.98,8
2026-09-16 23:32:49,3476,WUDFHost.exe,11.54,2.9,,11.54,5
2026-09-16 23:32:49,3604,svchost.exe,24.11,5.44,,24.11,6
2026-09-16 23:32:49,3612,brave.exe,85.28,56.8,56.8,85.28,23
2026-09-16 23:32:49,3652,svchost.exe,10.66,2.01,,10.66,5
2026-09-16 23:32:49,3716,svchost.exe,8.74,1.66,,8.74,2
2026-09-16 23:32:49,3740,svchost.exe,8.31,1.96,,8.31,4
2026-09-16 23:32:49,3848,svchost.exe,26.82,25.65,,26.82,5
2026-09-16 23:32:49,3864,chrome.exe,373.38,346.39,346.39,373.38,30
2026-09-16 23:32:49,3872,svchost.exe,23.89,7.41,,23.89,15
2026-09-16 23:32:49,3904,AsusOptimization.exe,11.83,2.46,,11.83,10
2026-09-16 23:32:49,3912,svchost.exe,12.91,4.12,,12.91,6
2026-09-16 23:32:49,3996,VBoxSVC.exe,21.76,9.54,9.54,21.76,17
2026-09-16 23:32:49,4116,svchost.exe,9.13,2.11,,9.13,7
2026-09-16 23:32:49,4128,GlideXNearService.exe,13.91,3.94,,13.91,11
2026-09-16 23:32:49,4160,spoolsv.exe,13.07,8.84,,13.07,8
2026-09-16 23:32:49,4212,svchost.exe,23.65,14.64,,23.65,16
2026-09-16 23:32:49,4252,GameSDK.exe,8.35,1.84,,8.35,3
2026-09-16 23:32:49,4264,svchost.exe,24.0,12.58,,24.0,18
2026-09-16 23:32:49,4300,svchost.exe,17.61,3.97,,17.61,11
2026-09-16 23:32:49,4320,svchost.exe,9.51,1.93,,9.51,4
2026-09-16 23:32:49,4488,ArmouryCrateControlInterface.exe,11.86,2.46,,11.86,3
2026-09-16 23:32:49,4496,ArmouryCrate.Service.exe,34.68,62.64,,34.68,120
2026-09-16 23:32:49,4524,AdskLicensingService.exe,17.24,20.67,,17.24,13
2026-09-16 23:32:49,4532,AsusAppService.exe,7.84,5.72,,7.84,4
2026-09-16 23:32:49,4540,AsMsControl.exe,7.66,1.76,,7.66,1
2026-09-16 23:32:49,4636,AsusScreenXpertHostService.exe,4.93,5.27,,4.93,4
2026-09-16 23:32:49,4652,msedgewebview2.exe,13.14,8.62,8.62,13.14,10
2026-09-16 23:32:49,4656,AsusPTPService.exe,6.79,1.55,,6.79,4
2026-09-16 23:32:49,4668,AsusSoftwareManager.exe,21.12,4.55,,21.12,12
2026-09-16 23:32:49,4680,AsusSwitch.exe,9.41,2.1,,9.41,7
2026-09-16 23:32:49,4720,AggregatorHost.exe,12.73,2.95,,12.73,1
2026-09-16 23:32:49,4724,AsusSystemAnalysis.exe,19.05,5.39,,19.05,7
2026-09-16 23:32:49,4744,AsusSystemDiagnosis.exe,12.21,2.65,,12.21,2
2026-09-16 23:32:49,4752,AuraWallpaperService.exe,8.93,22.05,,8.93,8
2026-09-16 23:32:49,4808,GlideXRemoteService.exe,12.73,3.68,,12.73,5
2026-09-16 23:32:49,4832,svchost.exe,10.12,2.01,,10.12,5
2026-09-16 23:32:49,4848,AdskAccessServiceHost.exe,12.76,14.12,,12.76,8
2026-09-16 23:32:49,4864,svchost.exe,36.49,32.57,,36.49,12
2026-09-16 23:32:49,4900,DAX3API.exe,13.19,7.76,,13.19,10
2026-09-16 23:32:49,4916,svchost.exe,41.89,45.71,,41.89,18
2026-09-16 23:32:49,4936,ipfsvc.exe,6.76,1.68,,6.76,8
2026-09-16 23:32:49,4952,FNPLicensingService64.exe,10.47,3.31,,10.47,10
2026-09-16 23:32:49,5100,WMIRegistrationService.exe,15.2,3.18,,15.2,2
2026-09-16 23:32:49,5188,svchost.exe,26.53,19.21,,26.53,13
2026-09-16 23:32:49,5192,GlideXServiceExt.exe,6.81,3.31,,6.81,4
2026-09-16 23:32:49,5236,GlideXService.exe,18.82,6.01,,18.82,17
2026-09-16 23:32:49,5260,OneApp.IGCC.WinService.exe,12.54,32.48,,12.54,5
2026-09-16 23:32:49,5316,IntelAudioService.exe,12.43,39.45,,12.43,5
2026-09-16 23:32:49,5376,ipf_uf.exe,7.92,2.15,,7.92,5
2026-09-16 23:32:49,5452,jhi_service.exe,7.95,1.39,,7.95,2
2026-09-16 23:32:49,5472,svchost.exe,14.07,3.2,,14.07,6
2026-09-16 23:32:49,5612,MpDefenderCoreService.exe,23.78,12.61,,23.78,9
2026-09-16 23:32:49,5768,nvcontainer.exe,17.58,14.84,,17.58,27
2026-09-16 23:32:49,5840,RtkAudUService64.exe,13.22,26.66,,13.22,7
2026-09-16 23:32:49,5924,WmiPrvSE.exe,23.86,22.45,,23.86,5
2026-09-16 23:32:49,5956,ROGLiveService.exe,11.23,13.11,,11.23,36
2026-09-16 23:32:49,5968,RstMwService.exe,9.59,2.37,,9.59,9
2026-09-16 23:32:49,5976,RtkAudUService64.exe,11.31,31.35,,11.31,69
2026-09-16 23:32:49,5992,svchost.exe,10.18,1.87,,10.18,6
2026-09-16 23:32:49,6028,RtkBtManServ.exe,9.28,1.93,,9.28,3
2026-09-16 23:32:49,6036,svchost.exe,11.51,2.51,,11.51,6
2026-09-16 23:32:49,6116,ShellHost.exe,65.98,36.68,36.68,65.98,6
2026-09-16 23:32:49,6128,MsMpEng.exe,285.59,476.4,,285.59,56
2026-09-16 23:32:49,6152,svchost.exe,21.16,5.86,,21.16,8
2026-09-16 23:32:49,6172,Widgets.exe,36.2,10.21,10.21,36.2,9
2026-09-16 23:32:49,6180,WmiPrvSE.exe,41.32,29.45,,41.32,9
2026-09-16 23:32:49,6192,svchost.exe,6.97,1.51,,6.97,4
2026-09-16 23:32:49,6424,Code.exe,38.53,13.32,13.32,38.53,21
2026-09-16 23:32:49,6560,taskhostw.exe,28.24,7.96,,28.24,6
2026-09-16 23:32:49,6884,BraveCrashHandler.exe,2.46,1.79,,2.46,3
2026-09-16 23:32:49,6952,rlm.foundry.exe,10.14,3.91,,10.14,4
2026-09-16 23:32:49,7136,chrome.exe,21.96,9.12,9.12,21.96,12
2026-09-16 23:32:49,7224,python.exe,18.82,10.79,10.79,18.82,3
2026-09-16 23:32:49,7328,svchost.exe,11.59,2.62,,11.59,3
2026-09-16 23:32:49,7492,unsecapp.exe,10.14,1.81,,10.14,3
2026-09-16 23:32:49,7512,chrome.exe,157.66,260.7,260.7,157.66,25
2026-09-16 23:32:49,7764,ShellExperienceHost.exe,43.46,46.06,46.06,43.46,18
2026-09-16 23:32:49,7768,EOSOverlayRenderer-Win64-Shipping.exe,25.28,11.71,11.71,25.28,20
2026-09-16 23:32:49,8064,SearchIndexer.exe,64.27,293.84,,64.27,14
2026-09-16 23:32:49,8076,svchost.exe,14.82,1.88,1.88,14.82,4
2026-09-16 23:32:49,8080,brave.exe,343.04,309.06,309.06,343.04,25
2026-09-16 23:32:49,8088,svchost.exe,12.59,7.24,,12.59,6
2026-09-16 23:32:49,8276,uihost.exe,28.27,13.21,13.21,28.27,66
2026-09-16 23:32:49,8448,conhost.exe,7.12,1.24,,7.12,3
2026-09-16 23:32:49,8468,rlm.foundry.exe,10.2,3.72,,10.2,1
2026-09-16 23:32:49,8516,svchost.exe,15.11,3.84,,15.11,9
2026-09-16 23:32:49,8700,NVIDIA Overlay.exe,20.45,120.48,120.48,20.45,17
2026-09-16 23:32:49,8748,svchost.exe,19.91,5.9,,19.91,14
2026-09-16 23:32:49,9144,dllhost.exe,23.94,3.37,3.37,23.94,3
2026-09-16 23:32:49,9212,EOSOverlayRenderer-Win64-Shipping.exe,48.54,32.72,32.72,48.54,40
2026-09-16 23:32:49,9344,svchost.exe,5.51,1.07,,5.51,2
2026-09-16 23:32:49,9364,gamingservicesnet.exe,11.68,12.57,,11.68,39
2026-09-16 23:32:49,9592,NVIDIA Overlay.exe,46.39,138.65,138.65,46.39,86
2026-09-16 23:32:49,9604,mscopilot.exe,17.89,7.86,7.86,17.89,11
2026-09-16 23:32:49,9616,RuntimeBroker.exe,30.11,4.31,4.31,30.11,3
2026-09-16 23:32:49,9644,conhost.exe,10.61,1.66,1.66,10.61,3
2026-09-16 23:32:49,9664,svchost.exe,22.84,5.64,,22.84,7
2026-09-16 23:32:49,9712,svchost.exe,11.12,2.73,,11.12,9
2026-09-16 23:32:50,9972,svchost.exe,27.74,6.36,,27.74,6
2026-09-16 23:32:50,10068,msedgewebview2.exe,68.54,41.75,41.75,68.54,49
2026-09-16 23:32:50,10092,gamingservices.exe,24.51,9.04,,24.51,20
2026-09-16 23:32:50,10220,svchost.exe,9.12,1.93,,9.12,2
2026-09-16 23:32:50,10244,powershell.exe,44.46,70.5,70.5,44.46,9
2026-09-16 23:32:50,10312,svchost.exe,25.62,11.26,,25.62,13
2026-09-16 23:32:50,10556,svchost.exe,10.96,2.02,,10.96,6
2026-09-16 23:32:50,10592,svchost.exe,16.64,2.9,,16.64,3
2026-09-16 23:32:50,10668,svchost.exe,13.2,2.86,,13.2,5
2026-09-16 23:32:50,10672,brave.exe,77.21,49.82,49.82,77.21,22
2026-09-16 23:32:50,10684,OneDrive.exe,112.25,456.92,456.92,112.25,33
2026-09-16 23:32:50,10744,GameInputSvc.exe,7.04,1.4,,7.04,3
2026-09-16 23:32:50,10788,nvcontainer.exe,26.89,20.45,,26.89,19
2026-09-16 23:32:50,10904,asus_framework.exe,1.61,25.44,25.44,1.61,23
2026-09-16 23:32:50,10956,EpicOnlineServicesUserHelper.exe,56.06,77.2,77.2,56.06,13
2026-09-16 23:32:50,11056,BraveCrashHandler64.exe,2.24,1.77,,2.24,3
2026-09-16 23:32:50,11104,svchost.exe,22.71,11.44,,22.71,12
2026-09-16 23:32:50,11168,svchost.exe,16.12,3.18,,16.12,2
2026-09-16 23:32:50,11248,NgcIso.exe,4.5,1.38,,4.5,3
2026-09-16 23:32:50,11292,svchost.exe,25.7,6.71,,25.7,11
2026-09-16 23:32:50,11516,EOSOverlayRenderer-Win64-Shipping.exe,18.27,64.19,64.19,18.27,37
2026-09-16 23:32:50,11784,NisSrv.exe,13.01,4.39,,13.01,4
2026-09-16 23:32:50,11900,chrome.exe,172.57,126.28,126.28,172.57,48
2026-09-16 23:32:50,11952,SDXHelper.exe,16.25,20.0,20.0,16.25,13
2026-09-16 23:32:50,12096,audiodg.exe,40.45,130.82,,40.45,22
2026-09-16 23:32:50,12452,Code.exe,42.02,69.04,69.04,42.02,26
2026-09-16 23:32:50,12536,EOSOverlayRenderer-Win64-Shipping.exe,14.47,8.8,8.8,14.47,11
2026-09-16 23:32:50,12968,MoNotificationUx.exe,13.21,2.2,2.2,13.21,1
2026-09-16 23:32:50,13136,GameInputRedistService.exe,15.21,2.18,2.18,15.21,2
2026-09-16 23:32:50,13252,mscopilot_proxy.exe,20.13,3.02,3.02,20.13,1
2026-09-16 23:32:50,13292,LightingService.exe,25.67,12.21,,25.67,10
2026-09-16 23:32:50,13308,brave.exe,104.54,74.73,74.73,104.54,22
2026-09-16 23:32:50,13520,mscopilot.exe,13.07,2.8,2.8,13.07,8
2026-09-16 23:32:50,13828,VirtualBoxVM.exe,4003.0,4372.1,4372.1,4003.0,37
2026-09-16 23:32:50,13860,AdskAccessCore.exe,27.57,54.02,54.02,27.57,18
2026-09-16 23:32:50,14036,DefenderSessionHelper.exe,6.56,1.2,1.2,6.56,2
2026-09-16 23:32:50,14068,winlogon.exe,16.54,2.75,,16.54,4
2026-09-16 23:32:50,14164,nvcontainer.exe,37.91,36.25,36.25,37.91,56
2026-09-16 23:32:50,14308,conhost.exe,10.18,1.74,1.74,10.18,3
2026-09-16 23:32:50,14368,ApplicationFrameHost.exe,73.54,59.09,59.09,73.54,6
2026-09-16 23:32:50,14424,UserOOBEBroker.exe,12.17,2.02,2.02,12.17,3
2026-09-16 23:32:50,14432,WidgetService.exe,11.45,4.85,4.85,11.45,5
2026-09-16 23:32:50,14448,svchost.exe,24.5,8.06,,24.5,12
2026-09-16 23:32:50,14456,powershell.exe,73.67,68.14,68.14,73.67,11
2026-09-16 23:32:50,14552,svchost.exe,33.86,24.9,,33.86,28
2026-09-16 23:32:50,14712,svchost.exe,19.54,4.12,,19.54,5
2026-09-16 23:32:50,14772,svchost.exe,8.94,1.8,,8.94,1
2026-09-16 23:32:50,14880,svchost.exe,10.8,2.41,2.41,10.8,2
2026-09-16 23:32:50,14892,conhost.exe,7.38,1.21,,7.38,2
2026-09-16 23:32:50,14900,svchost.exe,29.86,11.37,11.37,29.86,10
2026-09-16 23:32:50,15096,chrome.exe,19.57,10.21,10.21,19.57,13
2026-09-16 23:32:50,15148,AdskAccessUIHost.exe,18.77,14.55,14.55,18.77,17
2026-09-16 23:32:50,15248,Code.exe,284.09,322.9,322.9,284.09,26
2026-09-16 23:32:50,15540,VBoxSDS.exe,17.32,4.77,,17.32,5
2026-09-16 23:32:50,15572,Code.exe,318.01,404.35,404.35,318.01,11
2026-09-16 23:32:50,15624,svchost.exe,16.31,4.2,,16.31,2
2026-09-16 23:32:50,15744,mscopilot.exe,119.45,40.14,40.14,119.45,56
2026-09-16 23:32:50,15848,pet.exe,8.79,4.09,4.09,8.79,13
2026-09-16 23:32:50,15928,svchost.exe,15.98,3.84,,15.98,12
2026-09-16 23:32:50,15952,NVIDIA Overlay.exe,26.57,48.48,48.48,26.57,26
2026-09-16 23:32:50,16080,msedgewebview2.exe,116.71,118.87,118.87,116.71,25
2026-09-16 23:32:50,16276,Code.exe,26.29,177.0,177.0,26.29,51
2026-09-16 23:32:50,16284,EpicWebHelper.exe,22.29,62.33,62.33,22.29,12
2026-09-16 23:32:50,16320,ASUSSmartDisplayControl.exe,3.02,2.33,,3.02,3
2026-09-16 23:32:50,16336,CrossDeviceResume.exe,20.54,38.64,38.64,20.54,7
2026-09-16 23:32:50,16652,VirtualBox.exe,31.61,90.54,90.54,31.61,12
2026-09-16 23:32:50,16700,mscopilot.exe,39.07,11.89,11.89,39.07,22
2026-09-16 23:32:50,16900,chrome.exe,50.93,20.39,20.39,50.93,22
2026-09-16 23:32:50,16944,dllhost.exe,12.33,2.61,2.61,12.33,2
2026-09-16 23:32:50,17000,mscopilot.exe,40.36,60.48,60.48,40.36,16
2026-09-16 23:32:50,17004,Code.exe,148.43,224.54,224.54,148.43,25
2026-09-16 23:32:50,17076,svchost.exe,18.89,3.67,3.67,18.89,5
2026-09-16 23:32:50,17308,SecurityHealthSystray.exe,12.42,1.87,1.87,12.42,1
2026-09-16 23:32:50,17328,brave.exe,218.68,105.55,105.55,218.68,45
2026-09-16 23:32:50,17364,svchost.exe,7.68,1.57,,7.68,5
2026-09-16 23:32:50,17504,chrome.exe,174.41,260.7,260.7,174.41,24
2026-09-16 23:32:50,17572,RuntimeBroker.exe,20.47,3.54,3.54,20.47,4
2026-09-16 23:32:50,17720,conhost.exe,7.63,1.16,1.16,7.63,2
2026-09-16 23:32:50,17728,svchost.exe,30.77,10.57,10.57,30.77,4
2026-09-16 23:32:50,17792,svchost.exe,7.55,1.36,1.36,7.55,4
2026-09-16 23:32:50,18216,NVIDIA Overlay.exe,13.91,9.14,9.14,13.91,10
2026-09-16 23:32:50,18400,SecurityHealthService.exe,14.79,8.37,,14.79,9
2026-09-16 23:32:50,18436,Code.exe,135.77,167.57,167.57,135.77,19
2026-09-16 23:32:50,18560,csrss.exe,8.7,3.66,,8.7,22
2026-09-16 23:32:50,18588,svchost.exe,7.41,1.67,,7.41,5
2026-09-16 23:32:50,18620,SearchFilterHost.exe,11.77,2.25,,11.77,4
2026-09-16 23:32:50,18724,svchost.exe,9.88,2.19,,9.88,6
2026-09-16 23:32:50,18908,svchost.exe,20.17,4.65,4.65,20.17,4
2026-09-16 23:32:50,19348,FileSyncHelper.exe,21.22,7.23,,21.22,4
2026-09-16 23:32:50,19396,svchost.exe,8.51,1.55,,8.51,2
2026-09-16 23:32:50,19528,svchost.exe,28.12,5.89,,28.12,5
2026-09-16 23:32:50,19584,dllhost.exe,22.56,3.18,3.18,22.56,3
2026-09-16 23:32:50,19604,Code.exe,42.32,87.57,87.57,42.32,24
2026-09-16 23:32:50,20004,AsHotplugCtrl.exe,1.25,1.31,,1.25,1
2026-09-16 23:32:50,20052,SearchFilterHost.exe,25.9,31.35,,25.9,3
2026-09-16 23:32:50,20152,AsusOptimizationStartupTask.exe,9.49,3.34,3.34,9.49,7
2026-09-16 23:32:50,20296,AsusSoftwareManagerAgent.exe,28.71,40.04,,28.71,8
2026-09-16 23:32:50,20520,AcPowerNotification.exe,18.29,56.37,,18.29,19
2026-09-16 23:32:50,20780,taskhostw.exe,21.68,6.48,6.48,21.68,9
2026-09-16 23:32:50,20800,msedgewebview2.exe,60.33,83.38,83.38,60.33,19
2026-09-16 23:32:50,20928,BlueStacksServices.exe,18.68,57.81,57.81,18.68,25
2026-09-16 23:32:50,21224,RuntimeBroker.exe,34.51,10.32,10.32,34.51,42
2026-09-16 23:32:50,21412,ipf_helper.exe,11.6,1.99,1.99,11.6,4
2026-09-16 23:32:50,21584,dwm.exe,98.23,239.98,,98.23,19
2026-09-16 23:32:50,21592,Code.exe,15.27,9.7,9.7,15.27,7
2026-09-16 23:32:50,21704,asus_framework.exe,17.89,78.31,,17.89,41
2026-09-16 23:32:50,21752,chrome.exe,62.4,43.45,43.45,62.4,25
2026-09-16 23:32:50,21756,EpicGamesLauncher.exe,57.03,289.58,289.58,57.03,91
2026-09-16 23:32:50,21788,BlueStacksServices.exe,11.61,20.77,20.77,11.61,15
2026-09-16 23:32:50,21892,EpicWebHelper.exe,22.97,29.5,29.5,22.97,8
2026-09-16 23:32:50,22072,StartMenuExperienceHost.exe,112.75,107.68,107.68,112.75,16
2026-09-16 23:32:50,22144,svchost.exe,23.61,4.7,4.7,23.61,7
2026-09-16 23:32:51,22200,asus_framework.exe,4.46,15.2,,4.46,14
2026-09-16 23:32:51,22424,svchost.exe,20.54,4.55,,20.54,9
2026-09-16 23:32:51,22608,RuntimeBroker.exe,21.28,6.06,6.06,21.28,3
2026-09-16 23:32:51,22628,brave.exe,244.61,178.82,178.82,244.61,22
2026-09-16 23:32:51,22648,AppActions.exe,14.79,12.0,12.0,14.79,7
2026-09-16 23:32:51,22656,nvcontainer.exe,11.24,11.07,11.07,11.24,17
2026-09-16 23:32:51,22788,servicehost.exe,38.52,36.4,,38.52,96
2026-09-16 23:32:51,22812,msedgewebview2.exe,12.34,2.89,2.89,12.34,8
2026-09-16 23:32:51,22924,RuntimeBroker.exe,13.8,2.43,2.43,13.8,3
2026-09-16 23:32:51,23148,CrossDeviceService.exe,33.32,20.69,20.69,33.32,13
2026-09-16 23:32:51,23248,svchost.exe,11.61,3.09,,11.61,6
2026-09-16 23:32:51,23324,sihost.exe,33.97,7.88,7.88,33.97,13
2026-09-16 23:32:51,23504,svchost.exe,7.21,1.5,,7.21,5
2026-09-16 23:32:51,23648,AdskAccessUIHost.exe,29.44,82.74,82.74,29.44,47
2026-09-16 23:32:51,23724,powershell.exe,47.88,70.55,70.55,47.88,9
2026-09-16 23:32:51,23828,RtkAudUService64.exe,13.72,30.01,30.01,13.72,12
2026-09-16 23:32:51,23872,chrome.exe,152.03,343.04,343.04,152.03,28
2026-09-16 23:32:51,24032,ArmourySocketServer.exe,0.95,4.91,,0.95,17
2026-09-16 23:32:51,24404,OfficeClickToRun.exe,22.32,36.93,,22.32,19
2026-09-16 23:32:51,24540,AdskIdentityManager.exe,17.23,8.97,8.97,17.23,22
2026-09-16 23:32:51,24604,AsusScreenXpertUI.exe,16.66,3.25,,16.66,3
2026-09-16 23:32:51,24648,dllhost.exe,16.41,2.16,2.16,16.41,3
2026-09-16 23:32:51,24688,ArmouryHtmlDebugServer.exe,1.05,1.31,,1.05,2
2026-09-16 23:32:51,24772,VirtualBoxVM.exe,5.63,3.07,3.07,5.63,1
2026-09-16 23:32:51,24904,AdskAccessUIHost.exe,20.49,63.66,63.66,20.49,14
2026-09-16 23:32:51,24980,NVDisplay.Container.exe,28.93,35.52,,28.93,28
2026-09-16 23:32:51,25160,OpenConsole.exe,11.3,2.23,2.23,11.3,4
2026-09-16 23:32:51,25244,cmd.exe,7.56,3.34,3.34,7.56,1
2026-09-16 23:32:51,25436,VirtualBoxVM.exe,9.34,2.29,2.29,9.34,1
2026-09-16 23:32:51,25476,msedgewebview2.exe,30.59,13.66,13.66,30.59,20
2026-09-16 23:32:51,25656,PSExpressCore.exe,69.16,90.33,90.33,69.16,26
2026-09-16 23:32:51,25788,brave.exe,112.2,59.98,59.98,112.2,22
2026-09-16 23:32:51,25880,SearchHost.exe,93.23,78.23,78.23,93.23,11
2026-09-16 23:32:51,25908,SearchFilterHost.exe,13.43,2.53,,13.43,5
2026-09-16 23:32:51,26072,RuntimeBroker.exe,50.97,15.82,15.82,50.97,15
2026-09-16 23:32:51,26128,svchost.exe,6.18,2.29,,6.18,3
2026-09-16 23:32:51,26444,chrome.exe,10.23,2.51,2.51,10.23,7
2026-09-16 23:32:51,26724,BlueStacksServices.exe,36.7,59.75,59.75,36.7,29
2026-09-16 23:32:51,26844,AdskAccessUIHost.exe,15.36,50.38,50.38,15.36,23
2026-09-16 23:32:51,27008,svchost.exe,12.48,3.43,,12.48,4
2026-09-16 23:32:51,27328,EpicOnlineServicesUserHelper.exe,14.88,59.93,59.93,14.88,11
2026-09-16 23:32:51,27392,ctfmon.exe,25.48,6.22,,25.48,14
2026-09-16 23:32:51,27432,chrome.exe,57.36,38.63,38.63,57.36,24
2026-09-16 23:32:51,27440,OpenConsole.exe,11.6,2.25,2.25,11.6,4
2026-09-16 23:32:51,27464,Code.exe,35.7,125.77,125.77,35.7,23
2026-09-16 23:32:51,27560,LockApp.exe,40.86,46.33,46.33,40.86,18
2026-09-16 23:32:51,27604,fontdrvhost.exe,7.69,3.7,,7.69,5
2026-09-16 23:32:51,27656,SearchProtocolHost.exe,17.23,9.45,,17.23,7
2026-09-16 23:32:51,27708,NVIDIA Overlay.exe,22.01,11.48,11.48,22.01,20
2026-09-16 23:32:51,27764,OpenConsole.exe,10.86,2.25,2.25,10.86,4
2026-09-16 23:32:51,27848,SearchFilterHost.exe,11.91,2.34,,11.91,2
2026-09-16 23:32:51,28084,nvsphelper64.exe,15.5,3.43,,15.5,6
2026-09-16 23:32:51,28256,AsMonitorControl.exe,1.49,1.24,,1.49,2
2026-09-16 23:32:51,28396,SearchFilterHost.exe,14.42,3.64,,14.42,6
2026-09-16 23:32:51,28908,brave.exe,47.05,64.16,64.16,47.05,21
2026-09-16 23:32:51,28968,svchost.exe,12.83,2.32,,12.83,3
2026-09-16 23:32:51,29264,BlueStacksServices.exe,16.96,13.3,13.3,16.96,9
2026-09-16 23:32:51,29308,explorer.exe,293.68,345.3,345.3,293.68,84
2026-09-16 23:32:51,29312,browserhost.exe,19.29,7.01,7.01,19.29,38
2026-09-16 23:32:51,29428,PSExpressBroker.exe,50.77,26.32,26.32,50.77,34
2026-09-16 23:32:51,29440,ArmouryCrate.exe,2.21,52.72,52.72,2.21,12
2026-09-16 23:32:51,29496,EOSOverlayRenderer-Win64-Shipping.exe,59.22,49.97,49.97,59.22,26
2026-09-16 23:32:51,29972,PhoneExperienceHost.exe,173.46,74.87,74.87,173.46,17
2026-09-16 23:32:51,30104,backgroundTaskHost.exe,60.3,24.33,24.33,60.3,6
2026-09-16 23:32:51,30132,SearchFilterHost.exe,13.33,3.79,,13.33,4
2026-09-16 23:32:51,30140,brave.exe,19.17,8.93,8.93,19.17,10
2026-09-16 23:32:51,30300,chrome.exe,39.68,60.19,60.19,39.68,14
2026-09-16 23:32:51,31284,brave.exe,227.35,304.79,304.79,227.35,49
2026-09-16 23:32:51,31432,brave.exe,20.13,10.1,10.1,20.13,11
2026-09-16 23:32:51,31500,brave.exe,8.86,2.38,2.38,8.86,7
2026-09-16 23:32:51,31520,brave.exe,50.61,19.39,19.39,50.61,19
